job_id,case_id,family,B5,B4,reason,replay_required,complete_wrench_observed,longest_decisive_load_during_common_s,no_load_definite_s,no_load_possible_s,independent_geometry_error_m,metadata_sha256
000f79d7478981cbe989,v3_new1_cube_random_05,cube_random,FAIL,FAIL,UNCHANGED_COMMON_CONDITION_FAIL,False,False,,,,,
008da7e74f78f588b3ec,v3_new3_bar_random_10,bar_random,FAIL,FAIL,NO_QUALIFYING_CONTINUOUS_INTERVAL,True,True,15.31,0.0,0.0,5.551115123125783e-17,8230dd7817ce7c2e909d2fcc42eb6f9e698247e54683c3e866b1da900d7a2386
00ab82b10edc360a7497,v3_new2_bar_random_03,bar_random,FAIL,FAIL,NO_QUALIFYING_CONTINUOUS_INTERVAL,True,True,15.604000000000001,0.0,0.0,5.551115123125783e-17,8df3c892fa012e6e1afecec668248223c59c8cec1d532f0566130321a68ae2aa
010a8063861c63b878ee,v3_new1_cube_random_08,cube_random,FAIL,FAIL,NO_QUALIFYING_CONTINUOUS_INTERVAL,True,True,20.342,0.002,0.002,5.551115123125783e-17,b337814ba73f6e50991026dd2acd2dc56d377f1c279d46e6a8ce81e2bbfe9e34
0112511ef0c6815bdb33,v3_new1_bar_random_08,bar_random,FAIL,FAIL,UNCHANGED_COMMON_CONDITION_FAIL,False,False,,,,,
0303e45357e1cd864171,v3_new1_cube_random_18,cube_random,FAIL,FAIL,NO_QUALIFYING_CONTINUOUS_INTERVAL,True,True,15.6,0.0,0.0,5.551115123125783e-17,de66ba634c6e72f3a4bb134c568f37645a03545a194bc7cdab7e39ed2653c04d
0405215aa279dc85cb11,v3_new1_cube_random_15,cube_random,FAIL,FAIL,NO_QUALIFYING_CONTINUOUS_INTERVAL,True,True,15.096,0.004,0.004,5.551115123125783e-17,1ca560b8cd24f004762f0ec25895ce53caed4202b9fe775b1089e4e0a0f0eb84
041db92f0efc819550aa,v3_new2_bar_random_13,bar_random,FAIL,FAIL,UNCHANGED_COMMON_CONDITION_FAIL,False,False,,,,,
0423e824b2fc2d164257,v3_new1_bar_random_19,bar_random,FAIL,FAIL,UNCHANGED_COMMON_CONDITION_FAIL,False,False,,,,,
0424f1cbc0b544b69002,v3_new2_bar_random_12,bar_random,FAIL,FAIL,UNCHANGED_COMMON_CONDITION_FAIL,False,False,,,,,
048c3b225e41567fae90,v3_new3_cube_random_09,cube_random,FAIL,FAIL,UNCHANGED_COMMON_CONDITION_FAIL,False,False,,,,,
055ba35e68e8fa994b1a,v3_new3_cube_random_16,cube_random,FAIL,FAIL,NO_QUALIFYING_CONTINUOUS_INTERVAL,True,True,15.214,0.0,0.0,5.551115123125783e-17,5046196fdffd5271e4dea1fee62ba3bd9bde1d882fd5c43b8fbfc561ecfaa70e
0595e356e7747a5f25f2,v3_new3_flat_box_random_12,flat_box_random,FAIL,FAIL,NO_QUALIFYING_CONTINUOUS_INTERVAL,True,True,15.248000000000001,0.0,0.0,2.7755575615628914e-17,713c75db0b91ac2cf27ac001764123d0e4846f95c5e9199fb0bfaa765b3e3806
05ae1c3ffb8e4806c0cd,v3_new2_cube_random_17,cube_random,FAIL,FAIL,UNCHANGED_COMMON_CONDITION_FAIL,False,False,,,,,
061068bea9418d4b7a89,v3_new2_cube_random_05,cube_random,FAIL,FAIL,NO_QUALIFYING_CONTINUOUS_INTERVAL,True,True,20.382,0.0,0.0,5.551115123125783e-17,29bbed6d41894a5522ce76ea5641719866b387ac0c8d6d347206ff914b59e8f5
062c3834bce9b70bbf54,v3_new3_cube_random_15,cube_random,FAIL,FAIL,NO_QUALIFYING_CONTINUOUS_INTERVAL,True,True,15.454,0.002,0.002,5.551115123125783e-17,7cbbf9a71c396d786c6c8f6f69d709373aecba41ba086629b36e8adbd09f9525
06f591211be1b388dcc6,v3_new3_bar_random_01,bar_random,FAIL,FAIL,UNCHANGED_COMMON_CONDITION_FAIL,False,False,,,,,
08b8b1e056fa032637cb,v3_new2_bar_random_11,bar_random,FAIL,FAIL,UNCHANGED_COMMON_CONDITION_FAIL,False,False,,,,,
091d76ef1460ec885957,v3_new2_cube_random_08,cube_random,FAIL,FAIL,NO_QUALIFYING_CONTINUOUS_INTERVAL,True,True,17.06,0.0,0.0,5.551115123125783e-17,5f29629540630199badb0b5e39e191c3eaac1bb2ad5662ef9f33f4712a76294a
09b975f1fc05f1423d62,v3_new3_flat_box_random_06,flat_box_random,FAIL,FAIL,UNCHANGED_COMMON_CONDITION_FAIL,False,False,,,,,
09eccb9ca9e18a3c22a6,v3_new1_cube_random_16,cube_random,FAIL,FAIL,UNCHANGED_COMMON_CONDITION_FAIL,False,False,,,,,
0a0ffcbc8177c656ee66,v3_new2_bar_random_01,bar_random,FAIL,FAIL,NO_QUALIFYING_CONTINUOUS_INTERVAL,True,True,15.874,0.0,0.0,5.551115123125783e-17,fcdae3846371717da70c5b486cc92541597ef298923cb033f673ab3ccbb10f10
0a130a89cd7928d063df,v3_new1_cube_random_08,cube_random,FAIL,FAIL,NO_QUALIFYING_CONTINUOUS_INTERVAL,True,True,17.068,0.0,0.0,5.551115123125783e-17,1f9862e06985f8610ee85a68abcc9d50675b5e9cd1e62fa4a37bf0fba5a2eb0f
0ac29e9df6def4361487,v3_new3_cube_random_10,cube_random,FAIL,FAIL,UNCHANGED_COMMON_CONDITION_FAIL,False,False,,,,,
0b45ba6d941ca2034a78,v3_new2_bar_random_11,bar_random,FAIL,FAIL,NO_QUALIFYING_CONTINUOUS_INTERVAL,True,True,16.02,0.0,0.0,5.551115123125783e-17,0d4c417e998b61be313d7b3d0bb14eb4da1286ad86e38662f5939dcf097e1e7c
0b97b25b77043ad04947,v3_new2_cube_random_12,cube_random,FAIL,FAIL,NO_QUALIFYING_CONTINUOUS_INTERVAL,True,True,15.114,0.01,0.01,5.551115123125783e-17,f221bb9ab944f1b227bc62b015b1f3908d5ccc7a4d8a599dc82e921edb880054
0b9b0e82e7411e45adc8,v3_new2_bar_random_13,bar_random,FAIL,FAIL,UNCHANGED_COMMON_CONDITION_FAIL,False,False,,,,,
0baa60ea00da6a226cd4,v3_new1_cube_random_15,cube_random,FAIL,FAIL,NO_QUALIFYING_CONTINUOUS_INTERVAL,True,True,20.406,0.0,0.0,5.551115123125783e-17,637f42ae00f992f22cb5c1cc08d22be06b0335500c0c13d514998643619e755e
0ca6a262c4627074cb7c,v3_new3_cube_random_14,cube_random,FAIL,FAIL,UNCHANGED_COMMON_CONDITION_FAIL,False,False,,,,,
0d36d876b2eb6dad3107,v3_new3_cube_random_05,cube_random,FAIL,FAIL,UNCHANGED_COMMON_CONDITION_FAIL,False,False,,,,,
0d9a1fcbdebd5ea5aa95,v3_new2_flat_box_random_06,flat_box_random,FAIL,FAIL,UNCHANGED_COMMON_CONDITION_FAIL,False,False,,,,,
0dd3381d08dfdcc8359e,v3_new1_flat_box_random_05,flat_box_random,FAIL,FAIL,UNCHANGED_COMMON_CONDITION_FAIL,False,False,,,,,
0e21aea6f2d41b66ed7b,v3_new2_bar_random_19,bar_random,FAIL,FAIL,NO_QUALIFYING_CONTINUOUS_INTERVAL,True,True,15.138,0.0,0.0,5.551115123125783e-17,34d70076cb65fb2ede9d46f5fb141b76a3f84c55cff1d9d7c4b143015cda2fca
0f45da9a83ae5e65dd61,v3_new3_bar_random_01,bar_random,FAIL,FAIL,UNCHANGED_COMMON_CONDITION_FAIL,False,False,,,,,
0fa0f3e432a60e4c0354,v3_new2_bar_random_03,bar_random,FAIL,FAIL,NO_QUALIFYING_CONTINUOUS_INTERVAL,True,True,15.546000000000001,0.0,0.0,5.551115123125783e-17,b4ec6e4ae9ebe30dade25387cc978017a21e721e44a2ce632e9befb1166f71c7
0ff5d4e446e54f7fa81f,v3_new2_bar_random_11,bar_random,FAIL,FAIL,NO_QUALIFYING_CONTINUOUS_INTERVAL,True,True,15.804,0.0,0.0,5.551115123125783e-17,30c8e0697f76a70d70b2e452a63dea3713588befd247c82e737a2d3fa0157929
113bee4e5fa6da5ac613,v3_new2_cube_random_07,cube_random,FAIL,FAIL,UNCHANGED_COMMON_CONDITION_FAIL,False,False,,,,,
1156d7c7a5591a189bd5,v3_new1_cube_random_00,cube_random,FAIL,FAIL,UNCHANGED_COMMON_CONDITION_FAIL,False,False,,,,,
1238901ea4fc91d99ab8,v3_new1_flat_box_random_06,flat_box_random,FAIL,FAIL,UNCHANGED_COMMON_CONDITION_FAIL,False,False,,,,,
123fc595fd196458c13c,v3_new1_bar_random_08,bar_random,FAIL,FAIL,NO_QUALIFYING_CONTINUOUS_INTERVAL,True,True,15.73,0.0,0.0,5.551115123125783e-17,983e4c42d5df634bd31a5426de4469b5a164278d73e882eb05ebb498b521b52e
124a9dda1219e9883ad6,v3_new2_cube_random_07,cube_random,FAIL,FAIL,UNCHANGED_COMMON_CONDITION_FAIL,False,False,,,,,
1488a3f86246e514c72d,v3_new3_cube_random_11,cube_random,FAIL,FAIL,UNCHANGED_COMMON_CONDITION_FAIL,False,False,,,,,
15aca29cbc678b952969,v3_new1_cube_random_04,cube_random,FAIL,FAIL,NO_QUALIFYING_CONTINUOUS_INTERVAL,True,True,15.112,0.016,0.016,6.938893903907228e-17,ba1f4f4f391029b6985f9fd220cb6c86bda6f17e8be5004b358bd7aab72942f5
1895a4e1ab8b8e834d18,v3_new2_cube_random_12,cube_random,FAIL,FAIL,UNCHANGED_COMMON_CONDITION_FAIL,False,False,,,,,
195cabe85b0b8c746546,v3_new3_cube_random_10,cube_random,FAIL,FAIL,UNCHANGED_COMMON_CONDITION_FAIL,False,False,,,,,
197d5cfee7ad00cca509,v3_new2_flat_box_random_13,flat_box_random,FAIL,FAIL,UNCHANGED_COMMON_CONDITION_FAIL,False,False,,,,,
19a8dbe677ea8ddd6ce2,v3_new2_bar_random_11,bar_random,FAIL,FAIL,NO_QUALIFYING_CONTINUOUS_INTERVAL,True,True,15.748000000000001,0.0,0.0,5.551115123125783e-17,b7ca7f1918f35adb01bce94aba5bdc152449a33a4cc7d8b684cde564913f597c
1a19afc8b692eca1e794,v3_new2_cube_random_00,cube_random,FAIL,FAIL,NO_QUALIFYING_CONTINUOUS_INTERVAL,True,True,23.43,0.0,0.0,5.551115123125783e-17,5639973764b58e9cce6aface26ddf24b370c38a1bd21334dfc91ebe0bef413fa
1b00e67f0eb85d6a0ef7,v3_new1_cube_random_12,cube_random,FAIL,FAIL,NO_QUALIFYING_CONTINUOUS_INTERVAL,True,True,15.082,0.066,0.066,6.938893903907228e-17,ed9295557493cfaa9778c225e649b8757bacd57732db793bae645d76426d0c5d
1bcd7493f3c026741d16,v3_new3_bar_random_02,bar_random,FAIL,FAIL,UNCHANGED_COMMON_CONDITION_FAIL,False,False,,,,,
1bf569f6745a27107d1e,v3_new1_flat_box_random_16,flat_box_random,FAIL,FAIL,UNCHANGED_COMMON_CONDITION_FAIL,False,False,,,,,
1d2a911c07d4fa1acc01,v3_new2_cube_random_13,cube_random,FAIL,FAIL,UNCHANGED_COMMON_CONDITION_FAIL,False,False,,,,,
1d7b3382f59c289feb96,v3_new1_bar_random_17,bar_random,FAIL,FAIL,UNCHANGED_COMMON_CONDITION_FAIL,False,False,,,,,
1d7dac40dd58d6aff44a,v3_new2_bar_random_01,bar_random,FAIL,FAIL,UNCHANGED_COMMON_CONDITION_FAIL,False,False,,,,,
1e39c8938b5b24fe9da0,v3_new1_cube_random_17,cube_random,FAIL,FAIL,NO_QUALIFYING_CONTINUOUS_INTERVAL,True,True,23.46,0.0,0.0,5.551115123125783e-17,e1e58ea78caac42907f48345bdfd7ba3f8e347db4882dd98107e53cfb3a28b3f
1e73f5d19433c108bb95,v3_new1_flat_box_random_06,flat_box_random,FAIL,FAIL,UNCHANGED_COMMON_CONDITION_FAIL,False,False,,,,,
1e8d2a53127dcda4123f,v3_new2_flat_box_random_06,flat_box_random,FAIL,FAIL,UNCHANGED_COMMON_CONDITION_FAIL,False,False,,,,,
1f7c1b3b970c1ff4217f,v3_new1_cube_random_11,cube_random,FAIL,FAIL,NO_QUALIFYING_CONTINUOUS_INTERVAL,True,True,20.434,0.0,0.0,5.551115123125783e-17,37cc05a4fb801982002db7957d686150c8644c75be49b7ed1e3f1de42562df62
201086aa45c5cc147335,v3_new3_bar_random_15,bar_random,FAIL,FAIL,UNCHANGED_COMMON_CONDITION_FAIL,False,False,,,,,
20225c2f7a40ddef24db,v3_new1_cube_random_15,cube_random,FAIL,FAIL,NO_QUALIFYING_CONTINUOUS_INTERVAL,True,True,15.32,0.0,0.0,5.551115123125783e-17,8f1d4104c01176640e641d3a2af752e163cc6c59e350dd9bd717642c2959e226
209225234d25292a669e,v3_new2_cube_random_13,cube_random,FAIL,FAIL,NO_QUALIFYING_CONTINUOUS_INTERVAL,True,True,21.044,0.0,0.0,6.938893903907228e-17,8ce8082511ef83d75ea47f799febc22980d40b93876be4289b02bb48e0bd6003
209b01b25ff9520dadc8,v3_new3_bar_random_05,bar_random,FAIL,FAIL,NO_QUALIFYING_CONTINUOUS_INTERVAL,True,True,15.344000000000001,0.0,0.0,5.551115123125783e-17,279f89d4864455bebf848a7a737507150acc7248676b56c99cc88fa3e96afa40
20a66baae3530c22a93a,v3_new1_cube_random_14,cube_random,FAIL,FAIL,NO_QUALIFYING_CONTINUOUS_INTERVAL,True,True,15.196,0.0,0.0,5.551115123125783e-17,db064114bb7909ec3b821ba9edc9a2ddf5eed8979c4652dc8f53c8c443f13121
20c2929824e24dd65512,v3_new3_bar_random_10,bar_random,FAIL,FAIL,UNCHANGED_COMMON_CONDITION_FAIL,False,False,,,,,
20d34f0c7072bd4fe774,v3_new3_flat_box_random_09,flat_box_random,FAIL,FAIL,UNCHANGED_COMMON_CONDITION_FAIL,False,False,,,,,
21e83a4f9cf0d45f6319,v3_new1_cube_random_14,cube_random,FAIL,FAIL,UNCHANGED_COMMON_CONDITION_FAIL,False,False,,,,,
21f8d90ea02c9ae8069e,v3_new3_bar_random_05,bar_random,FAIL,FAIL,NO_QUALIFYING_CONTINUOUS_INTERVAL,True,True,15.654,0.0,0.0,5.551115123125783e-17,7ab7a2c2f4d767f982cebc0af20ffde7a95525f0a81279f04e9a1f76251ccff9
22542184062de5808e08,v3_new1_cube_random_14,cube_random,FAIL,FAIL,NO_QUALIFYING_CONTINUOUS_INTERVAL,True,True,23.432000000000002,0.0,0.0,5.551115123125783e-17,6c3127e2abfc27bfe84988a2d20f1cb66a5b46c63f4e87393ec7dc147953ce72
22883faa361099e8d2d5,v3_new3_bar_random_12,bar_random,FAIL,FAIL,NO_QUALIFYING_CONTINUOUS_INTERVAL,True,True,16.072,0.0,0.0,5.551115123125783e-17,0c3bd061ab2cdd1ab10e51baed7ede82ef6d113de4022f9a6bdc1a18005a3662
230d60644759a40ae703,v3_new2_cube_random_09,cube_random,FAIL,FAIL,UNCHANGED_COMMON_CONDITION_FAIL,False,False,,,,,
2459536dbb2e521b16ea,v3_new1_cube_random_08,cube_random,FAIL,FAIL,UNCHANGED_COMMON_CONDITION_FAIL,False,False,,,,,
24af05a83d2b6a8d9a1d,v3_new3_flat_box_random_09,flat_box_random,FAIL,FAIL,NO_QUALIFYING_CONTINUOUS_INTERVAL,True,True,15.422,0.002,0.002,2.7755575615628914e-17,d86a98262506ab325b0a4a696e3174c6fd8b101064b0daa3fc2849394b1e751b
24fb7a89666377b5d4c1,v3_new1_cube_random_07,cube_random,FAIL,FAIL,UNCHANGED_COMMON_CONDITION_FAIL,False,False,,,,,
255c18496f7c2ceee04a,v3_new3_bar_random_15,bar_random,FAIL,FAIL,UNCHANGED_COMMON_CONDITION_FAIL,False,False,,,,,
257ef0d4840005b09ea5,v3_new1_cube_random_09,cube_random,FAIL,FAIL,UNCHANGED_COMMON_CONDITION_FAIL,False,False,,,,,
292a22ece26fe9c0cc6d,v3_new1_cube_random_05,cube_random,FAIL,FAIL,NO_QUALIFYING_CONTINUOUS_INTERVAL,True,True,15.314,0.0,0.0,5.551115123125783e-17,43f62dc997fe7e5b23866f0f266e833f03c1817b85b3ddfc877518c9eefa35bc
29b0482047229b5f1aa8,v3_new2_bar_random_03,bar_random,FAIL,FAIL,UNCHANGED_COMMON_CONDITION_FAIL,False,False,,,,,
29b69633c5f8ab01ed1d,v3_new1_cube_random_11,cube_random,FAIL,FAIL,UNCHANGED_COMMON_CONDITION_FAIL,False,False,,,,,
29c2cbcabd4b3132d45b,v3_new1_bar_random_17,bar_random,FAIL,FAIL,UNCHANGED_COMMON_CONDITION_FAIL,False,False,,,,,
29e7d145855e7beb7912,v3_new1_cube_random_09,cube_random,FAIL,FAIL,UNCHANGED_COMMON_CONDITION_FAIL,False,False,,,,,
2a1c58e342efb8b71586,v3_new1_bar_random_08,bar_random,FAIL,FAIL,UNCHANGED_COMMON_CONDITION_FAIL,False,False,,,,,
2b4edf07cd8a65ef6986,v3_new2_cube_random_11,cube_random,FAIL,FAIL,UNCHANGED_COMMON_CONDITION_FAIL,False,False,,,,,
2b789eacdb4a8b0b27dd,v3_new1_bar_random_07,bar_random,FAIL,FAIL,UNCHANGED_COMMON_CONDITION_FAIL,False,False,,,,,
2c83c954f73b940851d9,v3_new3_bar_random_00,bar_random,FAIL,FAIL,NO_QUALIFYING_CONTINUOUS_INTERVAL,True,True,15.43,0.0,0.0,5.551115123125783e-17,c101c49d1445b8f8d039dd26517b848b7643f69121da0e123657ea8f5a9f9e2f
2c87c88a29836d7a0d0c,v3_new1_cube_random_17,cube_random,FAIL,FAIL,UNCHANGED_COMMON_CONDITION_FAIL,False,False,,,,,
2d346c463384e9f17f14,v3_new3_flat_box_random_12,flat_box_random,FAIL,FAIL,UNCHANGED_COMMON_CONDITION_FAIL,False,False,,,,,
2eab5d51d67bf9e725a5,v3_new1_cube_random_18,cube_random,FAIL,FAIL,UNCHANGED_COMMON_CONDITION_FAIL,False,False,,,,,
2f2e9ee2151859c60abf,v3_new1_flat_box_random_09,flat_box_random,FAIL,FAIL,UNCHANGED_COMMON_CONDITION_FAIL,False,False,,,,,
305791547d45a614cf58,v3_new3_cube_random_04,cube_random,FAIL,FAIL,UNCHANGED_COMMON_CONDITION_FAIL,False,False,,,,,
30f058bc76d41f3f1a96,v3_new3_cube_random_12,cube_random,FAIL,FAIL,NO_QUALIFYING_CONTINUOUS_INTERVAL,True,True,15.088000000000001,0.038,0.038,5.551115123125783e-17,07184abfb172660bf0a7b233b99567a843965c8de186fc031e383998fab9a723
317794d2476e34e96666,v3_new2_cube_random_09,cube_random,FAIL,FAIL,UNCHANGED_COMMON_CONDITION_FAIL,False,False,,,,,
32b25ae706e06c42392b,v3_new3_cube_random_16,cube_random,FAIL,FAIL,UNCHANGED_COMMON_CONDITION_FAIL,False,False,,,,,
32d1c8904b361818deb8,v3_new2_cube_random_07,cube_random,FAIL,FAIL,NO_QUALIFYING_CONTINUOUS_INTERVAL,True,True,15.742,0.0,0.0,5.551115123125783e-17,b9677f3ba8eba18993df08c99c48675656a73bd0e0719cb41221b2528143a5c6
33cba35890fe1d900031,v3_new1_cube_random_18,cube_random,FAIL,FAIL,NO_QUALIFYING_CONTINUOUS_INTERVAL,True,True,19.294,0.002,0.002,5.551115123125783e-17,e71af694267c43c8df0c35dc07a73bf13331af4f661eb1b825e4407d88c1ade1
33fd0db2cf963265ab5a,v3_new3_flat_box_random_11,flat_box_random,FAIL,FAIL,NO_QUALIFYING_CONTINUOUS_INTERVAL,True,True,20.746,0.002,0.002,2.7755575615628914e-17,c501f231b44eed870ce5018222fd95e0f53ddd0a0add4cc5d399838a8f5e310d
34a44f7bdddb7ac8edfd,v3_new1_cube_random_11,cube_random,FAIL,FAIL,UNCHANGED_COMMON_CONDITION_FAIL,False,False,,,,,
34eb7993ace16735dc93,v3_new3_cube_random_09,cube_random,FAIL,FAIL,NO_QUALIFYING_CONTINUOUS_INTERVAL,True,True,19.586000000000002,0.524,0.524,5.551115123125783e-17,de85344985d7980812baa158b97272d35a301195072efe72b4b6d42f37bde0c8
355e3423621630258a21,v3_new1_bar_random_17,bar_random,FAIL,FAIL,UNCHANGED_COMMON_CONDITION_FAIL,False,False,,,,,
385f6a6c6b78c32fc3a4,v3_new1_cube_random_00,cube_random,FAIL,FAIL,UNCHANGED_COMMON_CONDITION_FAIL,False,False,,,,,
3896ec2d8efdb1ca8a56,v3_new2_cube_random_00,cube_random,FAIL,FAIL,UNCHANGED_COMMON_CONDITION_FAIL,False,False,,,,,
39d620c1733a51b696e2,v3_new3_cube_random_18,cube_random,FAIL,FAIL,UNCHANGED_COMMON_CONDITION_FAIL,False,False,,,,,
3aa9fb26fd096e1cefd4,v3_new3_flat_box_random_00,flat_box_random,FAIL,FAIL,UNCHANGED_COMMON_CONDITION_FAIL,False,False,,,,,
3d2b084dd301a37132f0,v3_new3_cube_random_02,cube_random,FAIL,FAIL,UNCHANGED_COMMON_CONDITION_FAIL,False,False,,,,,
3d6f78d78ecbe7b58ca1,v3_new2_cube_random_19,cube_random,FAIL,FAIL,UNCHANGED_COMMON_CONDITION_FAIL,False,False,,,,,
3e00fb8f2391de27be44,v3_new1_flat_box_random_06,flat_box_random,FAIL,FAIL,UNCHANGED_COMMON_CONDITION_FAIL,False,False,,,,,
3e66a412efa46de95e06,v3_new2_flat_box_random_13,flat_box_random,FAIL,FAIL,UNCHANGED_COMMON_CONDITION_FAIL,False,False,,,,,
3e7365d0d6fb501a126e,v3_new3_flat_box_random_11,flat_box_random,FAIL,FAIL,UNCHANGED_COMMON_CONDITION_FAIL,False,False,,,,,
3f08d6d7545a87690aa7,v3_new3_bar_random_00,bar_random,FAIL,FAIL,UNCHANGED_COMMON_CONDITION_FAIL,False,False,,,,,
3f7e508c014c4872087f,v3_new3_bar_random_12,bar_random,FAIL,FAIL,NO_QUALIFYING_CONTINUOUS_INTERVAL,True,True,15.468,0.0,0.0,5.551115123125783e-17,7f84859bd79c1173e3dd54b0181ce2b0ee5b7720182d0645a47c095057b0a15f
3fb408f86d2aa743ccd0,v3_new2_cube_random_19,cube_random,FAIL,FAIL,UNCHANGED_COMMON_CONDITION_FAIL,False,False,,,,,
3fd64d900f11663f9f36,v3_new1_flat_box_random_16,flat_box_random,FAIL,FAIL,UNCHANGED_COMMON_CONDITION_FAIL,False,False,,,,,
425f5f34cb594ad0b354,v3_new3_cube_random_17,cube_random,FAIL,FAIL,UNCHANGED_COMMON_CONDITION_FAIL,False,False,,,,,
42ca461c12484e2fc753,v3_new2_cube_random_03,cube_random,FAIL,FAIL,NO_QUALIFYING_CONTINUOUS_INTERVAL,True,True,13.472,2.892,2.892,5.551115123125783e-17,4740c8c15950ef1a7b9b7d7da88949483ad9342632ad0730b4725e4a43565aec
42ccdc2d64d5352efd1f,v3_new3_bar_random_09,bar_random,FAIL,FAIL,UNCHANGED_COMMON_CONDITION_FAIL,False,False,,,,,
42d7f6bc04675545b739,v3_new3_cube_random_05,cube_random,FAIL,FAIL,UNCHANGED_COMMON_CONDITION_FAIL,False,False,,,,,
4337641cf619fc546cfe,v3_new2_cube_random_15,cube_random,FAIL,FAIL,UNCHANGED_COMMON_CONDITION_FAIL,False,False,,,,,
438e36967fef406fcd4a,v3_new3_cube_random_15,cube_random,FAIL,FAIL,UNCHANGED_COMMON_CONDITION_FAIL,False,False,,,,,
43a9cb66538f71ebcb24,v3_new1_cube_random_00,cube_random,FAIL,FAIL,UNCHANGED_COMMON_CONDITION_FAIL,False,False,,,,,
43fd7268ab3bc980a3a0,v3_new2_cube_random_13,cube_random,FAIL,FAIL,UNCHANGED_COMMON_CONDITION_FAIL,False,False,,,,,
4474246c14486392d4bd,v3_new3_cube_random_10,cube_random,FAIL,FAIL,UNCHANGED_COMMON_CONDITION_FAIL,False,False,,,,,
44c72d866d9b721836db,v3_new3_cube_random_10,cube_random,FAIL,FAIL,UNCHANGED_COMMON_CONDITION_FAIL,False,False,,,,,
44dbf6b18159f9dbf0e7,v3_new3_cube_random_05,cube_random,FAIL,FAIL,NO_QUALIFYING_CONTINUOUS_INTERVAL,True,True,15.078000000000001,0.5,0.5,5.551115123125783e-17,e884515aed6f7cb6844745ab0ff208af24a95f7c1b342de9a91974880e96c724
4552f6b2625e3db3bdc5,v3_new3_cube_random_03,cube_random,FAIL,FAIL,NO_QUALIFYING_CONTINUOUS_INTERVAL,True,True,15.13,0.31,0.31,5.551115123125783e-17,4257bc5202e1b6466c3604f01e5ba23a19066a77186f1e7cfafaec78bad07c44
45e8d48c4df170daddf3,v3_new1_cube_random_07,cube_random,FAIL,FAIL,UNCHANGED_COMMON_CONDITION_FAIL,False,False,,,,,
4654ffd8a91093ce864a,v3_new1_cube_random_09,cube_random,FAIL,FAIL,UNCHANGED_COMMON_CONDITION_FAIL,False,False,,,,,
474e322f76e678d36753,v3_new1_flat_box_random_06,flat_box_random,FAIL,FAIL,UNCHANGED_COMMON_CONDITION_FAIL,False,False,,,,,
475b7024c155be93e157,v3_new3_cube_random_09,cube_random,FAIL,FAIL,UNCHANGED_COMMON_CONDITION_FAIL,False,False,,,,,
47a3450e28ab08cae611,v3_new3_cube_random_03,cube_random,FAIL,FAIL,UNCHANGED_COMMON_CONDITION_FAIL,False,False,,,,,
4826d8522b09c610fc6d,v3_new2_cube_random_07,cube_random,FAIL,FAIL,UNCHANGED_COMMON_CONDITION_FAIL,False,False,,,,,
488b4878ef0b78a2653a,v3_new2_flat_box_random_06,flat_box_random,FAIL,FAIL,UNCHANGED_COMMON_CONDITION_FAIL,False,False,,,,,
48f4693917d6c6ad3ca8,v3_new3_flat_box_random_06,flat_box_random,FAIL,FAIL,UNCHANGED_COMMON_CONDITION_FAIL,False,False,,,,,
49afef13c80be884b539,v3_new2_cube_random_07,cube_random,FAIL,FAIL,UNCHANGED_COMMON_CONDITION_FAIL,False,False,,,,,
4a289ff9eddb55a0a1dd,v3_new2_bar_random_02,bar_random,FAIL,FAIL,NO_QUALIFYING_CONTINUOUS_INTERVAL,True,True,15.916,0.0,0.0,5.551115123125783e-17,8a61421959a00f3eced1fe4bdc243328dc0e7b51a53d3ae843a518d72fcfb18c
4a9304a2c28934e1d9a9,v3_new3_flat_box_random_00,flat_box_random,FAIL,FAIL,NO_QUALIFYING_CONTINUOUS_INTERVAL,True,True,15.280000000000001,0.0,0.0,4.163336342344337e-17,cd95c2880846834fba6e3111b422bb789e52a8cc7a0c54303a8601c18ab2f2b6
4ae17527c1c1e77b94c1,v3_new2_cube_random_17,cube_random,FAIL,FAIL,UNCHANGED_COMMON_CONDITION_FAIL,False,False,,,,,
4b30f1c2e53b89528832,v3_new2_cube_random_00,cube_random,FAIL,FAIL,NO_QUALIFYING_CONTINUOUS_INTERVAL,True,True,15.97,0.0,0.0,5.551115123125783e-17,b95e8ffbe3008928b0a9c354b729a0ee924116470f37dcd90b96cb3f6d0cb3f5
4b451f63b6079b8171fa,v3_new2_cube_random_11,cube_random,FAIL,FAIL,UNCHANGED_COMMON_CONDITION_FAIL,False,False,,,,,
4b4a0473b4065c3e0347,v3_new3_bar_random_10,bar_random,FAIL,FAIL,UNCHANGED_COMMON_CONDITION_FAIL,False,False,,,,,
4b65591726570fff2abd,v3_new1_cube_random_11,cube_random,FAIL,FAIL,NO_QUALIFYING_CONTINUOUS_INTERVAL,True,True,20.768,0.0,0.0,6.938893903907228e-17,8d316cd9a5e777642403cf067c84fb45c38daec45f19ca0493b84f8d4f54819c
4b69139623526ef5cc6e,v3_new3_bar_random_09,bar_random,FAIL,FAIL,UNCHANGED_COMMON_CONDITION_FAIL,False,False,,,,,
4be2528bf91efcb90ae4,v3_new3_bar_random_18,bar_random,FAIL,FAIL,UNCHANGED_COMMON_CONDITION_FAIL,False,False,,,,,
4dbaff2549e4e1981e25,v3_new3_flat_box_random_17,flat_box_random,FAIL,FAIL,UNCHANGED_COMMON_CONDITION_FAIL,False,False,,,,,
4ddf226bc81a5802897a,v3_new3_flat_box_random_17,flat_box_random,FAIL,FAIL,UNCHANGED_COMMON_CONDITION_FAIL,False,False,,,,,
4f01ba02077dc7840915,v3_new3_bar_random_02,bar_random,FAIL,FAIL,UNCHANGED_COMMON_CONDITION_FAIL,False,False,,,,,
4f2556b82d2db8c4ef1c,v3_new3_cube_random_03,cube_random,FAIL,FAIL,UNCHANGED_COMMON_CONDITION_FAIL,False,False,,,,,
4fee91e90730d6d35404,v3_new3_cube_random_09,cube_random,FAIL,FAIL,NO_QUALIFYING_CONTINUOUS_INTERVAL,True,True,20.666,0.0,0.0,5.551115123125783e-17,30767e1d618da5058c61b3d8feffb479470d1a64c8aee93255dd0d013d0284e2
5004e7957ef7ecb42076,v3_new3_cube_random_19,cube_random,FAIL,FAIL,UNCHANGED_COMMON_CONDITION_FAIL,False,False,,,,,
500a4441b621d4429111,v3_new3_cube_random_04,cube_random,FAIL,FAIL,UNCHANGED_COMMON_CONDITION_FAIL,False,False,,,,,
501c8e35e06b4c013a16,v3_new2_cube_random_08,cube_random,FAIL,FAIL,UNCHANGED_COMMON_CONDITION_FAIL,False,False,,,,,
5048365511d4f3c7959b,v3_new1_cube_random_15,cube_random,FAIL,FAIL,UNCHANGED_COMMON_CONDITION_FAIL,False,False,,,,,
510a7a91d40a3c7b12b6,v3_new2_bar_random_02,bar_random,FAIL,FAIL,UNCHANGED_COMMON_CONDITION_FAIL,False,False,,,,,
5165757ec405ec72e27c,v3_new3_bar_random_18,bar_random,FAIL,FAIL,UNCHANGED_COMMON_CONDITION_FAIL,False,False,,,,,
520e98b2658a37e0e613,v3_new2_cube_random_15,cube_random,FAIL,FAIL,NO_QUALIFYING_CONTINUOUS_INTERVAL,True,True,15.128,0.012,0.012,5.551115123125783e-17,0da657f164a54e507f2819075d1784ccf87266a4467450a3f221cd3f053a35ac
536db609af278e38cd01,v3_new2_cube_random_19,cube_random,FAIL,FAIL,NO_QUALIFYING_CONTINUOUS_INTERVAL,True,True,15.202,0.0,0.0,5.551115123125783e-17,44c873e90767780fd1941e03d728a4eef0917f839c8febe56c6afb6397a95935
5397369b9bc4d109f489,v3_new2_cube_random_05,cube_random,FAIL,FAIL,NO_QUALIFYING_CONTINUOUS_INTERVAL,True,True,15.366,0.0,0.0,5.551115123125783e-17,e84854d20cf08c0713e349f4de84e9f14667dab55e673e765fd3f846d0a8f415
549e7ac69ccb84c53677,v3_new3_cube_random_07,cube_random,FAIL,FAIL,NO_QUALIFYING_CONTINUOUS_INTERVAL,True,True,15.284,0.0,0.0,5.551115123125783e-17,c467b84ea3081a3196dbbff2c0f969ce696f8d7d74f2da569dba167a67a6e555
54cfaa13e80cc022c894,v3_new1_cube_random_04,cube_random,FAIL,FAIL,NO_QUALIFYING_CONTINUOUS_INTERVAL,True,True,15.146,0.01,0.01,6.938893903907228e-17,181cb14fa392432db46a66ac2fb5f066ecae57a5399c54bcef9f0f27251ea603
55110c4f7702915f5760,v3_new2_bar_random_12,bar_random,FAIL,FAIL,UNCHANGED_COMMON_CONDITION_FAIL,False,False,,,,,
55118bce57f8a094371d,v3_new2_cube_random_02,cube_random,FAIL,FAIL,UNCHANGED_COMMON_CONDITION_FAIL,False,False,,,,,
553e3bdc1deec347e898,v3_new3_flat_box_random_00,flat_box_random,FAIL,FAIL,UNCHANGED_COMMON_CONDITION_FAIL,False,False,,,,,
55a09689e681ac581b64,v3_new1_cube_random_17,cube_random,FAIL,FAIL,NO_QUALIFYING_CONTINUOUS_INTERVAL,True,True,15.282,0.0,0.0,5.551115123125783e-17,f6bb4bc7bd92a307fab1cd8f170967709b633437776462b2ba97fd27a5e789dc
55af0c19cb301062cb25,v3_new2_cube_random_08,cube_random,FAIL,FAIL,UNCHANGED_COMMON_CONDITION_FAIL,False,False,,,,,
569a4569f9a34a1b2304,v3_new1_cube_random_12,cube_random,FAIL,FAIL,NO_QUALIFYING_CONTINUOUS_INTERVAL,True,True,15.11,0.002,0.002,6.938893903907228e-17,701e9663745dfcf58c713e6d17f27e290d73db39b878561a3856ff80e59195d1
569a9282b980bf482ba2,v3_new1_bar_random_17,bar_random,FAIL,FAIL,UNCHANGED_COMMON_CONDITION_FAIL,False,False,,,,,
56cfbfb1d2b02843015c,v3_new1_flat_box_random_11,flat_box_random,FAIL,FAIL,NO_QUALIFYING_CONTINUOUS_INTERVAL,True,True,15.5,0.002,0.002,4.163336342344337e-17,344100bde3f1cd69f338c1598851b7dc65976b7f8faa242cc72635bd43506ce0
56d5ca095e2be3e81479,v3_new3_cube_random_14,cube_random,FAIL,FAIL,UNCHANGED_COMMON_CONDITION_FAIL,False,False,,,,,
5767514381fa714d9221,v3_new1_cube_random_14,cube_random,FAIL,FAIL,NO_QUALIFYING_CONTINUOUS_INTERVAL,True,True,20.668,0.0,0.0,5.551115123125783e-17,194a8a6b2e2b277a0c35fef7cfd816417585294a4cd83a4fb43a28f3dc33213f
580a98bcb5f2edae0e36,v3_new2_cube_random_08,cube_random,FAIL,FAIL,UNCHANGED_COMMON_CONDITION_FAIL,False,False,,,,,
58527797cc7cb61d21a8,v3_new3_cube_random_18,cube_random,FAIL,FAIL,NO_QUALIFYING_CONTINUOUS_INTERVAL,True,True,15.632,0.0,0.0,5.551115123125783e-17,ca057cfe624bdd8a1eb4f95262b71ba3b2bb32f83424fedd46b4826ea576bf3d
58f36c78989baf46a590,v3_new1_cube_random_08,cube_random,FAIL,FAIL,UNCHANGED_COMMON_CONDITION_FAIL,False,False,,,,,
5950493ff6266856bf82,v3_new3_flat_box_random_13,flat_box_random,FAIL,FAIL,UNCHANGED_COMMON_CONDITION_FAIL,False,False,,,,,
59989783add18f68dba0,v3_new2_cube_random_15,cube_random,FAIL,FAIL,UNCHANGED_COMMON_CONDITION_FAIL,False,False,,,,,
599a0482f4992fe72395,v3_new1_cube_random_00,cube_random,FAIL,FAIL,UNCHANGED_COMMON_CONDITION_FAIL,False,False,,,,,
5b5025c155fe3a58883f,v3_new1_cube_random_11,cube_random,FAIL,FAIL,UNCHANGED_COMMON_CONDITION_FAIL,False,False,,,,,
5b6c07c49275ad99fd33,v3_new3_cube_random_13,cube_random,FAIL,FAIL,UNCHANGED_COMMON_CONDITION_FAIL,False,False,,,,,
5bc0da88127bf28f8c17,v3_new2_cube_random_00,cube_random,FAIL,FAIL,NO_QUALIFYING_CONTINUOUS_INTERVAL,True,True,15.944,0.0,0.0,5.551115123125783e-17,29642b9339732ca067bcea4b4d5f4fa950ed729bc2ae77a0b0fc1d6250b13a45
5e466313f70b67c05c88,v3_new3_flat_box_random_09,flat_box_random,FAIL,FAIL,UNCHANGED_COMMON_CONDITION_FAIL,False,False,,,,,
5e5189974dd75bfb0b2d,v3_new2_cube_random_12,cube_random,FAIL,FAIL,NO_QUALIFYING_CONTINUOUS_INTERVAL,True,True,15.1,0.004,0.004,5.551115123125783e-17,db8163d6ace40a73bb6cf702bd8785e7b181224b21c8976bb2c62f83e0f4f35b
5e71674d37cca500d7a1,v3_new3_cube_random_12,cube_random,FAIL,FAIL,UNCHANGED_COMMON_CONDITION_FAIL,False,False,,,,,
5e7aba86b31dc37d711b,v3_new3_flat_box_random_00,flat_box_random,FAIL,FAIL,UNCHANGED_COMMON_CONDITION_FAIL,False,False,,,,,
5e840b6bce232658f40f,v3_new3_cube_random_03,cube_random,FAIL,FAIL,UNCHANGED_COMMON_CONDITION_FAIL,False,False,,,,,
5e920e2c5673f6421ef8,v3_new3_bar_random_12,bar_random,FAIL,FAIL,NO_QUALIFYING_CONTINUOUS_INTERVAL,True,True,15.728,0.0,0.0,5.551115123125783e-17,b5895ce4834310ca3085e42cd3096ddf110580720719ba736ad80857ef896461
5ebc3840624fa0b4df0e,v3_new3_bar_random_01,bar_random,FAIL,FAIL,UNCHANGED_COMMON_CONDITION_FAIL,False,False,,,,,
5fa8d8996a778166176b,v3_new3_cube_random_11,cube_random,FAIL,FAIL,UNCHANGED_COMMON_CONDITION_FAIL,False,False,,,,,
604393cde77f49dd92da,v3_new1_flat_box_random_06,flat_box_random,FAIL,FAIL,NO_QUALIFYING_CONTINUOUS_INTERVAL,True,True,15.562000000000001,0.002,0.002,2.7755575615628914e-17,8456e1a1736a62f104c40b210b929e1f46b8215700aa9b4dd04da146c8c9d80c
61a4b62be1aabc987b9c,v3_new3_cube_random_18,cube_random,FAIL,FAIL,UNCHANGED_COMMON_CONDITION_FAIL,False,False,,,,,
622d6446ccbdfdd0f6c6,v3_new3_cube_random_12,cube_random,FAIL,FAIL,UNCHANGED_COMMON_CONDITION_FAIL,False,False,,,,,
641b1fe9ee1de7fd49ec,v3_new2_bar_random_12,bar_random,FAIL,FAIL,NO_QUALIFYING_CONTINUOUS_INTERVAL,True,True,15.712,0.0,0.0,5.551115123125783e-17,1a6500b67bf6afa38e0a620fe2f9d1b2ed0c78e39da88f10624fda7bfd2a2a12
64c0931a61d2e2b0d3a1,v3_new3_cube_random_19,cube_random,FAIL,FAIL,NO_QUALIFYING_CONTINUOUS_INTERVAL,True,True,15.666,0.0,0.0,5.551115123125783e-17,ac48fa4694baf31eab0ae7603eb5322afb493f64049eb867c2bd5fe7d7bbd525
65046bddd74f454ad913,v3_new3_flat_box_random_06,flat_box_random,FAIL,FAIL,UNCHANGED_COMMON_CONDITION_FAIL,False,False,,,,,
658fd2272be503d69b05,v3_new3_cube_random_07,cube_random,FAIL,FAIL,UNCHANGED_COMMON_CONDITION_FAIL,False,False,,,,,
65f19ef88b23b53839cc,v3_new1_cube_random_02,cube_random,FAIL,FAIL,UNCHANGED_COMMON_CONDITION_FAIL,False,False,,,,,
661fd0dd85ee226b4086,v3_new3_cube_random_07,cube_random,FAIL,FAIL,NO_QUALIFYING_CONTINUOUS_INTERVAL,True,True,15.742,0.002,0.002,5.551115123125783e-17,7a36feff9b03cbfbf183a8d610ef197eae524d261c234c0aad02429dc7fca39d
66bb0da4a6139ef3fe1a,v3_new3_flat_box_random_12,flat_box_random,FAIL,FAIL,UNCHANGED_COMMON_CONDITION_FAIL,False,False,,,,,
66c2f65f9b96319d5e20,v3_new3_cube_random_18,cube_random,FAIL,FAIL,NO_QUALIFYING_CONTINUOUS_INTERVAL,True,True,15.11,0.008,0.008,6.938893903907228e-17,66c726fe7241689a5e6474f2e06c8ee75f73e8ffae1af3597b1d921a96c4e0da
66e3a762d82aa155262c,v3_new1_cube_random_03,cube_random,FAIL,FAIL,UNCHANGED_COMMON_CONDITION_FAIL,False,False,,,,,
66ef3bad7a77311389e5,v3_new3_cube_random_07,cube_random,FAIL,FAIL,UNCHANGED_COMMON_CONDITION_FAIL,False,False,,,,,
68ac2175b1431aa53015,v3_new3_cube_random_17,cube_random,FAIL,FAIL,UNCHANGED_COMMON_CONDITION_FAIL,False,False,,,,,
68c95a8a956757205748,v3_new2_cube_random_05,cube_random,FAIL,FAIL,NO_QUALIFYING_CONTINUOUS_INTERVAL,True,True,15.252,0.0,0.0,5.551115123125783e-17,236189aa74e86952f4d8173b9d0cefb3909dc33516855edd83ca8ac33b164311
6900875adf011d590cb0,v3_new3_bar_random_15,bar_random,FAIL,FAIL,UNCHANGED_COMMON_CONDITION_FAIL,False,False,,,,,
69120071ddb9fdbeedbf,v3_new1_cube_random_05,cube_random,FAIL,FAIL,NO_QUALIFYING_CONTINUOUS_INTERVAL,True,True,14.682,0.856,0.856,5.551115123125783e-17,7193e579ed14bd0fe40be83e421e8ca3b57912591100fe097cc9f76c9c87eef3
69eb8d2fe2d6b0127466,v3_new2_cube_random_12,cube_random,FAIL,FAIL,UNCHANGED_COMMON_CONDITION_FAIL,False,False,,,,,
6a0ef012f1854c89a923,v3_new3_cube_random_06,cube_random,FAIL,FAIL,UNCHANGED_COMMON_CONDITION_FAIL,False,False,,,,,
6ad93bc4e5fed202f444,v3_new2_cube_random_12,cube_random,FAIL,FAIL,UNCHANGED_COMMON_CONDITION_FAIL,False,False,,,,,
6b1a08511246b55a6861,v3_new3_cube_random_06,cube_random,FAIL,FAIL,NO_QUALIFYING_CONTINUOUS_INTERVAL,True,True,20.398,0.0,0.0,5.551115123125783e-17,6663ac86123c7c530b9e6dd9e5b9edf08f71f39310b0c70ef252157f186a3c26
6b2a32e58609c9fd808d,v3_new3_bar_random_01,bar_random,FAIL,FAIL,UNCHANGED_COMMON_CONDITION_FAIL,False,False,,,,,
6b47220cb1348566efb6,v3_new3_bar_random_05,bar_random,FAIL,FAIL,UNCHANGED_COMMON_CONDITION_FAIL,False,False,,,,,
6b585bb58cecc7bfa22e,v3_new3_cube_random_12,cube_random,FAIL,FAIL,NO_QUALIFYING_CONTINUOUS_INTERVAL,True,True,16.498,0.002,0.002,5.551115123125783e-17,aae55d6fabe0dfebb26861729611505f70f8ce175002bf7f52b4cc197068a116
6beead62e671ed559e4a,v3_new3_cube_random_06,cube_random,FAIL,FAIL,NO_QUALIFYING_CONTINUOUS_INTERVAL,True,True,23.464000000000002,0.0,0.0,5.551115123125783e-17,249833984316be8d2a03c0e7c9ff082a51249dc99163d3beb22a97b19c3e2182
6bf71b41a5ec9e2292ca,v3_new1_flat_box_random_05,flat_box_random,FAIL,FAIL,UNCHANGED_COMMON_CONDITION_FAIL,False,False,,,,,
6c270c01c65c568ba099,v3_new3_cube_random_13,cube_random,FAIL,FAIL,UNCHANGED_COMMON_CONDITION_FAIL,False,False,,,,,
6c7e3eb81fd416c22f60,v3_new2_cube_random_05,cube_random,FAIL,FAIL,UNCHANGED_COMMON_CONDITION_FAIL,False,False,,,,,
6d170f875af262320109,v3_new3_cube_random_19,cube_random,FAIL,FAIL,NO_QUALIFYING_CONTINUOUS_INTERVAL,True,True,19.538,0.002,0.002,5.551115123125783e-17,a1907d88569c036c1b7f96ff5853e7d8ba2b1906b2ed5a27ceed931e111f8d46
6d22d07a22d0d37d04e7,v3_new2_cube_random_11,cube_random,FAIL,FAIL,NO_QUALIFYING_CONTINUOUS_INTERVAL,True,True,15.120000000000001,0.028,0.028,6.938893903907228e-17,a6876b15e076f1da038261279e46ab641f54366e5161010bd240f9cd84d61aef
6d9b74e9c82949ee985f,v3_new2_cube_random_08,cube_random,FAIL,FAIL,NO_QUALIFYING_CONTINUOUS_INTERVAL,True,True,15.016,0.0,0.0,5.551115123125783e-17,86d7cd0ac22731062515e40bcdc7892dc79506338eef3cc2aa690a2a4c97e9a7
6de916d4b7ec6f546b48,v3_new3_bar_random_00,bar_random,FAIL,FAIL,UNCHANGED_COMMON_CONDITION_FAIL,False,False,,,,,
6f41d957b59b51a19670,v3_new3_cube_random_04,cube_random,FAIL,FAIL,NO_QUALIFYING_CONTINUOUS_INTERVAL,True,True,15.288,0.0,0.0,5.551115123125783e-17,a601fa02fdf5200e0bb9b1023e7169864c7086c9e41dd71aecc6365486ceb5a9
6f774dcd372c4886d2b2,v3_new3_bar_random_09,bar_random,FAIL,FAIL,NO_QUALIFYING_CONTINUOUS_INTERVAL,True,True,15.34,0.0,0.0,5.551115123125783e-17,f76edcb1e63f630a3c137ce0ec69bd1478a1454901e9e0a6a0f97d88ecb589f5
6faaf823f9dbf0347ec3,v3_new2_cube_random_11,cube_random,FAIL,FAIL,NO_QUALIFYING_CONTINUOUS_INTERVAL,True,True,15.13,0.008,0.008,5.551115123125783e-17,11702854fb0150c0a6237385a7eadd82fc3c9fc5c08f3b3af2d5da8aeadb80d6
6fbd94912b87f3feb301,v3_new2_bar_random_19,bar_random,FAIL,FAIL,UNCHANGED_COMMON_CONDITION_FAIL,False,False,,,,,
706ea8939674ba46fbc4,v3_new3_flat_box_random_06,flat_box_random,FAIL,FAIL,NO_QUALIFYING_CONTINUOUS_INTERVAL,True,True,15.326,0.002,0.002,2.7755575615628914e-17,84bccee4b31f95939552e06821956456841af9db4bfb743ce873f17d7b745a43
70d289bde58356c602cd,v3_new3_cube_random_08,cube_random,FAIL,FAIL,NO_QUALIFYING_CONTINUOUS_INTERVAL,True,True,20.314,0.002,0.002,5.551115123125783e-17,881064fe2a6c674e2452266c23518baaccc5ea1d6b9c39450c7a7812aa7d1104
71070f10b48640c41998,v3_new2_bar_random_11,bar_random,FAIL,FAIL,NO_QUALIFYING_CONTINUOUS_INTERVAL,True,True,16.052,0.0,0.0,5.551115123125783e-17,dc3a09aedb214ec98bd500c9c08e97f7ba81af84ea7f40fa360979e86e9dcccb
7145e6a6c696da941241,v3_new3_cube_random_03,cube_random,FAIL,FAIL,NO_QUALIFYING_CONTINUOUS_INTERVAL,True,True,11.104000000000001,5.428,5.428,5.551115123125783e-17,ac93b474057e21d3dcfd4f5c76e71748e42229c23d7502eac93001e268100f33
71e766638c36de144c11,v3_new3_cube_random_11,cube_random,FAIL,FAIL,NO_QUALIFYING_CONTINUOUS_INTERVAL,True,True,15.104000000000001,0.012,0.012,5.551115123125783e-17,4eae4db332936e46c7320a57f709583cac31fb16003bd7e1ec9625ae952e8615
722c4b677e92fb57b31d,v3_new3_cube_random_16,cube_random,FAIL,FAIL,UNCHANGED_COMMON_CONDITION_FAIL,False,False,,,,,
726387a4bb48d2c9448c,v3_new1_bar_random_19,bar_random,FAIL,FAIL,UNCHANGED_COMMON_CONDITION_FAIL,False,False,,,,,
72bd098054aab270ca88,v3_new3_flat_box_random_00,flat_box_random,FAIL,FAIL,UNCHANGED_COMMON_CONDITION_FAIL,False,False,,,,,
73f16c3a412c4c360f0c,v3_new1_flat_box_random_09,flat_box_random,FAIL,FAIL,UNCHANGED_COMMON_CONDITION_FAIL,False,False,,,,,
748bd445bfaad009d6ac,v3_new3_bar_random_05,bar_random,FAIL,FAIL,UNCHANGED_COMMON_CONDITION_FAIL,False,False,,,,,
748f809f7da4d84eb1bd,v3_new2_cube_random_17,cube_random,FAIL,FAIL,UNCHANGED_COMMON_CONDITION_FAIL,False,False,,,,,
7496af442905f934d7f6,v3_new3_bar_random_16,bar_random,FAIL,FAIL,NO_QUALIFYING_CONTINUOUS_INTERVAL,True,True,15.384,0.0,0.0,5.551115123125783e-17,30b738e3a4f893f810eb26455d41b6592ebfec142b79dab620416a715dc9adf6
751d43d5f3880de7466b,v3_new2_cube_random_02,cube_random,FAIL,FAIL,NO_QUALIFYING_CONTINUOUS_INTERVAL,True,True,15.1,0.666,0.666,6.938893903907228e-17,ac04d73cd17d9346686a729dfbe3d7373099dc64efd9d66095449e7aef39449c
751d47bcfeba6df5c33e,v3_new1_cube_random_08,cube_random,FAIL,FAIL,UNCHANGED_COMMON_CONDITION_FAIL,False,False,,,,,
752525948f5ff7b4bede,v3_new1_cube_random_02,cube_random,FAIL,FAIL,UNCHANGED_COMMON_CONDITION_FAIL,False,False,,,,,
75397c6ea91047fe1ebf,v3_new3_cube_random_19,cube_random,FAIL,FAIL,NO_QUALIFYING_CONTINUOUS_INTERVAL,True,True,15.138,0.012,0.012,5.551115123125783e-17,11b510391c3996e96440ddfcd8577bc36bbbbeac6c5c3723d8d78664c653a7ae
759cd10ed39bef94d39a,v3_new3_cube_random_03,cube_random,FAIL,FAIL,UNCHANGED_COMMON_CONDITION_FAIL,False,False,,,,,
762519abeb90b15d1abd,v3_new2_cube_random_01,cube_random,FAIL,FAIL,UNCHANGED_COMMON_CONDITION_FAIL,False,False,,,,,
76293a3711339d4d487e,v3_new3_bar_random_16,bar_random,FAIL,FAIL,UNCHANGED_COMMON_CONDITION_FAIL,False,False,,,,,
76487af88a72fc379462,v3_new1_flat_box_random_16,flat_box_random,FAIL,FAIL,UNCHANGED_COMMON_CONDITION_FAIL,False,False,,,,,
7673b7b0fa3bcdc26aa8,v3_new3_cube_random_04,cube_random,FAIL,FAIL,NO_QUALIFYING_CONTINUOUS_INTERVAL,True,True,20.366,0.002,0.002,5.551115123125783e-17,4cf7955b8975ce7490cf7c2dea4dd07433436af27bc96f96f5b65828ffbeea64
78dc5ff05a3b3357c9db,v3_new3_cube_random_17,cube_random,FAIL,FAIL,UNCHANGED_COMMON_CONDITION_FAIL,False,False,,,,,
793e2aa8a101a35275a7,v3_new3_bar_random_01,bar_random,FAIL,FAIL,NO_QUALIFYING_CONTINUOUS_INTERVAL,True,True,15.31,0.0,0.0,5.551115123125783e-17,db69e280559239b9ac6eb7e5e6409ab9677535422573d4a0829fd70fb8b85511
795458f832805a658a88,v3_new2_bar_random_19,bar_random,FAIL,FAIL,UNCHANGED_COMMON_CONDITION_FAIL,False,False,,,,,
7a27eea47543420761dd,v3_new3_flat_box_random_13,flat_box_random,FAIL,FAIL,NO_QUALIFYING_CONTINUOUS_INTERVAL,True,True,15.530000000000001,0.0,0.0,2.7755575615628914e-17,1fc6d0007f47884aa2ad99fe0e736c018b7f4ca9b684ef5d98e04b5486ff3000
7a2f31c689958b41ba04,v3_new1_cube_random_07,cube_random,FAIL,FAIL,NO_QUALIFYING_CONTINUOUS_INTERVAL,True,True,15.252,0.0,0.0,5.551115123125783e-17,57886b1e034d954340df14151710deb7adf99aa46c1ba59f85db675e4b8ec8f8
7ae2deb9b406708ab4a4,v3_new2_cube_random_09,cube_random,FAIL,FAIL,UNCHANGED_COMMON_CONDITION_FAIL,False,False,,,,,
7b26a794e6ac38ef73af,v3_new1_cube_random_00,cube_random,FAIL,FAIL,UNCHANGED_COMMON_CONDITION_FAIL,False,False,,,,,
7b93a927a2d23f066739,v3_new2_flat_box_random_06,flat_box_random,FAIL,FAIL,UNCHANGED_COMMON_CONDITION_FAIL,False,False,,,,,
7ba06eba7e9e76fbdeeb,v3_new2_cube_random_19,cube_random,FAIL,FAIL,NO_QUALIFYING_CONTINUOUS_INTERVAL,True,True,17.166,0.0,0.0,5.551115123125783e-17,a29cd30029ad8601c59aaaed443f08cbc92a3ffb1a913d93746a024a5a770321
7c0bdd404f4c61113c6e,v3_new1_flat_box_random_11,flat_box_random,FAIL,FAIL,UNCHANGED_COMMON_CONDITION_FAIL,False,False,,,,,
7cf12cc40a2db9e20279,v3_new2_bar_random_02,bar_random,FAIL,FAIL,UNCHANGED_COMMON_CONDITION_FAIL,False,False,,,,,
7db3098480decf9e18b3,v3_new2_cube_random_11,cube_random,FAIL,FAIL,UNCHANGED_COMMON_CONDITION_FAIL,False,False,,,,,
7db31e0ec54d67dce503,v3_new3_bar_random_16,bar_random,FAIL,FAIL,UNCHANGED_COMMON_CONDITION_FAIL,False,False,,,,,
7dc86f1448b1e5a7d914,v3_new1_bar_random_17,bar_random,FAIL,FAIL,UNCHANGED_COMMON_CONDITION_FAIL,False,False,,,,,
7df71ba9f73250e6114e,v3_new2_bar_random_01,bar_random,FAIL,FAIL,UNCHANGED_COMMON_CONDITION_FAIL,False,False,,,,,
7e527545760e3e477e7e,v3_new3_flat_box_random_17,flat_box_random,FAIL,FAIL,UNCHANGED_COMMON_CONDITION_FAIL,False,False,,,,,
7eb2ba87b0cd0f971698,v3_new1_cube_random_09,cube_random,FAIL,FAIL,NO_QUALIFYING_CONTINUOUS_INTERVAL,True,True,18.854,1.102,1.102,5.551115123125783e-17,fb9cdf96dd3bfc29ff09dfc77443d13d2f740a7cb7fd4743fe89490250472e30
7ecd3212844b080473f9,v3_new1_bar_random_19,bar_random,FAIL,FAIL,NO_QUALIFYING_CONTINUOUS_INTERVAL,True,True,15.674,0.0,0.0,5.551115123125783e-17,2271abca561ef7ca837f76e0b4b7b44d05a28f574de27888f76adeebd2714a20
7f44d07f1446013fea24,v3_new3_cube_random_16,cube_random,FAIL,FAIL,UNCHANGED_COMMON_CONDITION_FAIL,False,False,,,,,
8076d972020a223805e1,v3_new3_bar_random_15,bar_random,FAIL,FAIL,UNCHANGED_COMMON_CONDITION_FAIL,False,False,,,,,
80f619418707a874300e,v3_new2_cube_random_05,cube_random,FAIL,FAIL,UNCHANGED_COMMON_CONDITION_FAIL,False,False,,,,,
81017a48846496812a82,v3_new2_bar_random_02,bar_random,FAIL,FAIL,UNCHANGED_COMMON_CONDITION_FAIL,False,False,,,,,
81e26afccb2806272337,v3_new3_cube_random_15,cube_random,FAIL,FAIL,NO_QUALIFYING_CONTINUOUS_INTERVAL,True,True,15.116,0.036000000000000004,0.036000000000000004,5.551115123125783e-17,ad88907f516026edab029987aeae9d448f08278909b2c91cc29f857d2d968d7b
827866f378647d1b694c,v3_new3_cube_random_14,cube_random,FAIL,FAIL,UNCHANGED_COMMON_CONDITION_FAIL,False,False,,,,,
837dc546915244b56232,v3_new1_cube_random_17,cube_random,FAIL,FAIL,NO_QUALIFYING_CONTINUOUS_INTERVAL,True,True,15.59,0.0,0.0,5.551115123125783e-17,62aa4913a7e8168fb881ddbbbb30c09d992c27b1b3f28cde5fb159a43eee60d7
8622abaa35b7a44bda1f,v3_new3_cube_random_01,cube_random,FAIL,FAIL,UNCHANGED_COMMON_CONDITION_FAIL,False,False,,,,,
86489537f656473897dd,v3_new3_flat_box_random_11,flat_box_random,FAIL,FAIL,UNCHANGED_COMMON_CONDITION_FAIL,False,False,,,,,
865acae982a028533266,v3_new1_cube_random_03,cube_random,FAIL,FAIL,UNCHANGED_COMMON_CONDITION_FAIL,False,False,,,,,
865c4ce75863aad4ca92,v3_new3_bar_random_18,bar_random,FAIL,FAIL,UNCHANGED_COMMON_CONDITION_FAIL,False,False,,,,,
865cb40c3dce9146b6a6,v3_new2_cube_random_01,cube_random,FAIL,FAIL,UNCHANGED_COMMON_CONDITION_FAIL,False,False,,,,,
871ebdf0e37d6f97f19e,v3_new1_cube_random_09,cube_random,FAIL,FAIL,UNCHANGED_COMMON_CONDITION_FAIL,False,False,,,,,
874d8840c4ca774fefb1,v3_new3_cube_random_18,cube_random,FAIL,FAIL,UNCHANGED_COMMON_CONDITION_FAIL,False,False,,,,,
87769809139bd4999160,v3_new3_bar_random_10,bar_random,FAIL,FAIL,UNCHANGED_COMMON_CONDITION_FAIL,False,False,,,,,
878f17d2f214774984f2,v3_new1_flat_box_random_16,flat_box_random,FAIL,FAIL,UNCHANGED_COMMON_CONDITION_FAIL,False,False,,,,,
87a961b6f3a1ea44bb12,v3_new1_cube_random_03,cube_random,FAIL,FAIL,NO_QUALIFYING_CONTINUOUS_INTERVAL,True,True,15.132,0.008,0.008,6.938893903907228e-17,f6fb73981cd999767be34d6f1b5751bd020e1ae01aa8b85b45826cf168b19e0c
87fc2bae4a362e964479,v3_new3_cube_random_02,cube_random,FAIL,FAIL,UNCHANGED_COMMON_CONDITION_FAIL,False,False,,,,,
888f893047a6def66d88,v3_new3_bar_random_05,bar_random,FAIL,FAIL,NO_QUALIFYING_CONTINUOUS_INTERVAL,True,True,15.316,0.0,0.0,5.551115123125783e-17,4fbe58273ad64459f404813030e090c0b9aa67d14b4390f8c6ab8893c52abc54
899322c1d96320d405eb,v3_new2_bar_random_01,bar_random,FAIL,FAIL,UNCHANGED_COMMON_CONDITION_FAIL,False,False,,,,,
89b39e88f5775705803e,v3_new2_flat_box_random_13,flat_box_random,FAIL,FAIL,UNCHANGED_COMMON_CONDITION_FAIL,False,False,,,,,
8aea585dfb701aec747c,v3_new3_bar_random_12,bar_random,FAIL,FAIL,NO_QUALIFYING_CONTINUOUS_INTERVAL,True,True,15.918000000000001,0.0,0.0,5.551115123125783e-17,4f74d3f15049045257e22bd883e4fba4b21acd6ed18837955488b49b9f1d6ca1
8b9d057297813fb9822a,v3_new1_flat_box_random_11,flat_box_random,FAIL,FAIL,UNCHANGED_COMMON_CONDITION_FAIL,False,False,,,,,
8bd015a8331bd164367d,v3_new2_cube_random_00,cube_random,FAIL,FAIL,NO_QUALIFYING_CONTINUOUS_INTERVAL,True,True,15.436,0.0,0.0,5.551115123125783e-17,afb8a473482b2715073b57c3579b52f2ca05245956f2b4e16f07a813cdda7e36
8cd57968c321f41e4ede,v3_new3_cube_random_14,cube_random,FAIL,FAIL,UNCHANGED_COMMON_CONDITION_FAIL,False,False,,,,,
8cf0412fd620986b62a6,v3_new1_cube_random_07,cube_random,FAIL,FAIL,NO_QUALIFYING_CONTINUOUS_INTERVAL,True,True,15.116,0.28800000000000003,0.28800000000000003,5.551115123125783e-17,feb03f446fca7f624426149b4fcc5c3c8a6442b328ae9b61881187aca0bea61a
8d8a564cbe22d62aade0,v3_new2_cube_random_01,cube_random,FAIL,FAIL,UNCHANGED_COMMON_CONDITION_FAIL,False,False,,,,,
8d9737c39f1f966dc68c,v3_new3_cube_random_01,cube_random,FAIL,FAIL,UNCHANGED_COMMON_CONDITION_FAIL,False,False,,,,,
8db9d07ae01141636ee8,v3_new1_cube_random_03,cube_random,FAIL,FAIL,UNCHANGED_COMMON_CONDITION_FAIL,False,False,,,,,
8dda145fca5e10c6a68a,v3_new2_cube_random_03,cube_random,FAIL,FAIL,NO_QUALIFYING_CONTINUOUS_INTERVAL,True,True,23.508,0.0,0.0,5.551115123125783e-17,282011eec4300467a06df8a85e6ff82cc375a020c41dd49b37c36d61633b1b16
8e2d395b57c4b8c7f72d,v3_new3_cube_random_01,cube_random,FAIL,FAIL,UNCHANGED_COMMON_CONDITION_FAIL,False,False,,,,,
905ee62224e4a67d84c3,v3_new1_cube_random_02,cube_random,FAIL,FAIL,UNCHANGED_COMMON_CONDITION_FAIL,False,False,,,,,
908428fd32c37101ed3c,v3_new1_bar_random_19,bar_random,FAIL,FAIL,NO_QUALIFYING_CONTINUOUS_INTERVAL,True,True,15.914,0.0,0.0,5.551115123125783e-17,1b3ebafddea146223fa6d33c5ed6d2f65068cc2eb30473d1f813960c8e035e27
9191d21ec783aca2121b,v3_new1_cube_random_07,cube_random,FAIL,FAIL,NO_QUALIFYING_CONTINUOUS_INTERVAL,True,True,15.094000000000001,0.004,0.004,5.551115123125783e-17,a6c8545415cda01cb03ad48d0e0ce7c021e197b61951768967ebc367b3c6d38c
91a53bbe7e2218089218,v3_new3_cube_random_19,cube_random,FAIL,FAIL,UNCHANGED_COMMON_CONDITION_FAIL,False,False,,,,,
91f0b786866801f5ef87,v3_new1_cube_random_04,cube_random,FAIL,FAIL,UNCHANGED_COMMON_CONDITION_FAIL,False,False,,,,,
925b461e8b78c66e1c96,v3_new3_cube_random_01,cube_random,FAIL,FAIL,UNCHANGED_COMMON_CONDITION_FAIL,False,False,,,,,
927e08639bf5a7588c15,v3_new3_cube_random_12,cube_random,FAIL,FAIL,UNCHANGED_COMMON_CONDITION_FAIL,False,False,,,,,
92eb8f78937fc629b8e4,v3_new1_flat_box_random_09,flat_box_random,FAIL,FAIL,UNCHANGED_COMMON_CONDITION_FAIL,False,False,,,,,
93c47e3cb9fcea55dd93,v3_new3_flat_box_random_13,flat_box_random,FAIL,FAIL,UNCHANGED_COMMON_CONDITION_FAIL,False,False,,,,,
93cea050c3654f723320,v3_new3_bar_random_18,bar_random,FAIL,FAIL,UNCHANGED_COMMON_CONDITION_FAIL,False,False,,,,,
94c2e9b37b464e581b06,v3_new1_flat_box_random_11,flat_box_random,FAIL,FAIL,UNCHANGED_COMMON_CONDITION_FAIL,False,False,,,,,
95bf4a19a7700f7d3a4d,v3_new3_cube_random_19,cube_random,FAIL,FAIL,UNCHANGED_COMMON_CONDITION_FAIL,False,False,,,,,
9635277a1c60cce2e696,v3_new2_flat_box_random_06,flat_box_random,FAIL,FAIL,NO_QUALIFYING_CONTINUOUS_INTERVAL,True,True,15.296000000000001,0.002,0.002,2.7755575615628914e-17,0fdbdc40c2e745b98cc1b8aa3423f7faabd26936f5c019d8e58f581efb408298
965da96781b1e0927341,v3_new1_flat_box_random_16,flat_box_random,FAIL,FAIL,UNCHANGED_COMMON_CONDITION_FAIL,False,False,,,,,
96aa18efdefd09034013,v3_new3_bar_random_02,bar_random,FAIL,FAIL,UNCHANGED_COMMON_CONDITION_FAIL,False,False,,,,,
974671832b1c4944db9f,v3_new3_bar_random_16,bar_random,FAIL,FAIL,UNCHANGED_COMMON_CONDITION_FAIL,False,False,,,,,
97935d01b966274db906,v3_new1_cube_random_04,cube_random,FAIL,FAIL,UNCHANGED_COMMON_CONDITION_FAIL,False,False,,,,,
97b545d25697cfd2479e,v3_new3_bar_random_00,bar_random,FAIL,FAIL,NO_QUALIFYING_CONTINUOUS_INTERVAL,True,True,15.42,0.0,0.0,5.551115123125783e-17,b487106b06fedd75cc74ca1a7193508877f2e61ec1a51905f7b4d8924efa2533
98335da999ea0f5bdbfd,v3_new3_cube_random_08,cube_random,FAIL,FAIL,UNCHANGED_COMMON_CONDITION_FAIL,False,False,,,,,
995767302bd576cd7c53,v3_new3_cube_random_11,cube_random,FAIL,FAIL,UNCHANGED_COMMON_CONDITION_FAIL,False,False,,,,,
997a1059e4395b2670bc,v3_new1_flat_box_random_09,flat_box_random,FAIL,FAIL,UNCHANGED_COMMON_CONDITION_FAIL,False,False,,,,,
9a22bb77a475e49f808c,v3_new2_cube_random_17,cube_random,FAIL,FAIL,UNCHANGED_COMMON_CONDITION_FAIL,False,False,,,,,
9a25c272f237cf86f6c6,v3_new1_cube_random_12,cube_random,FAIL,FAIL,UNCHANGED_COMMON_CONDITION_FAIL,False,False,,,,,
9b08b04e335583081b55,v3_new3_cube_random_04,cube_random,FAIL,FAIL,UNCHANGED_COMMON_CONDITION_FAIL,False,False,,,,,
9b3ab65437c1f85ba08b,v3_new2_cube_random_19,cube_random,FAIL,FAIL,NO_QUALIFYING_CONTINUOUS_INTERVAL,True,True,20.338,0.0,0.0,5.551115123125783e-17,809a9ebb382ee2cbe2ee699454fcfe168d6e978cede47b787c54b72007174c76
9b8328c29fa694de50fb,v3_new3_cube_random_13,cube_random,FAIL,FAIL,UNCHANGED_COMMON_CONDITION_FAIL,False,False,,,,,
9c4ffbc5384375c45ee0,v3_new1_cube_random_09,cube_random,FAIL,FAIL,UNCHANGED_COMMON_CONDITION_FAIL,False,False,,,,,
9cdf377c60dcd79c040c,v3_new1_flat_box_random_09,flat_box_random,FAIL,FAIL,NO_QUALIFYING_CONTINUOUS_INTERVAL,True,True,15.248000000000001,0.0,0.0,2.7755575615628914e-17,94d2e735dce9a35bf6bb6f6362da6b36710fd7fc5f88f65210111b51a3ac4b75
9cee7bbb9b12e7ed7c27,v3_new1_bar_random_19,bar_random,FAIL,FAIL,NO_QUALIFYING_CONTINUOUS_INTERVAL,True,True,15.636000000000001,0.0,0.0,5.551115123125783e-17,588843ee8ab3e5a55e47fdfb15d4cf4b616c9883a6b50ac061f3d6ea76401fb2
9cf7b6057c421bf1c3ff,v3_new3_cube_random_02,cube_random,FAIL,FAIL,NO_QUALIFYING_CONTINUOUS_INTERVAL,True,True,16.004,0.0,0.0,6.938893903907228e-17,36fe5f8ed928f84d60b33077728d0124f3ea2561e5cf04e4421b489fc529a283
9ddcf38ba48bbd0ba17b,v3_new1_cube_random_11,cube_random,FAIL,FAIL,UNCHANGED_COMMON_CONDITION_FAIL,False,False,,,,,
9e5e125e1ff0345bdcff,v3_new3_cube_random_02,cube_random,FAIL,FAIL,UNCHANGED_COMMON_CONDITION_FAIL,False,False,,,,,
9eb023c6b49c36129684,v3_new2_cube_random_17,cube_random,FAIL,FAIL,NO_QUALIFYING_CONTINUOUS_INTERVAL,True,True,15.092,0.03,0.03,5.551115123125783e-17,0044f0e4a7d2c1a7c4f07cfae2211006d2b70c8a2722d265e7e45771fa5acc28
9ecb45b05686ee60ae55,v3_new1_bar_random_08,bar_random,FAIL,FAIL,NO_QUALIFYING_CONTINUOUS_INTERVAL,True,True,15.406,0.0,0.0,5.551115123125783e-17,f218029c6ff122d5313cc10a7b74a9ea81a24b89cbac76799a817beef9cfe7be
9f522d4f264bfec0c597,v3_new1_flat_box_random_05,flat_box_random,FAIL,FAIL,UNCHANGED_COMMON_CONDITION_FAIL,False,False,,,,,
9f554396406df227e5de,v3_new3_bar_random_16,bar_random,FAIL,FAIL,NO_QUALIFYING_CONTINUOUS_INTERVAL,True,True,15.49,0.0,0.0,5.551115123125783e-17,d80e140587f6cf9ad096dda8fe10dbe8c43be525fff3671a5299e7f274a898fb
9f78b867ab5f5a761b0a,v3_new3_cube_random_11,cube_random,FAIL,FAIL,UNCHANGED_COMMON_CONDITION_FAIL,False,False,,,,,
9f8560fce51c71776ac7,v3_new3_flat_box_random_12,flat_box_random,FAIL,FAIL,UNCHANGED_COMMON_CONDITION_FAIL,False,False,,,,,
9f859e2dcb846fafc726,v3_new1_cube_random_00,cube_random,FAIL,FAIL,UNCHANGED_COMMON_CONDITION_FAIL,False,False,,,,,
a014c69c06ef162298cc,v3_new2_bar_random_03,bar_random,FAIL,FAIL,NO_QUALIFYING_CONTINUOUS_INTERVAL,True,True,16.114,0.0,0.0,5.551115123125783e-17,601c077f212ac6ec0bf4c0983c2b9a50bf213e5c1eb1bda4f004d604df71da82
a029a4a79d4c7ec0b9bc,v3_new3_bar_random_02,bar_random,FAIL,FAIL,NO_QUALIFYING_CONTINUOUS_INTERVAL,True,True,15.284,0.0,0.0,4.163336342344337e-17,991bd7f4d147f1255597a41972f749a8213239f6805d221849e63fd987019199
a143783fb56c45c59554,v3_new1_flat_box_random_06,flat_box_random,FAIL,FAIL,UNCHANGED_COMMON_CONDITION_FAIL,False,False,,,,,
a1d554287902b6723c99,v3_new1_bar_random_07,bar_random,FAIL,FAIL,NO_QUALIFYING_CONTINUOUS_INTERVAL,True,True,15.348,0.0,0.0,5.551115123125783e-17,6d47d5c47916679c15a4fb839c5e0f350900c5e3cca45a75459e3e353c2e0852
a1f12131b3707d0c43b8,v3_new2_cube_random_03,cube_random,FAIL,FAIL,NO_QUALIFYING_CONTINUOUS_INTERVAL,True,True,15.252,0.0,0.0,5.551115123125783e-17,29a16c755f91de1f90cc0905f89e6e64e002f0194ba19ad4b19ceeec54a6cb79
a2b5f163218b423df585,v3_new1_bar_random_08,bar_random,FAIL,FAIL,NO_QUALIFYING_CONTINUOUS_INTERVAL,True,True,15.39,0.0,0.0,5.551115123125783e-17,a6e472bbd46ceef8a5ae5113f58f36a97bb14ed3f7e4d7276ffecaab2e99ae85
a32539e8f17d23bec41d,v3_new2_cube_random_13,cube_random,FAIL,FAIL,UNCHANGED_COMMON_CONDITION_FAIL,False,False,,,,,
a363c9af16aeceb3d6e0,v3_new2_cube_random_07,cube_random,FAIL,FAIL,NO_QUALIFYING_CONTINUOUS_INTERVAL,True,True,15.116,0.008,0.008,5.551115123125783e-17,7c8ecb43fde00a2a40cffa8019e48427c25c38185714db4b0477dcdebf030d88
a474a4912848db5f0ad7,v3_new2_bar_random_03,bar_random,FAIL,FAIL,UNCHANGED_COMMON_CONDITION_FAIL,False,False,,,,,
a55ef7bc14c2f4e810d1,v3_new3_cube_random_17,cube_random,FAIL,FAIL,UNCHANGED_COMMON_CONDITION_FAIL,False,False,,,,,
a63fe3fc175574954038,v3_new1_cube_random_19,cube_random,FAIL,FAIL,NO_QUALIFYING_CONTINUOUS_INTERVAL,True,True,15.128,0.004,0.004,5.551115123125783e-17,539ac1aa0a21ae87894e83066fb5209dab0b030aea934442346cea874e607477
a66d0fe2aa2fc20396e4,v3_new3_cube_random_18,cube_random,FAIL,FAIL,UNCHANGED_COMMON_CONDITION_FAIL,False,False,,,,,
a7a6295207867128e9e9,v3_new3_cube_random_02,cube_random,FAIL,FAIL,NO_QUALIFYING_CONTINUOUS_INTERVAL,True,True,20.434,0.0,0.0,6.938893903907228e-17,68472799a1515e60f2a1a147c87ef608aa4586f91ab85ebec0bb29334ef79bdf
a7b2dc8ab980cd87b64d,v3_new2_cube_random_08,cube_random,FAIL,FAIL,NO_QUALIFYING_CONTINUOUS_INTERVAL,True,True,20.464000000000002,0.0,0.0,5.551115123125783e-17,3fb4c4ae389a70cd54a6922a6f32706b0c8d3c67a561106ca8145a22f25c20b9
a7c38b4b582723fe6a97,v3_new2_bar_random_03,bar_random,FAIL,FAIL,UNCHANGED_COMMON_CONDITION_FAIL,False,False,,,,,
a8771e00744f3379160e,v3_new3_cube_random_14,cube_random,FAIL,FAIL,NO_QUALIFYING_CONTINUOUS_INTERVAL,True,True,15.106,0.008,0.008,6.938893903907228e-17,99eb37974afcacbc1410cd13718109aefef39952680e1f7ac1de13bffb38a579
a8f989ebffcd7c6050c1,v3_new2_bar_random_02,bar_random,FAIL,FAIL,UNCHANGED_COMMON_CONDITION_FAIL,False,False,,,,,
aac7d5556bf814a9e080,v3_new1_cube_random_12,cube_random,FAIL,FAIL,UNCHANGED_COMMON_CONDITION_FAIL,False,False,,,,,
aafedf4c388f11c8a83e,v3_new3_flat_box_random_11,flat_box_random,FAIL,FAIL,NO_QUALIFYING_CONTINUOUS_INTERVAL,True,True,15.23,0.004,0.004,2.7755575615628914e-17,6e6adb37bd27b5d8917a0021ca0e71eeb8a6203599bb7b25423b4ed75d883f5f
ab43a06d2e52fdf6938f,v3_new2_cube_random_01,cube_random,FAIL,FAIL,NO_QUALIFYING_CONTINUOUS_INTERVAL,True,True,17.108,0.0,0.0,5.551115123125783e-17,210fa4f498750e49f5b88ee1a5dc2feeda2df651319646218f67acba5a581d8c
ab6760804cb48a5f0fe3,v3_new1_bar_random_17,bar_random,FAIL,FAIL,NO_QUALIFYING_CONTINUOUS_INTERVAL,True,True,15.588000000000001,0.0,0.0,5.551115123125783e-17,baae38116b0e523ea9b775716267147ce575a5cb71078c89de93336a394bbfad
ac6074f170a620f192ac,v3_new1_cube_random_19,cube_random,FAIL,FAIL,UNCHANGED_COMMON_CONDITION_FAIL,False,False,,,,,
ac7ae2413bde13f51130,v3_new1_cube_random_16,cube_random,FAIL,FAIL,UNCHANGED_COMMON_CONDITION_FAIL,False,False,,,,,
adfc57b03001ddaf081a,v3_new1_cube_random_12,cube_random,FAIL,FAIL,UNCHANGED_COMMON_CONDITION_FAIL,False,False,,,,,
af923f013fa44eb4aafc,v3_new1_bar_random_19,bar_random,FAIL,FAIL,NO_QUALIFYING_CONTINUOUS_INTERVAL,True,True,15.316,0.0,0.0,5.551115123125783e-17,4a1d2334d618290c1719350e2e676d3d8e4db24e5ff814198281a69b20af4f82
b0382e005eafd8b617dd,v3_new2_bar_random_19,bar_random,FAIL,FAIL,UNCHANGED_COMMON_CONDITION_FAIL,False,False,,,,,
b199fb7ecc4db7a13bc7,v3_new3_cube_random_06,cube_random,FAIL,FAIL,NO_QUALIFYING_CONTINUOUS_INTERVAL,True,True,15.856,0.0,0.0,5.551115123125783e-17,29cab6560e53e1cfd3513538cac4379ba3800d952bd1e4ca448fc362ef01d76a
b1fe4dbcbbf9be46b06b,v3_new1_flat_box_random_05,flat_box_random,FAIL,FAIL,NO_QUALIFYING_CONTINUOUS_INTERVAL,True,True,15.286,0.002,0.002,2.7755575615628914e-17,4c5e6b5b0d5a75acf4e5141522574bf0575e3885e900af59f65ac321e3fbd16c
b30f077026546b09e77c,v3_new2_flat_box_random_13,flat_box_random,FAIL,FAIL,UNCHANGED_COMMON_CONDITION_FAIL,False,False,,,,,
b3475d4c2db4c299df74,v3_new3_cube_random_13,cube_random,FAIL,FAIL,NO_QUALIFYING_CONTINUOUS_INTERVAL,True,True,15.14,0.004,0.004,6.938893903907228e-17,537d2a86fa2f5639a4476d504a9b543b0a8d62f9055a637ed63022fd9b98cfc9
b3e81fa890ba12138a9a,v3_new1_flat_box_random_05,flat_box_random,FAIL,FAIL,UNCHANGED_COMMON_CONDITION_FAIL,False,False,,,,,
b413f5e1b655ff0f0e3c,v3_new3_flat_box_random_06,flat_box_random,FAIL,FAIL,NO_QUALIFYING_CONTINUOUS_INTERVAL,True,True,15.206,0.0,0.0,2.7755575615628914e-17,d5756b4418924b8f956f917645ef9b6cb1955845740060bee156c581b1aba789
b6037f1b448425603a0a,v3_new3_cube_random_05,cube_random,FAIL,FAIL,UNCHANGED_COMMON_CONDITION_FAIL,False,False,,,,,
b65cc2d20b2a059ecab5,v3_new2_bar_random_01,bar_random,FAIL,FAIL,UNCHANGED_COMMON_CONDITION_FAIL,False,False,,,,,
b8140768773c71b6bf5c,v3_new1_cube_random_18,cube_random,FAIL,FAIL,NO_QUALIFYING_CONTINUOUS_INTERVAL,True,True,13.902000000000001,1.844,1.844,5.551115123125783e-17,e7e43097e81794e04eeb5fc81f98abaed88fd602e3bb32fed996a81db6d4b130
b844c33693ea2007c44c,v3_new3_cube_random_07,cube_random,FAIL,FAIL,UNCHANGED_COMMON_CONDITION_FAIL,False,False,,,,,
b860f245271c473265e2,v3_new3_cube_random_08,cube_random,FAIL,FAIL,NO_QUALIFYING_CONTINUOUS_INTERVAL,True,True,17.126,0.0,0.0,5.551115123125783e-17,0c05b3d88b58a9b90b98ad1b35d2fd96f45788231ed8a0393467d2d32912be86
b86e8efcd169088efcce,v3_new3_flat_box_random_18,flat_box_random,FAIL,FAIL,NO_QUALIFYING_CONTINUOUS_INTERVAL,True,True,15.202,0.0,0.0,2.7755575615628914e-17,4a591c9b32a4d2687c9b30bab6935e4bd013185d1db481d92fa9dd586cf62589
b896229e41038db3b12d,v3_new1_cube_random_16,cube_random,FAIL,FAIL,UNCHANGED_COMMON_CONDITION_FAIL,False,False,,,,,
b8d5e4e4028b9372eebe,v3_new2_flat_box_random_06,flat_box_random,FAIL,FAIL,UNCHANGED_COMMON_CONDITION_FAIL,False,False,,,,,
b9a3483009ebaed5e9a9,v3_new3_cube_random_08,cube_random,FAIL,FAIL,NO_QUALIFYING_CONTINUOUS_INTERVAL,True,True,15.188,0.0,0.0,5.551115123125783e-17,bc92f654678b5c7fe7ba298548ebedc9d09193a0ec65a3bff49b5f286de0c594
bcafe1d65a031e8f640c,v3_new1_cube_random_02,cube_random,FAIL,FAIL,UNCHANGED_COMMON_CONDITION_FAIL,False,False,,,,,
bdb3e2b8740992af1960,v3_new2_cube_random_15,cube_random,FAIL,FAIL,UNCHANGED_COMMON_CONDITION_FAIL,False,False,,,,,
bdf12a631adc1b72027a,v3_new1_cube_random_05,cube_random,FAIL,FAIL,UNCHANGED_COMMON_CONDITION_FAIL,False,False,,,,,
be17d16f0276b13a5a3f,v3_new1_cube_random_04,cube_random,FAIL,FAIL,UNCHANGED_COMMON_CONDITION_FAIL,False,False,,,,,
be5fa8e1f7a567a1a260,v3_new1_flat_box_random_09,flat_box_random,FAIL,FAIL,UNCHANGED_COMMON_CONDITION_FAIL,False,False,,,,,
bf846adb5e57fc29e589,v3_new1_cube_random_14,cube_random,FAIL,FAIL,NO_QUALIFYING_CONTINUOUS_INTERVAL,True,True,13.178,3.246,3.246,5.551115123125783e-17,cf2586c2fbbd2d133797537cd8b756427f3b43d5793aea5fdcefb3348552f4be
bfe00f78f17d9ba86e67,v3_new3_cube_random_06,cube_random,FAIL,FAIL,NO_QUALIFYING_CONTINUOUS_INTERVAL,True,True,15.376,0.0,0.0,5.551115123125783e-17,1150940d029ebd99fe95083153f6e28c95cc23a8d4011fa98526f88051e8aaf3
c1a34d93f79f6e9f9df7,v3_new1_bar_random_07,bar_random,FAIL,FAIL,NO_QUALIFYING_CONTINUOUS_INTERVAL,True,True,15.326,0.0,0.0,5.551115123125783e-17,6fa4feb71ad7b81ac992446dbbc5c8062e70f9c18003b43bc92b1f72e0a8123b
c1d27fcbcf971a46f945,v3_new3_flat_box_random_00,flat_box_random,FAIL,FAIL,UNCHANGED_COMMON_CONDITION_FAIL,False,False,,,,,
c1d69f41eb6ec1ecb6ab,v3_new3_bar_random_02,bar_random,FAIL,FAIL,UNCHANGED_COMMON_CONDITION_FAIL,False,False,,,,,
c269bdfb02827a281937,v3_new3_bar_random_00,bar_random,FAIL,FAIL,UNCHANGED_COMMON_CONDITION_FAIL,False,False,,,,,
c285ab54e9aab5b6c7d4,v3_new3_cube_random_16,cube_random,FAIL,FAIL,UNCHANGED_COMMON_CONDITION_FAIL,False,False,,,,,
c2ea4925982b4101cda3,v3_new2_bar_random_12,bar_random,FAIL,FAIL,NO_QUALIFYING_CONTINUOUS_INTERVAL,True,True,15.4,0.0,0.0,4.163336342344337e-17,c8449d349cb39d232e49d34e5f94b6c03d3cc44ffc7882b8399c8f7e47b6799e
c3030c8d601781ed8683,v3_new2_bar_random_13,bar_random,FAIL,FAIL,NO_QUALIFYING_CONTINUOUS_INTERVAL,True,True,15.696,0.0,0.0,5.551115123125783e-17,f08b0175b8c644d9ee5503f947c8abc2b0d1c2975681fcd0d87c580dd661f5ea
c3325f9c2fcd37c34aa6,v3_new1_cube_random_19,cube_random,FAIL,FAIL,NO_QUALIFYING_CONTINUOUS_INTERVAL,True,True,15.108,0.022,0.022,6.938893903907228e-17,b912dc5e6e209287d87bcc91225a7473009d591e169e59765aee0d15ddcac06b
c3c94df8504b49015b5f,v3_new1_cube_random_16,cube_random,FAIL,FAIL,NO_QUALIFYING_CONTINUOUS_INTERVAL,True,True,15.34,0.0,0.0,6.938893903907228e-17,989d4020c85ba4f772ba9fffa6e6c72600f32b09d4e5d71662ad8f5a6b1177c2
c3da5130e64bdddc9d9c,v3_new1_bar_random_07,bar_random,FAIL,FAIL,UNCHANGED_COMMON_CONDITION_FAIL,False,False,,,,,
c418e59dfbd224d31acf,v3_new3_flat_box_random_06,flat_box_random,FAIL,FAIL,UNCHANGED_COMMON_CONDITION_FAIL,False,False,,,,,
c442e36582af28860f2e,v3_new1_cube_random_03,cube_random,FAIL,FAIL,NO_QUALIFYING_CONTINUOUS_INTERVAL,True,True,15.106,0.008,0.008,6.938893903907228e-17,3f8e3739fb8e7a99611ff6b4777354c891f3f887681d788d608067c10139d61a
c481c8f88cb37f446165,v3_new3_flat_box_random_13,flat_box_random,FAIL,FAIL,UNCHANGED_COMMON_CONDITION_FAIL,False,False,,,,,
c4d9bc829431f14a2380,v3_new2_cube_random_13,cube_random,FAIL,FAIL,UNCHANGED_COMMON_CONDITION_FAIL,False,False,,,,,
c513bf0f2b71560be8a0,v3_new2_bar_random_01,bar_random,FAIL,FAIL,UNCHANGED_COMMON_CONDITION_FAIL,False,False,,,,,
c5424769ce0a3400e27c,v3_new2_cube_random_03,cube_random,FAIL,FAIL,UNCHANGED_COMMON_CONDITION_FAIL,False,False,,,,,
c57c05ffb3daf9ba7b45,v3_new3_bar_random_00,bar_random,FAIL,FAIL,UNCHANGED_COMMON_CONDITION_FAIL,False,False,,,,,
c5eed1152b8fa25913c7,v3_new3_cube_random_13,cube_random,FAIL,FAIL,NO_QUALIFYING_CONTINUOUS_INTERVAL,True,True,20.496,0.0,0.0,8.326672684688674e-17,cb799dfaf008e1f53780bc234c7666aafd572c117d74333a88776d6887e4adcc
c6d2a31ce32f2549a3f5,v3_new3_flat_box_random_09,flat_box_random,FAIL,FAIL,UNCHANGED_COMMON_CONDITION_FAIL,False,False,,,,,
c75ecb76b39241594a6a,v3_new2_bar_random_19,bar_random,FAIL,FAIL,NO_QUALIFYING_CONTINUOUS_INTERVAL,True,True,15.620000000000001,0.0,0.0,5.551115123125783e-17,720c7e24487d9ef9c22582628e362e000e7f161dfdf9398836a205b82ce7b3e3
c851ecfd7a81435e78e9,v3_new3_flat_box_random_12,flat_box_random,FAIL,FAIL,UNCHANGED_COMMON_CONDITION_FAIL,False,False,,,,,
c8674e008e998d1fd622,v3_new3_flat_box_random_09,flat_box_random,FAIL,FAIL,UNCHANGED_COMMON_CONDITION_FAIL,False,False,,,,,
c8f95b6741138aaa5d93,v3_new2_cube_random_02,cube_random,FAIL,FAIL,UNCHANGED_COMMON_CONDITION_FAIL,False,False,,,,,
c94c6600dc120d939a7b,v3_new3_cube_random_08,cube_random,FAIL,FAIL,UNCHANGED_COMMON_CONDITION_FAIL,False,False,,,,,
c9944c75a68bf47b3f6e,v3_new1_cube_random_17,cube_random,FAIL,FAIL,UNCHANGED_COMMON_CONDITION_FAIL,False,False,,,,,
ca6f1fe1bf892f53d37c,v3_new3_cube_random_11,cube_random,FAIL,FAIL,UNCHANGED_COMMON_CONDITION_FAIL,False,False,,,,,
caed6618a2f7b9f7113b,v3_new3_bar_random_18,bar_random,FAIL,FAIL,NO_QUALIFYING_CONTINUOUS_INTERVAL,True,True,15.214,0.0,0.0,5.551115123125783e-17,c5acdc991787f9c02c6525bc3f66e2d2a967d8785b4b77e323303fc8f79f873e
cbb211c0f11e1674f290,v3_new2_cube_random_05,cube_random,FAIL,FAIL,UNCHANGED_COMMON_CONDITION_FAIL,False,False,,,,,
cc26afc8565a710572e9,v3_new3_cube_random_10,cube_random,FAIL,FAIL,NO_QUALIFYING_CONTINUOUS_INTERVAL,True,True,15.096,0.036000000000000004,0.036000000000000004,5.551115123125783e-17,15626fd089ec5230aa32108011ec3d9c13374d514aa891ab3ac9bbaa6c440048
cc4c13057b8ad11aef64,v3_new2_cube_random_01,cube_random,FAIL,FAIL,UNCHANGED_COMMON_CONDITION_FAIL,False,False,,,,,
cc979c845723e159ef53,v3_new1_cube_random_07,cube_random,FAIL,FAIL,UNCHANGED_COMMON_CONDITION_FAIL,False,False,,,,,
cd6fb912a6626d5a8ba0,v3_new2_cube_random_02,cube_random,FAIL,FAIL,UNCHANGED_COMMON_CONDITION_FAIL,False,False,,,,,
cdaa44b34d235de23472,v3_new3_bar_random_18,bar_random,FAIL,FAIL,UNCHANGED_COMMON_CONDITION_FAIL,False,False,,,,,
ce2d9e2f7fc3e4c69569,v3_new3_bar_random_09,bar_random,FAIL,FAIL,UNCHANGED_COMMON_CONDITION_FAIL,False,False,,,,,
d00ceaf9e5c0ac674e55,v3_new2_bar_random_13,bar_random,FAIL,FAIL,NO_QUALIFYING_CONTINUOUS_INTERVAL,True,True,15.488,0.0,0.0,5.551115123125783e-17,6ae2ecb969a820726acaf0fa823ef5d801c5f1f59350d4798026cf5d8418947e
d045bbc2dbd96c046716,v3_new3_bar_random_09,bar_random,FAIL,FAIL,UNCHANGED_COMMON_CONDITION_FAIL,False,False,,,,,
d0480ebec817ae1e80df,v3_new2_cube_random_00,cube_random,FAIL,FAIL,NO_QUALIFYING_CONTINUOUS_INTERVAL,True,True,18.772000000000002,1.736,1.736,5.551115123125783e-17,8f60bb39b7e2f3802b9cf524d25d5a4b3815a7f22d78f6f018ac33cff53c5323
d0b111c388475d44967b,v3_new2_bar_random_12,bar_random,FAIL,FAIL,UNCHANGED_COMMON_CONDITION_FAIL,False,False,,,,,
d0bddacfb43f847dc823,v3_new3_cube_random_08,cube_random,FAIL,FAIL,UNCHANGED_COMMON_CONDITION_FAIL,False,False,,,,,
d190c27b235fef6af511,v3_new3_cube_random_09,cube_random,FAIL,FAIL,UNCHANGED_COMMON_CONDITION_FAIL,False,False,,,,,
d2519be47c7c6256c440,v3_new3_bar_random_12,bar_random,FAIL,FAIL,UNCHANGED_COMMON_CONDITION_FAIL,False,False,,,,,
d2921445aa186b86ec26,v3_new3_bar_random_09,bar_random,FAIL,FAIL,UNCHANGED_COMMON_CONDITION_FAIL,False,False,,,,,
d3631c2f61c59a11e94c,v3_new3_cube_random_17,cube_random,FAIL,FAIL,UNCHANGED_COMMON_CONDITION_FAIL,False,False,,,,,
d3a18b9d4bd9fb00e8ab,v3_new2_cube_random_09,cube_random,FAIL,FAIL,NO_QUALIFYING_CONTINUOUS_INTERVAL,True,True,15.174,0.0,0.0,5.551115123125783e-17,7b4598da1a527f6d184b2533e79f508a93cfa9441aa445384ab782302ff6ab8a
d4326302638cc8f8fd3f,v3_new3_flat_box_random_18,flat_box_random,FAIL,FAIL,NO_QUALIFYING_CONTINUOUS_INTERVAL,True,True,15.094000000000001,0.0,0.0,2.7755575615628914e-17,62fdeb88b8b96eaf5b7f41460cf4059366c3832ddea194f0a956a4266bdd592c
d49290caf039f77bba2d,v3_new2_cube_random_11,cube_random,FAIL,FAIL,UNCHANGED_COMMON_CONDITION_FAIL,False,False,,,,,
d51671a9d7dee86f2940,v3_new3_bar_random_15,bar_random,FAIL,FAIL,NO_QUALIFYING_CONTINUOUS_INTERVAL,True,True,15.926,0.0,0.0,4.163336342344337e-17,191020f6639e761395a8539b75812ee04bb900ab91728b3c86be5e2751a7beed
d62a4af81130f5c5b5df,v3_new1_cube_random_18,cube_random,FAIL,FAIL,NO_QUALIFYING_CONTINUOUS_INTERVAL,True,True,16.186,0.0,0.0,5.551115123125783e-17,ac7bdc34ed26fba764874ab63d42608dc1e9b5943c5bc4f6c5aea1a95b2aaae3
d694dcf25716d1221723,v3_new1_flat_box_random_11,flat_box_random,FAIL,FAIL,UNCHANGED_COMMON_CONDITION_FAIL,False,False,,,,,
d77708126552631fd065,v3_new2_bar_random_13,bar_random,FAIL,FAIL,UNCHANGED_COMMON_CONDITION_FAIL,False,False,,,,,
d7fb1ec98d44eeeed738,v3_new3_cube_random_05,cube_random,FAIL,FAIL,NO_QUALIFYING_CONTINUOUS_INTERVAL,True,True,15.118,0.21,0.21,5.551115123125783e-17,6685ead71b73a140f3f1b943dfb67c1cd26ad79f2df4b30114cc398c9e09800d
d8d769fd90014b4badbd,v3_new2_cube_random_09,cube_random,FAIL,FAIL,UNCHANGED_COMMON_CONDITION_FAIL,False,False,,,,,
d8dea9ea8bb6c23a66fe,v3_new3_cube_random_01,cube_random,FAIL,FAIL,NO_QUALIFYING_CONTINUOUS_INTERVAL,True,True,19.556,0.01,0.01,5.551115123125783e-17,9853370a2faf4c430f1f15b638275af4b4eef4f66cdb42daa88a9b982d91413b
d96c40980d7407be387d,v3_new1_cube_random_08,cube_random,FAIL,FAIL,UNCHANGED_COMMON_CONDITION_FAIL,False,False,,,,,
d9daf80029321915d1e0,v3_new2_bar_random_19,bar_random,FAIL,FAIL,UNCHANGED_COMMON_CONDITION_FAIL,False,False,,,,,
da8d424141189907753d,v3_new3_bar_random_15,bar_random,FAIL,FAIL,UNCHANGED_COMMON_CONDITION_FAIL,False,False,,,,,
daf45bc5ac15a59d3069,v3_new2_cube_random_09,cube_random,FAIL,FAIL,NO_QUALIFYING_CONTINUOUS_INTERVAL,True,True,15.048,0.002,0.002,5.551115123125783e-17,f8f98358d889fd78f7c268d6c8f5ee6c85a50d7f561559adf3dd07a0173a1490
daf74a0f2ef4a3da61de,v3_new2_bar_random_11,bar_random,FAIL,FAIL,UNCHANGED_COMMON_CONDITION_FAIL,False,False,,,,,
db652cd731f60db64113,v3_new2_flat_box_random_13,flat_box_random,FAIL,FAIL,UNCHANGED_COMMON_CONDITION_FAIL,False,False,,,,,
dbc6ac6a2d573159c06a,v3_new3_bar_random_10,bar_random,FAIL,FAIL,NO_QUALIFYING_CONTINUOUS_INTERVAL,True,True,15.14,0.0,0.0,5.551115123125783e-17,d369531937712fd1b8d2ebadbb4ca2b6f6e2816f33405533d2366de4c190a701
dc515f3c0936e21c6aa3,v3_new1_cube_random_16,cube_random,FAIL,FAIL,NO_QUALIFYING_CONTINUOUS_INTERVAL,True,True,20.844,0.0,0.0,6.938893903907228e-17,c026c4fb494c25c4c5d2e0206aff39f3820d0f9923a89b03558c8d00edf01a5e
dcf8ec98eb32288bad02,v3_new3_bar_random_10,bar_random,FAIL,FAIL,UNCHANGED_COMMON_CONDITION_FAIL,False,False,,,,,
dd40f1f1098d092ee5c4,v3_new3_bar_random_05,bar_random,FAIL,FAIL,NO_QUALIFYING_CONTINUOUS_INTERVAL,True,True,15.926,0.0,0.0,5.551115123125783e-17,e98b937593cd51d0ff3dcc5dcbf71a271f71b550e10d4fda18505043125f6694
de3c137e9da63c131ea5,v3_new1_cube_random_02,cube_random,FAIL,FAIL,NO_QUALIFYING_CONTINUOUS_INTERVAL,True,True,15.094000000000001,0.384,0.384,5.551115123125783e-17,9f2036c100e3648ae9394dba39b357c0c0377fd5c0564b29bae5cb064b542c3f
de7526b1eb71b05689b8,v3_new3_cube_random_06,cube_random,FAIL,FAIL,UNCHANGED_COMMON_CONDITION_FAIL,False,False,,,,,
dea989e3e0876790c6e7,v3_new2_cube_random_19,cube_random,FAIL,FAIL,UNCHANGED_COMMON_CONDITION_FAIL,False,False,,,,,
dec67b951f182bcc97ce,v3_new1_cube_random_05,cube_random,FAIL,FAIL,NO_QUALIFYING_CONTINUOUS_INTERVAL,True,True,15.106,0.006,0.006,5.551115123125783e-17,41134abdbb083fe80bf01374d6b32750e35d04c445a8ab4ca7f371f20984f171
df40af0d7b41cccc1711,v3_new3_flat_box_random_13,flat_box_random,FAIL,FAIL,UNCHANGED_COMMON_CONDITION_FAIL,False,False,,,,,
df4ceef6845acbea6df7,v3_new2_cube_random_02,cube_random,FAIL,FAIL,NO_QUALIFYING_CONTINUOUS_INTERVAL,True,True,15.146,0.006,0.006,6.938893903907228e-17,74b79aa6d87478913c40aa6c3a772f4dae1e4c4e741d97c989e12e86234f2562
df7f3d0235cf8c6620d6,v3_new1_cube_random_17,cube_random,FAIL,FAIL,NO_QUALIFYING_CONTINUOUS_INTERVAL,True,True,20.392,0.0,0.0,5.551115123125783e-17,59a926936c465015abe31258fd5e133e2ca40e589f2aa1d41f88906e8a5a3f59
df93fe45865d231cc459,v3_new3_flat_box_random_17,flat_box_random,FAIL,FAIL,UNCHANGED_COMMON_CONDITION_FAIL,False,False,,,,,
e046d83180d774efc2e2,v3_new2_cube_random_15,cube_random,FAIL,FAIL,UNCHANGED_COMMON_CONDITION_FAIL,False,False,,,,,
e06fef85e193f7064778,v3_new3_flat_box_random_09,flat_box_random,FAIL,FAIL,UNCHANGED_COMMON_CONDITION_FAIL,False,False,,,,,
e0d72d4dee9d7793f6b8,v3_new3_cube_random_05,cube_random,FAIL,FAIL,UNCHANGED_COMMON_CONDITION_FAIL,False,False,,,,,
e0fb19437a563f4e2297,v3_new1_cube_random_12,cube_random,FAIL,FAIL,UNCHANGED_COMMON_CONDITION_FAIL,False,False,,,,,
e10ff1b145ae6d97e3fa,v3_new3_cube_random_14,cube_random,FAIL,FAIL,UNCHANGED_COMMON_CONDITION_FAIL,False,False,,,,,
e1551b2a558b8677def8,v3_new3_flat_box_random_11,flat_box_random,FAIL,FAIL,UNCHANGED_COMMON_CONDITION_FAIL,False,False,,,,,
e1a535089c4ebe1ad932,v3_new3_cube_random_13,cube_random,FAIL,FAIL,UNCHANGED_COMMON_CONDITION_FAIL,False,False,,,,,
e2360b2b085dec1062b1,v3_new3_cube_random_07,cube_random,FAIL,FAIL,NO_QUALIFYING_CONTINUOUS_INTERVAL,True,True,20.44,0.0,0.0,5.551115123125783e-17,1b0d0fca30d7a396e03d1f1791791fe9c3eb89b3ee93608faf12cea0b667f736
e24787acfaf13eeb532f,v3_new3_cube_random_02,cube_random,FAIL,FAIL,UNCHANGED_COMMON_CONDITION_FAIL,False,False,,,,,
e2b9210c0ecf69a89114,v3_new2_cube_random_15,cube_random,FAIL,FAIL,NO_QUALIFYING_CONTINUOUS_INTERVAL,True,True,15.134,0.002,0.002,5.551115123125783e-17,898465af7903653e123cb9fd14487dc6755a2fd2adc7829c468732e62cf54dae
e2f0ddd9416b24ecd237,v3_new1_cube_random_02,cube_random,FAIL,FAIL,UNCHANGED_COMMON_CONDITION_FAIL,False,False,,,,,
e3243adb62a690238cd3,v3_new3_flat_box_random_18,flat_box_random,FAIL,FAIL,NO_QUALIFYING_CONTINUOUS_INTERVAL,True,True,17.084,0.002,0.002,2.7755575615628914e-17,64357462be655dee137aa1cd612d108ed20f272a28bf809cec6fd368d9ac5656
e33fa59cccac3d1865a8,v3_new2_cube_random_12,cube_random,FAIL,FAIL,UNCHANGED_COMMON_CONDITION_FAIL,False,False,,,,,
e35354a6d9d86ebf3acd,v3_new1_cube_random_15,cube_random,FAIL,FAIL,UNCHANGED_COMMON_CONDITION_FAIL,False,False,,,,,
e4080c25564d2b017c79,v3_new3_cube_random_16,cube_random,FAIL,FAIL,NO_QUALIFYING_CONTINUOUS_INTERVAL,True,True,15.206,0.0,0.0,5.551115123125783e-17,da0106d9cd5e9c9c03963ca9272a41c29f4fdc9e93ad4d1772cc1883382fa0ac
e4160af481811de4ffcc,v3_new1_flat_box_random_16,flat_box_random,FAIL,FAIL,NO_QUALIFYING_CONTINUOUS_INTERVAL,True,True,15.094000000000001,0.0,0.0,2.7755575615628914e-17,101a149b899ea5fd79675254db34d9997785cee1ab2febdcc484941d107d67d3
e45359827346999aa441,v3_new3_flat_box_random_12,flat_box_random,FAIL,FAIL,UNCHANGED_COMMON_CONDITION_FAIL,False,False,,,,,
e492e300cc679d8c30e8,v3_new1_cube_random_15,cube_random,FAIL,FAIL,NO_QUALIFYING_CONTINUOUS_INTERVAL,True,True,15.834,0.0,0.0,6.938893903907228e-17,07dc5396b00bc3f93dd19b512f077826cb6a9eaea3588dd49edeea0590fc8d19
e587f92abf453a4c02e0,v3_new1_cube_random_14,cube_random,FAIL,FAIL,UNCHANGED_COMMON_CONDITION_FAIL,False,False,,,,,
e73e186e2db4aca5e0f8,v3_new2_cube_random_02,cube_random,FAIL,FAIL,UNCHANGED_COMMON_CONDITION_FAIL,False,False,,,,,
e75fd3e250b2dae3f752,v3_new3_cube_random_15,cube_random,FAIL,FAIL,NO_QUALIFYING_CONTINUOUS_INTERVAL,True,True,19.516000000000002,0.002,0.002,5.551115123125783e-17,b2b75d41f2212981c88293a18eec97525c2011ab74e672cd23b61d5fdd72742a
e86ff2a3a7e536779238,v3_new2_flat_box_random_13,flat_box_random,FAIL,FAIL,NO_QUALIFYING_CONTINUOUS_INTERVAL,True,True,15.176,0.0,0.0,2.7755575615628914e-17,4545090a91d3e531827a3d346e19933a6b99340580cd72d1414e59ba3b60e2e4
e92af4e2c7428b2d442e,v3_new1_flat_box_random_05,flat_box_random,FAIL,FAIL,UNCHANGED_COMMON_CONDITION_FAIL,False,False,,,,,
e9d095a38059f14f3fe5,v3_new2_cube_random_01,cube_random,FAIL,FAIL,UNCHANGED_COMMON_CONDITION_FAIL,False,False,,,,,
e9e6b9692f8fc0ec40f6,v3_new3_flat_box_random_17,flat_box_random,FAIL,FAIL,UNCHANGED_COMMON_CONDITION_FAIL,False,False,,,,,
eb2ca70710ab65de68c2,v3_new3_cube_random_15,cube_random,FAIL,FAIL,UNCHANGED_COMMON_CONDITION_FAIL,False,False,,,,,
eb928eb8ece926250732,v3_new1_cube_random_03,cube_random,FAIL,FAIL,UNCHANGED_COMMON_CONDITION_FAIL,False,False,,,,,
ec61a6df65c9bab1a4a6,v3_new2_cube_random_03,cube_random,FAIL,FAIL,UNCHANGED_COMMON_CONDITION_FAIL,False,False,,,,,
ecb963208c4900a669a0,v3_new1_cube_random_04,cube_random,FAIL,FAIL,UNCHANGED_COMMON_CONDITION_FAIL,False,False,,,,,
ed2d800bfd4e32cde049,v3_new1_cube_random_18,cube_random,FAIL,FAIL,NO_QUALIFYING_CONTINUOUS_INTERVAL,True,True,15.094000000000001,0.006,0.006,5.551115123125783e-17,cd0045d5378ffbe02477ce6b07fe814b63632a3cc81d899b329af0612cbe33c3
ee68817537a25a99df8d,v3_new3_bar_random_12,bar_random,FAIL,FAIL,NO_QUALIFYING_CONTINUOUS_INTERVAL,True,True,15.414,0.0,0.0,5.551115123125783e-17,d0a013e64e1136c38891ec2efaac6581d1358d9f8d4a4b3c7b3e9ae2073d0199
ee94b795f3b33fffb313,v3_new3_flat_box_random_18,flat_box_random,FAIL,FAIL,UNCHANGED_COMMON_CONDITION_FAIL,False,False,,,,,
eea35d3228c60e585891,v3_new1_cube_random_05,cube_random,FAIL,FAIL,UNCHANGED_COMMON_CONDITION_FAIL,False,False,,,,,
ef52590f435f1a4ad8a2,v3_new3_cube_random_09,cube_random,FAIL,FAIL,UNCHANGED_COMMON_CONDITION_FAIL,False,False,,,,,
f015626683767e5a234e,v3_new3_bar_random_02,bar_random,FAIL,FAIL,NO_QUALIFYING_CONTINUOUS_INTERVAL,True,True,15.6,0.0,0.0,5.551115123125783e-17,85dd4087df3dff23236d02a8265864363446b844609a1fe730642f140d33ab6b
f1427292d6fd7ba53eab,v3_new3_flat_box_random_18,flat_box_random,FAIL,FAIL,UNCHANGED_COMMON_CONDITION_FAIL,False,False,,,,,
f20ab2db287b9002990d,v3_new1_bar_random_07,bar_random,FAIL,FAIL,UNCHANGED_COMMON_CONDITION_FAIL,False,False,,,,,
f34dc25df3d2f9ada31e,v3_new3_cube_random_17,cube_random,FAIL,FAIL,UNCHANGED_COMMON_CONDITION_FAIL,False,False,,,,,
f35cfabd8429ad663eaf,v3_new2_cube_random_03,cube_random,FAIL,FAIL,UNCHANGED_COMMON_CONDITION_FAIL,False,False,,,,,
f3665752d81a9d6ade24,v3_new3_flat_box_random_11,flat_box_random,FAIL,FAIL,UNCHANGED_COMMON_CONDITION_FAIL,False,False,,,,,
f46f7f23049812420c9a,v3_new3_flat_box_random_13,flat_box_random,FAIL,FAIL,UNCHANGED_COMMON_CONDITION_FAIL,False,False,,,,,
f54a1b6dc8a608f985e9,v3_new3_cube_random_15,cube_random,FAIL,FAIL,UNCHANGED_COMMON_CONDITION_FAIL,False,False,,,,,
f66a6d1410990e550bef,v3_new3_bar_random_16,bar_random,FAIL,FAIL,UNCHANGED_COMMON_CONDITION_FAIL,False,False,,,,,
f6724807f0b5d9614218,v3_new1_cube_random_19,cube_random,FAIL,FAIL,UNCHANGED_COMMON_CONDITION_FAIL,False,False,,,,,
f6d06e5d5e2e6d123a87,v3_new1_flat_box_random_11,flat_box_random,FAIL,FAIL,UNCHANGED_COMMON_CONDITION_FAIL,False,False,,,,,
f6d96eb710fb64f3daac,v3_new2_cube_random_13,cube_random,FAIL,FAIL,NO_QUALIFYING_CONTINUOUS_INTERVAL,True,True,15.27,0.0,0.0,6.938893903907228e-17,e7a95259f8e3a3bc638662b892f148951ff9285453a8a3ad5da880ee5c019f10
f846d3d7faf0d4360210,v3_new1_bar_random_08,bar_random,FAIL,FAIL,UNCHANGED_COMMON_CONDITION_FAIL,False,False,,,,,
f91909f50687e23d1c52,v3_new1_cube_random_19,cube_random,FAIL,FAIL,UNCHANGED_COMMON_CONDITION_FAIL,False,False,,,,,
f961bb336d4c36eccb04,v3_new3_cube_random_04,cube_random,FAIL,FAIL,UNCHANGED_COMMON_CONDITION_FAIL,False,False,,,,,
fa69a0d4ecdafea16d9e,v3_new1_cube_random_16,cube_random,FAIL,FAIL,UNCHANGED_COMMON_CONDITION_FAIL,False,False,,,,,
fa7f239f1add87386f8e,v3_new2_bar_random_02,bar_random,FAIL,FAIL,UNCHANGED_COMMON_CONDITION_FAIL,False,False,,,,,
fbd132f4a2a4ef85086d,v3_new2_bar_random_12,bar_random,FAIL,FAIL,UNCHANGED_COMMON_CONDITION_FAIL,False,False,,,,,
fbfcc119ae2492bc7733,v3_new1_cube_random_19,cube_random,FAIL,FAIL,UNCHANGED_COMMON_CONDITION_FAIL,False,False,,,,,
fc67ee7ecc981aed593a,v3_new3_cube_random_12,cube_random,FAIL,FAIL,UNCHANGED_COMMON_CONDITION_FAIL,False,False,,,,,
fc8219e83e5374b8598b,v3_new2_cube_random_17,cube_random,FAIL,FAIL,UNCHANGED_COMMON_CONDITION_FAIL,False,False,,,,,
fc884a3a2469d113fa22,v3_new3_flat_box_random_18,flat_box_random,FAIL,FAIL,UNCHANGED_COMMON_CONDITION_FAIL,False,False,,,,,
fd5a79c260528b1b97e8,v3_new3_bar_random_01,bar_random,FAIL,FAIL,UNCHANGED_COMMON_CONDITION_FAIL,False,False,,,,,
fd64dc32253fcf3bb0ab,v3_new2_bar_random_13,bar_random,FAIL,FAIL,NO_QUALIFYING_CONTINUOUS_INTERVAL,True,True,15.948,0.0,0.0,5.551115123125783e-17,86c964ecced674387c0072e45a6fe58f1ca635ea774cffbe25b8ffac295d4671
fd716a8746b691ef5792,v3_new3_cube_random_10,cube_random,FAIL,FAIL,UNCHANGED_COMMON_CONDITION_FAIL,False,False,,,,,
feb0d2cc45bc104c9e6b,v3_new3_cube_random_01,cube_random,FAIL,FAIL,NO_QUALIFYING_CONTINUOUS_INTERVAL,True,True,15.132,0.016,0.016,6.938893903907228e-17,71f12a225fb304b592d691875d55a19788fff1c0c05565967885b9695dc5cce1
ff59f48992c9d06b4398,v3_new3_flat_box_random_17,flat_box_random,FAIL,FAIL,NO_QUALIFYING_CONTINUOUS_INTERVAL,True,True,16.038,0.0,0.0,2.7755575615628914e-17,85e54dfc6f9b57eed99077e41dc6f108d1f76d737bd113d1695ffcd13f976966
ff802fe1173d8aa6baa4,v3_new1_bar_random_07,bar_random,FAIL,FAIL,UNCHANGED_COMMON_CONDITION_FAIL,False,False,,,,,
