case_id,family,candidates,B5_any_pass,B4_any_pass,any_unknown
v3_new1_bar_random_07,bar_random,6,False,False,False
v3_new1_bar_random_08,bar_random,6,False,False,False
v3_new1_bar_random_17,bar_random,6,False,False,False
v3_new1_bar_random_19,bar_random,6,False,False,False
v3_new1_cube_random_00,cube_random,6,False,False,False
v3_new1_cube_random_02,cube_random,6,False,False,False
v3_new1_cube_random_03,cube_random,6,False,False,False
v3_new1_cube_random_04,cube_random,6,False,False,False
v3_new1_cube_random_05,cube_random,6,False,False,False
v3_new1_cube_random_07,cube_random,6,False,False,False
v3_new1_cube_random_08,cube_random,6,False,False,False
v3_new1_cube_random_09,cube_random,6,False,False,False
v3_new1_cube_random_11,cube_random,6,False,False,False
v3_new1_cube_random_12,cube_random,6,False,False,False
v3_new1_cube_random_14,cube_random,6,False,False,False
v3_new1_cube_random_15,cube_random,6,False,False,False
v3_new1_cube_random_16,cube_random,6,False,False,False
v3_new1_cube_random_17,cube_random,6,False,False,False
v3_new1_cube_random_18,cube_random,6,False,False,False
v3_new1_cube_random_19,cube_random,6,False,False,False
v3_new1_flat_box_random_05,flat_box_random,6,False,False,False
v3_new1_flat_box_random_06,flat_box_random,6,False,False,False
v3_new1_flat_box_random_09,flat_box_random,6,False,False,False
v3_new1_flat_box_random_11,flat_box_random,6,False,False,False
v3_new1_flat_box_random_16,flat_box_random,6,False,False,False
v3_new2_bar_random_01,bar_random,6,False,False,False
v3_new2_bar_random_02,bar_random,6,False,False,False
v3_new2_bar_random_03,bar_random,6,False,False,False
v3_new2_bar_random_11,bar_random,6,False,False,False
v3_new2_bar_random_12,bar_random,6,False,False,False
v3_new2_bar_random_13,bar_random,6,False,False,False
v3_new2_bar_random_19,bar_random,6,False,False,False
v3_new2_cube_random_00,cube_random,6,False,False,False
v3_new2_cube_random_01,cube_random,6,False,False,False
v3_new2_cube_random_02,cube_random,6,False,False,False
v3_new2_cube_random_03,cube_random,6,False,False,False
v3_new2_cube_random_05,cube_random,6,False,False,False
v3_new2_cube_random_07,cube_random,6,False,False,False
v3_new2_cube_random_08,cube_random,6,False,False,False
v3_new2_cube_random_09,cube_random,6,False,False,False
v3_new2_cube_random_11,cube_random,6,False,False,False
v3_new2_cube_random_12,cube_random,6,False,False,False
v3_new2_cube_random_13,cube_random,6,False,False,False
v3_new2_cube_random_15,cube_random,6,False,False,False
v3_new2_cube_random_17,cube_random,6,False,False,False
v3_new2_cube_random_19,cube_random,6,False,False,False
v3_new2_flat_box_random_06,flat_box_random,6,False,False,False
v3_new2_flat_box_random_13,flat_box_random,6,False,False,False
v3_new3_bar_random_00,bar_random,6,False,False,False
v3_new3_bar_random_01,bar_random,6,False,False,False
v3_new3_bar_random_02,bar_random,6,False,False,False
v3_new3_bar_random_05,bar_random,6,False,False,False
v3_new3_bar_random_09,bar_random,6,False,False,False
v3_new3_bar_random_10,bar_random,6,False,False,False
v3_new3_bar_random_12,bar_random,6,False,False,False
v3_new3_bar_random_15,bar_random,6,False,False,False
v3_new3_bar_random_16,bar_random,6,False,False,False
v3_new3_bar_random_18,bar_random,6,False,False,False
v3_new3_cube_random_01,cube_random,6,False,False,False
v3_new3_cube_random_02,cube_random,6,False,False,False
v3_new3_cube_random_03,cube_random,6,False,False,False
v3_new3_cube_random_04,cube_random,6,False,False,False
v3_new3_cube_random_05,cube_random,6,False,False,False
v3_new3_cube_random_06,cube_random,6,False,False,False
v3_new3_cube_random_07,cube_random,6,False,False,False
v3_new3_cube_random_08,cube_random,6,False,False,False
v3_new3_cube_random_09,cube_random,6,False,False,False
v3_new3_cube_random_10,cube_random,6,False,False,False
v3_new3_cube_random_11,cube_random,6,False,False,False
v3_new3_cube_random_12,cube_random,6,False,False,False
v3_new3_cube_random_13,cube_random,6,False,False,False
v3_new3_cube_random_14,cube_random,6,False,False,False
v3_new3_cube_random_15,cube_random,6,False,False,False
v3_new3_cube_random_16,cube_random,6,False,False,False
v3_new3_cube_random_17,cube_random,6,False,False,False
v3_new3_cube_random_18,cube_random,6,False,False,False
v3_new3_cube_random_19,cube_random,6,False,False,False
v3_new3_flat_box_random_00,flat_box_random,6,False,False,False
v3_new3_flat_box_random_06,flat_box_random,6,False,False,False
v3_new3_flat_box_random_09,flat_box_random,6,False,False,False
v3_new3_flat_box_random_11,flat_box_random,6,False,False,False
v3_new3_flat_box_random_12,flat_box_random,6,False,False,False
v3_new3_flat_box_random_13,flat_box_random,6,False,False,False
v3_new3_flat_box_random_17,flat_box_random,6,False,False,False
v3_new3_flat_box_random_18,flat_box_random,6,False,False,False
