low,high,method,n,invalid,reference_positive,reference_negative,reference_unknown,false_accept,false_reject,unknown_positive,unknown_negative,unknown_prediction,FPR,FNR,accepted_risk,conditional_FPR,conditional_FNR,FPR_bounds,FNR_bounds,accepted_risk_bounds,correct_accept_per_assigned,accepted_per_assigned,FPR_wilson_iid_only,FNR_wilson_iid_only,matrix
1e-06,0.0001,A_accumulated,240,0,77,163,0,15,0,0,0,0,0.09202453987730061,0.0,0.16304347826086957,0.09202453987730061,0.0,"[0.09202453987730061, 0.09202453987730061]","[0.0, 0.0]","[0.16304347826086957, 0.16304347826086957]",0.32083333333333336,0.38333333333333336,"[0.05656177844744624, 0.14627424959917867]","[0.0, 0.04751842528243408]","{""FAIL_FAIL"": 148, ""FAIL_INDETERMINATE"": 0, ""FAIL_PASS"": 15, ""INDETERMINATE_FAIL"": 0, ""INDETERMINATE_INDETERMINATE"": 0, ""INDETERMINATE_PASS"": 0, ""PASS_FAIL"": 0, ""PASS_INDETERMINATE"": 0, ""PASS_PASS"": 77}"
1e-06,0.0001,A_binary_unknown_fail,240,0,77,163,0,0,0,0,0,0,0.0,0.0,0.0,0.0,0.0,"[0.0, 0.0]","[0.0, 0.0]","[0.0, 0.0]",0.32083333333333336,0.32083333333333336,"[0.0, 0.023024605801502687]","[0.0, 0.04751842528243408]","{""FAIL_FAIL"": 163, ""FAIL_INDETERMINATE"": 0, ""FAIL_PASS"": 0, ""INDETERMINATE_FAIL"": 0, ""INDETERMINATE_INDETERMINATE"": 0, ""INDETERMINATE_PASS"": 0, ""PASS_FAIL"": 0, ""PASS_INDETERMINATE"": 0, ""PASS_PASS"": 77}"
1e-06,0.0001,A_net_aggregation,240,0,77,163,0,0,0,0,0,0,0.0,0.0,0.0,0.0,0.0,"[0.0, 0.0]","[0.0, 0.0]","[0.0, 0.0]",0.32083333333333336,0.32083333333333336,"[0.0, 0.023024605801502687]","[0.0, 0.04751842528243408]","{""FAIL_FAIL"": 163, ""FAIL_INDETERMINATE"": 0, ""FAIL_PASS"": 0, ""INDETERMINATE_FAIL"": 0, ""INDETERMINATE_INDETERMINATE"": 0, ""INDETERMINATE_PASS"": 0, ""PASS_FAIL"": 0, ""PASS_INDETERMINATE"": 0, ""PASS_PASS"": 77}"
1e-06,0.0001,A_no_geometry,240,0,77,163,0,0,0,0,0,0,0.0,0.0,0.0,0.0,0.0,"[0.0, 0.0]","[0.0, 0.0]","[0.0, 0.0]",0.32083333333333336,0.32083333333333336,"[0.0, 0.023024605801502687]","[0.0, 0.04751842528243408]","{""FAIL_FAIL"": 163, ""FAIL_INDETERMINATE"": 0, ""FAIL_PASS"": 0, ""INDETERMINATE_FAIL"": 0, ""INDETERMINATE_INDETERMINATE"": 0, ""INDETERMINATE_PASS"": 0, ""PASS_FAIL"": 0, ""PASS_INDETERMINATE"": 0, ""PASS_PASS"": 77}"
1e-06,0.0001,A_no_torque,240,0,77,163,0,0,0,0,0,0,0.0,0.0,0.0,0.0,0.0,"[0.0, 0.0]","[0.0, 0.0]","[0.0, 0.0]",0.32083333333333336,0.32083333333333336,"[0.0, 0.023024605801502687]","[0.0, 0.04751842528243408]","{""FAIL_FAIL"": 163, ""FAIL_INDETERMINATE"": 0, ""FAIL_PASS"": 0, ""INDETERMINATE_FAIL"": 0, ""INDETERMINATE_INDETERMINATE"": 0, ""INDETERMINATE_PASS"": 0, ""PASS_FAIL"": 0, ""PASS_INDETERMINATE"": 0, ""PASS_PASS"": 77}"
1e-06,0.0001,B0,240,0,77,163,0,124,0,0,0,0,0.7607361963190185,0.0,0.6169154228855721,0.7607361963190185,0.0,"[0.7607361963190185, 0.7607361963190185]","[0.0, 0.0]","[0.6169154228855721, 0.6169154228855721]",0.32083333333333336,0.8375,"[0.6897182230532071, 0.8197474733079726]","[0.0, 0.04751842528243408]","{""FAIL_FAIL"": 39, ""FAIL_INDETERMINATE"": 0, ""FAIL_PASS"": 124, ""INDETERMINATE_FAIL"": 0, ""INDETERMINATE_INDETERMINATE"": 0, ""INDETERMINATE_PASS"": 0, ""PASS_FAIL"": 0, ""PASS_INDETERMINATE"": 0, ""PASS_PASS"": 77}"
1e-06,0.0001,B1,240,0,77,163,0,105,0,0,0,0,0.6441717791411042,0.0,0.5769230769230769,0.6441717791411042,0.0,"[0.6441717791411042, 0.6441717791411042]","[0.0, 0.0]","[0.5769230769230769, 0.5769230769230769]",0.32083333333333336,0.7583333333333333,"[0.5681295708790526, 0.7135749906383055]","[0.0, 0.04751842528243408]","{""FAIL_FAIL"": 58, ""FAIL_INDETERMINATE"": 0, ""FAIL_PASS"": 105, ""INDETERMINATE_FAIL"": 0, ""INDETERMINATE_INDETERMINATE"": 0, ""INDETERMINATE_PASS"": 0, ""PASS_FAIL"": 0, ""PASS_INDETERMINATE"": 0, ""PASS_PASS"": 77}"
1e-06,0.0001,B2,240,0,77,163,0,0,56,0,0,0,0.0,0.7272727272727273,0.0,0.0,0.7272727272727273,"[0.0, 0.0]","[0.7272727272727273, 0.7272727272727273]","[0.0, 0.0]",0.0875,0.0875,"[0.0, 0.023024605801502687]","[0.6187910782504654, 0.8141550920757009]","{""FAIL_FAIL"": 163, ""FAIL_INDETERMINATE"": 0, ""FAIL_PASS"": 0, ""INDETERMINATE_FAIL"": 0, ""INDETERMINATE_INDETERMINATE"": 0, ""INDETERMINATE_PASS"": 0, ""PASS_FAIL"": 56, ""PASS_INDETERMINATE"": 0, ""PASS_PASS"": 21}"
1e-06,0.0001,B3,240,0,77,163,0,0,0,0,0,0,0.0,0.0,0.0,0.0,0.0,"[0.0, 0.0]","[0.0, 0.0]","[0.0, 0.0]",0.32083333333333336,0.32083333333333336,"[0.0, 0.023024605801502687]","[0.0, 0.04751842528243408]","{""FAIL_FAIL"": 163, ""FAIL_INDETERMINATE"": 0, ""FAIL_PASS"": 0, ""INDETERMINATE_FAIL"": 0, ""INDETERMINATE_INDETERMINATE"": 0, ""INDETERMINATE_PASS"": 0, ""PASS_FAIL"": 0, ""PASS_INDETERMINATE"": 0, ""PASS_PASS"": 77}"
1e-06,0.0001,B4,240,0,77,163,0,0,0,0,0,0,0.0,0.0,0.0,0.0,0.0,"[0.0, 0.0]","[0.0, 0.0]","[0.0, 0.0]",0.32083333333333336,0.32083333333333336,"[0.0, 0.023024605801502687]","[0.0, 0.04751842528243408]","{""FAIL_FAIL"": 163, ""FAIL_INDETERMINATE"": 0, ""FAIL_PASS"": 0, ""INDETERMINATE_FAIL"": 0, ""INDETERMINATE_INDETERMINATE"": 0, ""INDETERMINATE_PASS"": 0, ""PASS_FAIL"": 0, ""PASS_INDETERMINATE"": 0, ""PASS_PASS"": 77}"
1e-06,0.0001,B4_normal,240,0,77,163,0,0,0,0,0,0,0.0,0.0,0.0,0.0,0.0,"[0.0, 0.0]","[0.0, 0.0]","[0.0, 0.0]",0.32083333333333336,0.32083333333333336,"[0.0, 0.023024605801502687]","[0.0, 0.04751842528243408]","{""FAIL_FAIL"": 163, ""FAIL_INDETERMINATE"": 0, ""FAIL_PASS"": 0, ""INDETERMINATE_FAIL"": 0, ""INDETERMINATE_INDETERMINATE"": 0, ""INDETERMINATE_PASS"": 0, ""PASS_FAIL"": 0, ""PASS_INDETERMINATE"": 0, ""PASS_PASS"": 77}"
1e-06,0.0001,B5,240,0,77,163,0,0,0,0,0,0,0.0,0.0,0.0,0.0,0.0,"[0.0, 0.0]","[0.0, 0.0]","[0.0, 0.0]",0.32083333333333336,0.32083333333333336,"[0.0, 0.023024605801502687]","[0.0, 0.04751842528243408]","{""FAIL_FAIL"": 163, ""FAIL_INDETERMINATE"": 0, ""FAIL_PASS"": 0, ""INDETERMINATE_FAIL"": 0, ""INDETERMINATE_INDETERMINATE"": 0, ""INDETERMINATE_PASS"": 0, ""PASS_FAIL"": 0, ""PASS_INDETERMINATE"": 0, ""PASS_PASS"": 77}"
1e-05,0.001,A_accumulated,240,0,77,163,0,15,0,0,0,0,0.09202453987730061,0.0,0.16304347826086957,0.09202453987730061,0.0,"[0.09202453987730061, 0.09202453987730061]","[0.0, 0.0]","[0.16304347826086957, 0.16304347826086957]",0.32083333333333336,0.38333333333333336,"[0.05656177844744624, 0.14627424959917867]","[0.0, 0.04751842528243408]","{""FAIL_FAIL"": 148, ""FAIL_INDETERMINATE"": 0, ""FAIL_PASS"": 15, ""INDETERMINATE_FAIL"": 0, ""INDETERMINATE_INDETERMINATE"": 0, ""INDETERMINATE_PASS"": 0, ""PASS_FAIL"": 0, ""PASS_INDETERMINATE"": 0, ""PASS_PASS"": 77}"
1e-05,0.001,A_binary_unknown_fail,240,0,77,163,0,0,0,0,0,0,0.0,0.0,0.0,0.0,0.0,"[0.0, 0.0]","[0.0, 0.0]","[0.0, 0.0]",0.32083333333333336,0.32083333333333336,"[0.0, 0.023024605801502687]","[0.0, 0.04751842528243408]","{""FAIL_FAIL"": 163, ""FAIL_INDETERMINATE"": 0, ""FAIL_PASS"": 0, ""INDETERMINATE_FAIL"": 0, ""INDETERMINATE_INDETERMINATE"": 0, ""INDETERMINATE_PASS"": 0, ""PASS_FAIL"": 0, ""PASS_INDETERMINATE"": 0, ""PASS_PASS"": 77}"
1e-05,0.001,A_net_aggregation,240,0,77,163,0,0,0,0,0,0,0.0,0.0,0.0,0.0,0.0,"[0.0, 0.0]","[0.0, 0.0]","[0.0, 0.0]",0.32083333333333336,0.32083333333333336,"[0.0, 0.023024605801502687]","[0.0, 0.04751842528243408]","{""FAIL_FAIL"": 163, ""FAIL_INDETERMINATE"": 0, ""FAIL_PASS"": 0, ""INDETERMINATE_FAIL"": 0, ""INDETERMINATE_INDETERMINATE"": 0, ""INDETERMINATE_PASS"": 0, ""PASS_FAIL"": 0, ""PASS_INDETERMINATE"": 0, ""PASS_PASS"": 77}"
1e-05,0.001,A_no_geometry,240,0,77,163,0,0,0,0,0,0,0.0,0.0,0.0,0.0,0.0,"[0.0, 0.0]","[0.0, 0.0]","[0.0, 0.0]",0.32083333333333336,0.32083333333333336,"[0.0, 0.023024605801502687]","[0.0, 0.04751842528243408]","{""FAIL_FAIL"": 163, ""FAIL_INDETERMINATE"": 0, ""FAIL_PASS"": 0, ""INDETERMINATE_FAIL"": 0, ""INDETERMINATE_INDETERMINATE"": 0, ""INDETERMINATE_PASS"": 0, ""PASS_FAIL"": 0, ""PASS_INDETERMINATE"": 0, ""PASS_PASS"": 77}"
1e-05,0.001,A_no_torque,240,0,77,163,0,0,0,0,0,0,0.0,0.0,0.0,0.0,0.0,"[0.0, 0.0]","[0.0, 0.0]","[0.0, 0.0]",0.32083333333333336,0.32083333333333336,"[0.0, 0.023024605801502687]","[0.0, 0.04751842528243408]","{""FAIL_FAIL"": 163, ""FAIL_INDETERMINATE"": 0, ""FAIL_PASS"": 0, ""INDETERMINATE_FAIL"": 0, ""INDETERMINATE_INDETERMINATE"": 0, ""INDETERMINATE_PASS"": 0, ""PASS_FAIL"": 0, ""PASS_INDETERMINATE"": 0, ""PASS_PASS"": 77}"
1e-05,0.001,B0,240,0,77,163,0,124,0,0,0,0,0.7607361963190185,0.0,0.6169154228855721,0.7607361963190185,0.0,"[0.7607361963190185, 0.7607361963190185]","[0.0, 0.0]","[0.6169154228855721, 0.6169154228855721]",0.32083333333333336,0.8375,"[0.6897182230532071, 0.8197474733079726]","[0.0, 0.04751842528243408]","{""FAIL_FAIL"": 39, ""FAIL_INDETERMINATE"": 0, ""FAIL_PASS"": 124, ""INDETERMINATE_FAIL"": 0, ""INDETERMINATE_INDETERMINATE"": 0, ""INDETERMINATE_PASS"": 0, ""PASS_FAIL"": 0, ""PASS_INDETERMINATE"": 0, ""PASS_PASS"": 77}"
1e-05,0.001,B1,240,0,77,163,0,105,0,0,0,0,0.6441717791411042,0.0,0.5769230769230769,0.6441717791411042,0.0,"[0.6441717791411042, 0.6441717791411042]","[0.0, 0.0]","[0.5769230769230769, 0.5769230769230769]",0.32083333333333336,0.7583333333333333,"[0.5681295708790526, 0.7135749906383055]","[0.0, 0.04751842528243408]","{""FAIL_FAIL"": 58, ""FAIL_INDETERMINATE"": 0, ""FAIL_PASS"": 105, ""INDETERMINATE_FAIL"": 0, ""INDETERMINATE_INDETERMINATE"": 0, ""INDETERMINATE_PASS"": 0, ""PASS_FAIL"": 0, ""PASS_INDETERMINATE"": 0, ""PASS_PASS"": 77}"
1e-05,0.001,B2,240,0,77,163,0,0,56,0,0,0,0.0,0.7272727272727273,0.0,0.0,0.7272727272727273,"[0.0, 0.0]","[0.7272727272727273, 0.7272727272727273]","[0.0, 0.0]",0.0875,0.0875,"[0.0, 0.023024605801502687]","[0.6187910782504654, 0.8141550920757009]","{""FAIL_FAIL"": 163, ""FAIL_INDETERMINATE"": 0, ""FAIL_PASS"": 0, ""INDETERMINATE_FAIL"": 0, ""INDETERMINATE_INDETERMINATE"": 0, ""INDETERMINATE_PASS"": 0, ""PASS_FAIL"": 56, ""PASS_INDETERMINATE"": 0, ""PASS_PASS"": 21}"
1e-05,0.001,B3,240,0,77,163,0,0,0,0,0,0,0.0,0.0,0.0,0.0,0.0,"[0.0, 0.0]","[0.0, 0.0]","[0.0, 0.0]",0.32083333333333336,0.32083333333333336,"[0.0, 0.023024605801502687]","[0.0, 0.04751842528243408]","{""FAIL_FAIL"": 163, ""FAIL_INDETERMINATE"": 0, ""FAIL_PASS"": 0, ""INDETERMINATE_FAIL"": 0, ""INDETERMINATE_INDETERMINATE"": 0, ""INDETERMINATE_PASS"": 0, ""PASS_FAIL"": 0, ""PASS_INDETERMINATE"": 0, ""PASS_PASS"": 77}"
1e-05,0.001,B4,240,0,77,163,0,0,0,0,0,0,0.0,0.0,0.0,0.0,0.0,"[0.0, 0.0]","[0.0, 0.0]","[0.0, 0.0]",0.32083333333333336,0.32083333333333336,"[0.0, 0.023024605801502687]","[0.0, 0.04751842528243408]","{""FAIL_FAIL"": 163, ""FAIL_INDETERMINATE"": 0, ""FAIL_PASS"": 0, ""INDETERMINATE_FAIL"": 0, ""INDETERMINATE_INDETERMINATE"": 0, ""INDETERMINATE_PASS"": 0, ""PASS_FAIL"": 0, ""PASS_INDETERMINATE"": 0, ""PASS_PASS"": 77}"
1e-05,0.001,B4_normal,240,0,77,163,0,0,0,0,0,0,0.0,0.0,0.0,0.0,0.0,"[0.0, 0.0]","[0.0, 0.0]","[0.0, 0.0]",0.32083333333333336,0.32083333333333336,"[0.0, 0.023024605801502687]","[0.0, 0.04751842528243408]","{""FAIL_FAIL"": 163, ""FAIL_INDETERMINATE"": 0, ""FAIL_PASS"": 0, ""INDETERMINATE_FAIL"": 0, ""INDETERMINATE_INDETERMINATE"": 0, ""INDETERMINATE_PASS"": 0, ""PASS_FAIL"": 0, ""PASS_INDETERMINATE"": 0, ""PASS_PASS"": 77}"
1e-05,0.001,B5,240,0,77,163,0,0,0,0,0,0,0.0,0.0,0.0,0.0,0.0,"[0.0, 0.0]","[0.0, 0.0]","[0.0, 0.0]",0.32083333333333336,0.32083333333333336,"[0.0, 0.023024605801502687]","[0.0, 0.04751842528243408]","{""FAIL_FAIL"": 163, ""FAIL_INDETERMINATE"": 0, ""FAIL_PASS"": 0, ""INDETERMINATE_FAIL"": 0, ""INDETERMINATE_INDETERMINATE"": 0, ""INDETERMINATE_PASS"": 0, ""PASS_FAIL"": 0, ""PASS_INDETERMINATE"": 0, ""PASS_PASS"": 77}"
0.0001,0.01,A_accumulated,240,0,77,163,0,15,0,0,0,0,0.09202453987730061,0.0,0.16304347826086957,0.09202453987730061,0.0,"[0.09202453987730061, 0.09202453987730061]","[0.0, 0.0]","[0.16304347826086957, 0.16304347826086957]",0.32083333333333336,0.38333333333333336,"[0.05656177844744624, 0.14627424959917867]","[0.0, 0.04751842528243408]","{""FAIL_FAIL"": 148, ""FAIL_INDETERMINATE"": 0, ""FAIL_PASS"": 15, ""INDETERMINATE_FAIL"": 0, ""INDETERMINATE_INDETERMINATE"": 0, ""INDETERMINATE_PASS"": 0, ""PASS_FAIL"": 0, ""PASS_INDETERMINATE"": 0, ""PASS_PASS"": 77}"
0.0001,0.01,A_binary_unknown_fail,240,0,77,163,0,0,0,0,0,0,0.0,0.0,0.0,0.0,0.0,"[0.0, 0.0]","[0.0, 0.0]","[0.0, 0.0]",0.32083333333333336,0.32083333333333336,"[0.0, 0.023024605801502687]","[0.0, 0.04751842528243408]","{""FAIL_FAIL"": 163, ""FAIL_INDETERMINATE"": 0, ""FAIL_PASS"": 0, ""INDETERMINATE_FAIL"": 0, ""INDETERMINATE_INDETERMINATE"": 0, ""INDETERMINATE_PASS"": 0, ""PASS_FAIL"": 0, ""PASS_INDETERMINATE"": 0, ""PASS_PASS"": 77}"
0.0001,0.01,A_net_aggregation,240,0,77,163,0,0,0,0,0,0,0.0,0.0,0.0,0.0,0.0,"[0.0, 0.0]","[0.0, 0.0]","[0.0, 0.0]",0.32083333333333336,0.32083333333333336,"[0.0, 0.023024605801502687]","[0.0, 0.04751842528243408]","{""FAIL_FAIL"": 163, ""FAIL_INDETERMINATE"": 0, ""FAIL_PASS"": 0, ""INDETERMINATE_FAIL"": 0, ""INDETERMINATE_INDETERMINATE"": 0, ""INDETERMINATE_PASS"": 0, ""PASS_FAIL"": 0, ""PASS_INDETERMINATE"": 0, ""PASS_PASS"": 77}"
0.0001,0.01,A_no_geometry,240,0,77,163,0,0,0,0,0,0,0.0,0.0,0.0,0.0,0.0,"[0.0, 0.0]","[0.0, 0.0]","[0.0, 0.0]",0.32083333333333336,0.32083333333333336,"[0.0, 0.023024605801502687]","[0.0, 0.04751842528243408]","{""FAIL_FAIL"": 163, ""FAIL_INDETERMINATE"": 0, ""FAIL_PASS"": 0, ""INDETERMINATE_FAIL"": 0, ""INDETERMINATE_INDETERMINATE"": 0, ""INDETERMINATE_PASS"": 0, ""PASS_FAIL"": 0, ""PASS_INDETERMINATE"": 0, ""PASS_PASS"": 77}"
0.0001,0.01,A_no_torque,240,0,77,163,0,0,0,0,0,0,0.0,0.0,0.0,0.0,0.0,"[0.0, 0.0]","[0.0, 0.0]","[0.0, 0.0]",0.32083333333333336,0.32083333333333336,"[0.0, 0.023024605801502687]","[0.0, 0.04751842528243408]","{""FAIL_FAIL"": 163, ""FAIL_INDETERMINATE"": 0, ""FAIL_PASS"": 0, ""INDETERMINATE_FAIL"": 0, ""INDETERMINATE_INDETERMINATE"": 0, ""INDETERMINATE_PASS"": 0, ""PASS_FAIL"": 0, ""PASS_INDETERMINATE"": 0, ""PASS_PASS"": 77}"
0.0001,0.01,B0,240,0,77,163,0,124,0,0,0,0,0.7607361963190185,0.0,0.6169154228855721,0.7607361963190185,0.0,"[0.7607361963190185, 0.7607361963190185]","[0.0, 0.0]","[0.6169154228855721, 0.6169154228855721]",0.32083333333333336,0.8375,"[0.6897182230532071, 0.8197474733079726]","[0.0, 0.04751842528243408]","{""FAIL_FAIL"": 39, ""FAIL_INDETERMINATE"": 0, ""FAIL_PASS"": 124, ""INDETERMINATE_FAIL"": 0, ""INDETERMINATE_INDETERMINATE"": 0, ""INDETERMINATE_PASS"": 0, ""PASS_FAIL"": 0, ""PASS_INDETERMINATE"": 0, ""PASS_PASS"": 77}"
0.0001,0.01,B1,240,0,77,163,0,105,0,0,0,0,0.6441717791411042,0.0,0.5769230769230769,0.6441717791411042,0.0,"[0.6441717791411042, 0.6441717791411042]","[0.0, 0.0]","[0.5769230769230769, 0.5769230769230769]",0.32083333333333336,0.7583333333333333,"[0.5681295708790526, 0.7135749906383055]","[0.0, 0.04751842528243408]","{""FAIL_FAIL"": 58, ""FAIL_INDETERMINATE"": 0, ""FAIL_PASS"": 105, ""INDETERMINATE_FAIL"": 0, ""INDETERMINATE_INDETERMINATE"": 0, ""INDETERMINATE_PASS"": 0, ""PASS_FAIL"": 0, ""PASS_INDETERMINATE"": 0, ""PASS_PASS"": 77}"
0.0001,0.01,B2,240,0,77,163,0,0,56,0,0,0,0.0,0.7272727272727273,0.0,0.0,0.7272727272727273,"[0.0, 0.0]","[0.7272727272727273, 0.7272727272727273]","[0.0, 0.0]",0.0875,0.0875,"[0.0, 0.023024605801502687]","[0.6187910782504654, 0.8141550920757009]","{""FAIL_FAIL"": 163, ""FAIL_INDETERMINATE"": 0, ""FAIL_PASS"": 0, ""INDETERMINATE_FAIL"": 0, ""INDETERMINATE_INDETERMINATE"": 0, ""INDETERMINATE_PASS"": 0, ""PASS_FAIL"": 56, ""PASS_INDETERMINATE"": 0, ""PASS_PASS"": 21}"
0.0001,0.01,B3,240,0,77,163,0,0,0,0,0,0,0.0,0.0,0.0,0.0,0.0,"[0.0, 0.0]","[0.0, 0.0]","[0.0, 0.0]",0.32083333333333336,0.32083333333333336,"[0.0, 0.023024605801502687]","[0.0, 0.04751842528243408]","{""FAIL_FAIL"": 163, ""FAIL_INDETERMINATE"": 0, ""FAIL_PASS"": 0, ""INDETERMINATE_FAIL"": 0, ""INDETERMINATE_INDETERMINATE"": 0, ""INDETERMINATE_PASS"": 0, ""PASS_FAIL"": 0, ""PASS_INDETERMINATE"": 0, ""PASS_PASS"": 77}"
0.0001,0.01,B4,240,0,77,163,0,0,0,0,0,0,0.0,0.0,0.0,0.0,0.0,"[0.0, 0.0]","[0.0, 0.0]","[0.0, 0.0]",0.32083333333333336,0.32083333333333336,"[0.0, 0.023024605801502687]","[0.0, 0.04751842528243408]","{""FAIL_FAIL"": 163, ""FAIL_INDETERMINATE"": 0, ""FAIL_PASS"": 0, ""INDETERMINATE_FAIL"": 0, ""INDETERMINATE_INDETERMINATE"": 0, ""INDETERMINATE_PASS"": 0, ""PASS_FAIL"": 0, ""PASS_INDETERMINATE"": 0, ""PASS_PASS"": 77}"
0.0001,0.01,B4_normal,240,0,77,163,0,0,0,0,0,0,0.0,0.0,0.0,0.0,0.0,"[0.0, 0.0]","[0.0, 0.0]","[0.0, 0.0]",0.32083333333333336,0.32083333333333336,"[0.0, 0.023024605801502687]","[0.0, 0.04751842528243408]","{""FAIL_FAIL"": 163, ""FAIL_INDETERMINATE"": 0, ""FAIL_PASS"": 0, ""INDETERMINATE_FAIL"": 0, ""INDETERMINATE_INDETERMINATE"": 0, ""INDETERMINATE_PASS"": 0, ""PASS_FAIL"": 0, ""PASS_INDETERMINATE"": 0, ""PASS_PASS"": 77}"
0.0001,0.01,B5,240,0,77,163,0,0,0,0,0,0,0.0,0.0,0.0,0.0,0.0,"[0.0, 0.0]","[0.0, 0.0]","[0.0, 0.0]",0.32083333333333336,0.32083333333333336,"[0.0, 0.023024605801502687]","[0.0, 0.04751842528243408]","{""FAIL_FAIL"": 163, ""FAIL_INDETERMINATE"": 0, ""FAIL_PASS"": 0, ""INDETERMINATE_FAIL"": 0, ""INDETERMINATE_INDETERMINATE"": 0, ""INDETERMINATE_PASS"": 0, ""PASS_FAIL"": 0, ""PASS_INDETERMINATE"": 0, ""PASS_PASS"": 77}"
0.001,0.1,A_accumulated,240,0,77,163,0,15,0,0,0,0,0.09202453987730061,0.0,0.16304347826086957,0.09202453987730061,0.0,"[0.09202453987730061, 0.09202453987730061]","[0.0, 0.0]","[0.16304347826086957, 0.16304347826086957]",0.32083333333333336,0.38333333333333336,"[0.05656177844744624, 0.14627424959917867]","[0.0, 0.04751842528243408]","{""FAIL_FAIL"": 148, ""FAIL_INDETERMINATE"": 0, ""FAIL_PASS"": 15, ""INDETERMINATE_FAIL"": 0, ""INDETERMINATE_INDETERMINATE"": 0, ""INDETERMINATE_PASS"": 0, ""PASS_FAIL"": 0, ""PASS_INDETERMINATE"": 0, ""PASS_PASS"": 77}"
0.001,0.1,A_binary_unknown_fail,240,0,77,163,0,0,0,0,0,0,0.0,0.0,0.0,0.0,0.0,"[0.0, 0.0]","[0.0, 0.0]","[0.0, 0.0]",0.32083333333333336,0.32083333333333336,"[0.0, 0.023024605801502687]","[0.0, 0.04751842528243408]","{""FAIL_FAIL"": 163, ""FAIL_INDETERMINATE"": 0, ""FAIL_PASS"": 0, ""INDETERMINATE_FAIL"": 0, ""INDETERMINATE_INDETERMINATE"": 0, ""INDETERMINATE_PASS"": 0, ""PASS_FAIL"": 0, ""PASS_INDETERMINATE"": 0, ""PASS_PASS"": 77}"
0.001,0.1,A_net_aggregation,240,0,77,163,0,0,0,0,0,0,0.0,0.0,0.0,0.0,0.0,"[0.0, 0.0]","[0.0, 0.0]","[0.0, 0.0]",0.32083333333333336,0.32083333333333336,"[0.0, 0.023024605801502687]","[0.0, 0.04751842528243408]","{""FAIL_FAIL"": 163, ""FAIL_INDETERMINATE"": 0, ""FAIL_PASS"": 0, ""INDETERMINATE_FAIL"": 0, ""INDETERMINATE_INDETERMINATE"": 0, ""INDETERMINATE_PASS"": 0, ""PASS_FAIL"": 0, ""PASS_INDETERMINATE"": 0, ""PASS_PASS"": 77}"
0.001,0.1,A_no_geometry,240,0,77,163,0,0,0,0,0,0,0.0,0.0,0.0,0.0,0.0,"[0.0, 0.0]","[0.0, 0.0]","[0.0, 0.0]",0.32083333333333336,0.32083333333333336,"[0.0, 0.023024605801502687]","[0.0, 0.04751842528243408]","{""FAIL_FAIL"": 163, ""FAIL_INDETERMINATE"": 0, ""FAIL_PASS"": 0, ""INDETERMINATE_FAIL"": 0, ""INDETERMINATE_INDETERMINATE"": 0, ""INDETERMINATE_PASS"": 0, ""PASS_FAIL"": 0, ""PASS_INDETERMINATE"": 0, ""PASS_PASS"": 77}"
0.001,0.1,A_no_torque,240,0,77,163,0,0,0,0,0,0,0.0,0.0,0.0,0.0,0.0,"[0.0, 0.0]","[0.0, 0.0]","[0.0, 0.0]",0.32083333333333336,0.32083333333333336,"[0.0, 0.023024605801502687]","[0.0, 0.04751842528243408]","{""FAIL_FAIL"": 163, ""FAIL_INDETERMINATE"": 0, ""FAIL_PASS"": 0, ""INDETERMINATE_FAIL"": 0, ""INDETERMINATE_INDETERMINATE"": 0, ""INDETERMINATE_PASS"": 0, ""PASS_FAIL"": 0, ""PASS_INDETERMINATE"": 0, ""PASS_PASS"": 77}"
0.001,0.1,B0,240,0,77,163,0,124,0,0,0,0,0.7607361963190185,0.0,0.6169154228855721,0.7607361963190185,0.0,"[0.7607361963190185, 0.7607361963190185]","[0.0, 0.0]","[0.6169154228855721, 0.6169154228855721]",0.32083333333333336,0.8375,"[0.6897182230532071, 0.8197474733079726]","[0.0, 0.04751842528243408]","{""FAIL_FAIL"": 39, ""FAIL_INDETERMINATE"": 0, ""FAIL_PASS"": 124, ""INDETERMINATE_FAIL"": 0, ""INDETERMINATE_INDETERMINATE"": 0, ""INDETERMINATE_PASS"": 0, ""PASS_FAIL"": 0, ""PASS_INDETERMINATE"": 0, ""PASS_PASS"": 77}"
0.001,0.1,B1,240,0,77,163,0,105,0,0,0,0,0.6441717791411042,0.0,0.5769230769230769,0.6441717791411042,0.0,"[0.6441717791411042, 0.6441717791411042]","[0.0, 0.0]","[0.5769230769230769, 0.5769230769230769]",0.32083333333333336,0.7583333333333333,"[0.5681295708790526, 0.7135749906383055]","[0.0, 0.04751842528243408]","{""FAIL_FAIL"": 58, ""FAIL_INDETERMINATE"": 0, ""FAIL_PASS"": 105, ""INDETERMINATE_FAIL"": 0, ""INDETERMINATE_INDETERMINATE"": 0, ""INDETERMINATE_PASS"": 0, ""PASS_FAIL"": 0, ""PASS_INDETERMINATE"": 0, ""PASS_PASS"": 77}"
0.001,0.1,B2,240,0,77,163,0,0,56,0,0,0,0.0,0.7272727272727273,0.0,0.0,0.7272727272727273,"[0.0, 0.0]","[0.7272727272727273, 0.7272727272727273]","[0.0, 0.0]",0.0875,0.0875,"[0.0, 0.023024605801502687]","[0.6187910782504654, 0.8141550920757009]","{""FAIL_FAIL"": 163, ""FAIL_INDETERMINATE"": 0, ""FAIL_PASS"": 0, ""INDETERMINATE_FAIL"": 0, ""INDETERMINATE_INDETERMINATE"": 0, ""INDETERMINATE_PASS"": 0, ""PASS_FAIL"": 56, ""PASS_INDETERMINATE"": 0, ""PASS_PASS"": 21}"
0.001,0.1,B3,240,0,77,163,0,0,0,0,0,0,0.0,0.0,0.0,0.0,0.0,"[0.0, 0.0]","[0.0, 0.0]","[0.0, 0.0]",0.32083333333333336,0.32083333333333336,"[0.0, 0.023024605801502687]","[0.0, 0.04751842528243408]","{""FAIL_FAIL"": 163, ""FAIL_INDETERMINATE"": 0, ""FAIL_PASS"": 0, ""INDETERMINATE_FAIL"": 0, ""INDETERMINATE_INDETERMINATE"": 0, ""INDETERMINATE_PASS"": 0, ""PASS_FAIL"": 0, ""PASS_INDETERMINATE"": 0, ""PASS_PASS"": 77}"
0.001,0.1,B4,240,0,77,163,0,0,0,0,0,0,0.0,0.0,0.0,0.0,0.0,"[0.0, 0.0]","[0.0, 0.0]","[0.0, 0.0]",0.32083333333333336,0.32083333333333336,"[0.0, 0.023024605801502687]","[0.0, 0.04751842528243408]","{""FAIL_FAIL"": 163, ""FAIL_INDETERMINATE"": 0, ""FAIL_PASS"": 0, ""INDETERMINATE_FAIL"": 0, ""INDETERMINATE_INDETERMINATE"": 0, ""INDETERMINATE_PASS"": 0, ""PASS_FAIL"": 0, ""PASS_INDETERMINATE"": 0, ""PASS_PASS"": 77}"
0.001,0.1,B4_normal,240,0,77,163,0,0,0,0,0,0,0.0,0.0,0.0,0.0,0.0,"[0.0, 0.0]","[0.0, 0.0]","[0.0, 0.0]",0.32083333333333336,0.32083333333333336,"[0.0, 0.023024605801502687]","[0.0, 0.04751842528243408]","{""FAIL_FAIL"": 163, ""FAIL_INDETERMINATE"": 0, ""FAIL_PASS"": 0, ""INDETERMINATE_FAIL"": 0, ""INDETERMINATE_INDETERMINATE"": 0, ""INDETERMINATE_PASS"": 0, ""PASS_FAIL"": 0, ""PASS_INDETERMINATE"": 0, ""PASS_PASS"": 77}"
0.001,0.1,B5,240,0,77,163,0,0,0,0,0,0,0.0,0.0,0.0,0.0,0.0,"[0.0, 0.0]","[0.0, 0.0]","[0.0, 0.0]",0.32083333333333336,0.32083333333333336,"[0.0, 0.023024605801502687]","[0.0, 0.04751842528243408]","{""FAIL_FAIL"": 163, ""FAIL_INDETERMINATE"": 0, ""FAIL_PASS"": 0, ""INDETERMINATE_FAIL"": 0, ""INDETERMINATE_INDETERMINATE"": 0, ""INDETERMINATE_PASS"": 0, ""PASS_FAIL"": 0, ""PASS_INDETERMINATE"": 0, ""PASS_PASS"": 77}"
0.01,1.0,A_accumulated,240,0,77,163,0,15,0,0,15,15,0.09202453987730061,0.0,0.16304347826086957,0.10135135135135136,0.0,"[0.09202453987730061, 0.18404907975460122]","[0.0, 0.0]","[0.16304347826086957, 0.16304347826086957]",0.32083333333333336,0.38333333333333336,"[0.05656177844744624, 0.14627424959917867]","[0.0, 0.04751842528243408]","{""FAIL_FAIL"": 133, ""FAIL_INDETERMINATE"": 15, ""FAIL_PASS"": 15, ""INDETERMINATE_FAIL"": 0, ""INDETERMINATE_INDETERMINATE"": 0, ""INDETERMINATE_PASS"": 0, ""PASS_FAIL"": 0, ""PASS_INDETERMINATE"": 0, ""PASS_PASS"": 77}"
0.01,1.0,A_binary_unknown_fail,240,0,77,163,0,0,0,0,0,0,0.0,0.0,0.0,0.0,0.0,"[0.0, 0.0]","[0.0, 0.0]","[0.0, 0.0]",0.32083333333333336,0.32083333333333336,"[0.0, 0.023024605801502687]","[0.0, 0.04751842528243408]","{""FAIL_FAIL"": 163, ""FAIL_INDETERMINATE"": 0, ""FAIL_PASS"": 0, ""INDETERMINATE_FAIL"": 0, ""INDETERMINATE_INDETERMINATE"": 0, ""INDETERMINATE_PASS"": 0, ""PASS_FAIL"": 0, ""PASS_INDETERMINATE"": 0, ""PASS_PASS"": 77}"
0.01,1.0,A_net_aggregation,240,0,77,163,0,0,0,0,42,42,0.0,0.0,0.0,0.0,0.0,"[0.0, 0.25766871165644173]","[0.0, 0.0]","[0.0, 0.0]",0.32083333333333336,0.32083333333333336,"[0.0, 0.023024605801502687]","[0.0, 0.04751842528243408]","{""FAIL_FAIL"": 121, ""FAIL_INDETERMINATE"": 42, ""FAIL_PASS"": 0, ""INDETERMINATE_FAIL"": 0, ""INDETERMINATE_INDETERMINATE"": 0, ""INDETERMINATE_PASS"": 0, ""PASS_FAIL"": 0, ""PASS_INDETERMINATE"": 0, ""PASS_PASS"": 77}"
0.01,1.0,A_no_geometry,240,0,77,163,0,0,0,0,12,12,0.0,0.0,0.0,0.0,0.0,"[0.0, 0.0736196319018405]","[0.0, 0.0]","[0.0, 0.0]",0.32083333333333336,0.32083333333333336,"[0.0, 0.023024605801502687]","[0.0, 0.04751842528243408]","{""FAIL_FAIL"": 151, ""FAIL_INDETERMINATE"": 12, ""FAIL_PASS"": 0, ""INDETERMINATE_FAIL"": 0, ""INDETERMINATE_INDETERMINATE"": 0, ""INDETERMINATE_PASS"": 0, ""PASS_FAIL"": 0, ""PASS_INDETERMINATE"": 0, ""PASS_PASS"": 77}"
0.01,1.0,A_no_torque,240,0,77,163,0,0,0,0,12,12,0.0,0.0,0.0,0.0,0.0,"[0.0, 0.0736196319018405]","[0.0, 0.0]","[0.0, 0.0]",0.32083333333333336,0.32083333333333336,"[0.0, 0.023024605801502687]","[0.0, 0.04751842528243408]","{""FAIL_FAIL"": 151, ""FAIL_INDETERMINATE"": 12, ""FAIL_PASS"": 0, ""INDETERMINATE_FAIL"": 0, ""INDETERMINATE_INDETERMINATE"": 0, ""INDETERMINATE_PASS"": 0, ""PASS_FAIL"": 0, ""PASS_INDETERMINATE"": 0, ""PASS_PASS"": 77}"
0.01,1.0,B0,240,0,77,163,0,124,0,0,0,0,0.7607361963190185,0.0,0.6169154228855721,0.7607361963190185,0.0,"[0.7607361963190185, 0.7607361963190185]","[0.0, 0.0]","[0.6169154228855721, 0.6169154228855721]",0.32083333333333336,0.8375,"[0.6897182230532071, 0.8197474733079726]","[0.0, 0.04751842528243408]","{""FAIL_FAIL"": 39, ""FAIL_INDETERMINATE"": 0, ""FAIL_PASS"": 124, ""INDETERMINATE_FAIL"": 0, ""INDETERMINATE_INDETERMINATE"": 0, ""INDETERMINATE_PASS"": 0, ""PASS_FAIL"": 0, ""PASS_INDETERMINATE"": 0, ""PASS_PASS"": 77}"
0.01,1.0,B1,240,0,77,163,0,105,0,0,0,0,0.6441717791411042,0.0,0.5769230769230769,0.6441717791411042,0.0,"[0.6441717791411042, 0.6441717791411042]","[0.0, 0.0]","[0.5769230769230769, 0.5769230769230769]",0.32083333333333336,0.7583333333333333,"[0.5681295708790526, 0.7135749906383055]","[0.0, 0.04751842528243408]","{""FAIL_FAIL"": 58, ""FAIL_INDETERMINATE"": 0, ""FAIL_PASS"": 105, ""INDETERMINATE_FAIL"": 0, ""INDETERMINATE_INDETERMINATE"": 0, ""INDETERMINATE_PASS"": 0, ""PASS_FAIL"": 0, ""PASS_INDETERMINATE"": 0, ""PASS_PASS"": 77}"
0.01,1.0,B2,240,0,77,163,0,0,56,0,0,0,0.0,0.7272727272727273,0.0,0.0,0.7272727272727273,"[0.0, 0.0]","[0.7272727272727273, 0.7272727272727273]","[0.0, 0.0]",0.0875,0.0875,"[0.0, 0.023024605801502687]","[0.6187910782504654, 0.8141550920757009]","{""FAIL_FAIL"": 163, ""FAIL_INDETERMINATE"": 0, ""FAIL_PASS"": 0, ""INDETERMINATE_FAIL"": 0, ""INDETERMINATE_INDETERMINATE"": 0, ""INDETERMINATE_PASS"": 0, ""PASS_FAIL"": 56, ""PASS_INDETERMINATE"": 0, ""PASS_PASS"": 21}"
0.01,1.0,B3,240,0,77,163,0,0,0,0,0,0,0.0,0.0,0.0,0.0,0.0,"[0.0, 0.0]","[0.0, 0.0]","[0.0, 0.0]",0.32083333333333336,0.32083333333333336,"[0.0, 0.023024605801502687]","[0.0, 0.04751842528243408]","{""FAIL_FAIL"": 163, ""FAIL_INDETERMINATE"": 0, ""FAIL_PASS"": 0, ""INDETERMINATE_FAIL"": 0, ""INDETERMINATE_INDETERMINATE"": 0, ""INDETERMINATE_PASS"": 0, ""PASS_FAIL"": 0, ""PASS_INDETERMINATE"": 0, ""PASS_PASS"": 77}"
0.01,1.0,B4,240,0,77,163,0,0,0,0,12,12,0.0,0.0,0.0,0.0,0.0,"[0.0, 0.0736196319018405]","[0.0, 0.0]","[0.0, 0.0]",0.32083333333333336,0.32083333333333336,"[0.0, 0.023024605801502687]","[0.0, 0.04751842528243408]","{""FAIL_FAIL"": 151, ""FAIL_INDETERMINATE"": 12, ""FAIL_PASS"": 0, ""INDETERMINATE_FAIL"": 0, ""INDETERMINATE_INDETERMINATE"": 0, ""INDETERMINATE_PASS"": 0, ""PASS_FAIL"": 0, ""PASS_INDETERMINATE"": 0, ""PASS_PASS"": 77}"
0.01,1.0,B4_normal,240,0,77,163,0,0,0,0,13,13,0.0,0.0,0.0,0.0,0.0,"[0.0, 0.07975460122699386]","[0.0, 0.0]","[0.0, 0.0]",0.32083333333333336,0.32083333333333336,"[0.0, 0.023024605801502687]","[0.0, 0.04751842528243408]","{""FAIL_FAIL"": 150, ""FAIL_INDETERMINATE"": 13, ""FAIL_PASS"": 0, ""INDETERMINATE_FAIL"": 0, ""INDETERMINATE_INDETERMINATE"": 0, ""INDETERMINATE_PASS"": 0, ""PASS_FAIL"": 0, ""PASS_INDETERMINATE"": 0, ""PASS_PASS"": 77}"
0.01,1.0,B5,240,0,77,163,0,0,0,0,12,12,0.0,0.0,0.0,0.0,0.0,"[0.0, 0.0736196319018405]","[0.0, 0.0]","[0.0, 0.0]",0.32083333333333336,0.32083333333333336,"[0.0, 0.023024605801502687]","[0.0, 0.04751842528243408]","{""FAIL_FAIL"": 151, ""FAIL_INDETERMINATE"": 12, ""FAIL_PASS"": 0, ""INDETERMINATE_FAIL"": 0, ""INDETERMINATE_INDETERMINATE"": 0, ""INDETERMINATE_PASS"": 0, ""PASS_FAIL"": 0, ""PASS_INDETERMINATE"": 0, ""PASS_PASS"": 77}"
