case_id,method,wall_s,physical_steps,trace_bytes,matching_nominal_verdict
final_control_000,B4,0.0016868000384420156,0,3594993,True
final_control_000,B5,0.002598399994894862,0,3594993,True
final_control_001,B4,0.0025176999624818563,0,4120289,True
final_control_001,B5,0.0021548999939113855,0,4120289,True
final_control_002,B4,0.001494400028605014,0,5915939,True
final_control_002,B5,0.0012193000293336809,0,5915939,True
final_control_003,B4,0.0018280000076629221,0,5891101,True
final_control_003,B5,0.0019215000211261213,0,5891101,True
final_control_004,B4,0.002412700036074966,0,6291427,True
final_control_004,B5,0.0017749000107869506,0,6291427,True
final_control_005,B4,0.0019679999677464366,0,5195233,True
final_control_005,B5,0.0018689999706111848,0,5195233,True
final_control_006,B4,0.0011219000443816185,0,3323861,True
final_control_006,B5,0.0010680999839678407,0,3323861,True
final_control_007,B4,0.002659899997524917,0,4360084,True
final_control_007,B5,0.002356800017878413,0,4360084,True
final_control_008,B4,0.0019261999987065792,0,3533236,True
final_control_008,B5,0.0017908000154420733,0,3533236,True
final_control_009,B4,0.0019772000377997756,0,3971596,True
final_control_009,B5,0.0021342000109143555,0,3971596,True
final_control_010,B4,0.0020650000078603625,0,5920815,True
final_control_010,B5,0.0018484999891370535,0,5920815,True
final_control_011,B4,0.0020127000170759857,0,5795055,True
final_control_011,B5,0.0014591999934054911,0,5795055,True
final_control_012,B4,0.001896300003863871,0,11809611,True
final_control_012,B5,0.0018831000197678804,0,11809611,True
final_control_013,B4,0.0021223999792709947,0,5039898,True
final_control_013,B5,0.0018642000504769385,0,5039898,True
final_control_014,B4,0.002506099990569055,0,3406535,True
final_control_014,B5,0.0017905000131577253,0,3406535,True
final_control_015,B4,0.0032598000252619386,0,3972997,True
final_control_015,B5,0.002311200019903481,0,3972997,True
final_control_016,B4,0.0025682999985292554,0,5208556,True
final_control_016,B5,0.002504899981431663,0,5208556,True
final_control_017,B4,0.0034553000004962087,0,7722798,True
final_control_017,B5,0.0031435000128112733,0,7722798,True
final_control_018,B4,0.001205699983984232,0,10058858,True
final_control_018,B5,0.001130899996496737,0,10058858,True
final_control_019,B4,0.0021356000215746462,0,10647843,True
final_control_019,B5,0.0031002999749034643,0,10647843,True
final_control_020,B4,0.001581299991812557,0,12003311,True
final_control_020,B5,0.001206599990837276,0,12003311,True
final_control_021,B4,0.0029922000248916447,0,9285009,True
final_control_021,B5,0.0033913999795913696,0,9285009,True
final_control_022,B4,0.0024897000403143466,0,6437612,True
final_control_022,B5,0.002134000009391457,0,6437612,True
final_control_023,B4,0.002487400022801012,0,7902544,True
final_control_023,B5,0.0032478999928571284,0,7902544,True
final_control_024,B4,0.002891400014050305,0,3527422,True
final_control_024,B5,0.002311200019903481,0,3527422,True
final_control_025,B4,0.00295140000525862,0,3919912,True
final_control_025,B5,0.0025929000112228096,0,3919912,True
final_control_026,B4,0.001962800044566393,0,6129978,True
final_control_026,B5,0.0028622999670915306,0,6129978,True
final_control_027,B4,0.0021185000077821314,0,5800949,True
final_control_027,B5,0.0016211000038310885,0,5800949,True
final_control_028,B4,0.0020390000427141786,0,6155387,True
final_control_028,B5,0.0019255999941378832,0,6155387,True
final_control_029,B4,0.0024940999574027956,0,5084715,True
final_control_029,B5,0.002359399979468435,0,5084715,True
final_control_030,B4,0.001660300011280924,0,3425103,True
final_control_030,B5,0.0018816000083461404,0,3425103,True
final_control_031,B4,0.002094099996611476,0,4049456,True
final_control_031,B5,0.0020815000170841813,0,4049456,True
final_control_032,B4,0.001867600018158555,0,3299204,True
final_control_032,B5,0.0018091999809257686,0,3299204,True
final_control_033,B4,0.002180200011935085,0,3995627,True
final_control_033,B5,0.001776499964762479,0,3995627,True
final_control_034,B4,0.0032005999819375575,0,6008340,True
final_control_034,B5,0.003049999999348074,0,6008340,True
final_control_035,B4,0.0021472000516951084,0,5453697,True
final_control_035,B5,0.0024847000022418797,0,5453697,True
final_control_036,B4,0.0014223999460227787,0,11841870,True
final_control_036,B5,0.0012247000122442842,0,11841870,True
final_control_037,B4,0.0017867999849840999,0,5159510,True
final_control_037,B5,0.0019455999718047678,0,5159510,True
final_control_038,B4,0.002111000008881092,0,3266601,True
final_control_038,B5,0.0022471999982371926,0,3266601,True
final_control_039,B4,0.0032329000532627106,0,4010518,True
final_control_039,B5,0.0019413999980315566,0,4010518,True
final_control_040,B4,0.0014205999905243516,0,5034718,True
final_control_040,B5,0.0023658000282011926,0,5034718,True
final_control_041,B4,0.0011637999559752643,0,7661104,True
final_control_041,B5,0.001076799992006272,0,7661104,True
final_control_042,B4,0.001122299989219755,0,10182986,True
final_control_042,B5,0.0013176000211387873,0,10182986,True
final_control_043,B4,0.0021533999824896455,0,10583735,True
final_control_043,B5,0.0018819000106304884,0,10583735,True
final_control_044,B4,0.0022902999771758914,0,11760623,True
final_control_044,B5,0.002406400046311319,0,11760623,True
final_control_045,B4,0.0020159000414423645,0,9190616,True
final_control_045,B5,0.0019440000178292394,0,9190616,True
final_control_046,B4,0.003327000013086945,0,6519623,True
final_control_046,B5,0.0023996999952942133,0,6519623,True
final_control_047,B4,0.0019632999901659787,0,7892640,True
final_control_047,B5,0.0019567999988794327,0,7892640,True
final_control_048,B4,0.0012257000198587775,0,3666396,True
final_control_048,B5,0.0011549000046215951,0,3666396,True
final_control_049,B4,0.0031277000089176,0,3989427,True
final_control_049,B5,0.0015285999979823828,0,3989427,True
final_control_050,B4,0.0020612000371329486,0,6276133,True
final_control_050,B5,0.0019910000264644623,0,6276133,True
final_control_051,B4,0.0014741999912075698,0,5819503,True
final_control_051,B5,0.001079699955880642,0,5819503,True
final_control_052,B4,0.0018494999967515469,0,6468398,True
final_control_052,B5,0.001783600018825382,0,6468398,True
final_control_053,B4,0.0017886999994516373,0,5254579,True
final_control_053,B5,0.002289000025484711,0,5254579,True
final_control_054,B4,0.002057400008197874,0,3209662,True
final_control_054,B5,0.0018025999888777733,0,3209662,True
final_control_055,B4,0.0019695000373758376,0,4240294,True
final_control_055,B5,0.0017432000022381544,0,4240294,True
final_control_056,B4,0.0019206000142730772,0,3351762,True
final_control_056,B5,0.0017798999906517565,0,3351762,True
final_control_057,B4,0.001604100049007684,0,4002579,True
final_control_057,B5,0.0011213000398129225,0,4002579,True
final_control_058,B4,0.0011759999906644225,0,5866801,True
final_control_058,B5,0.0011659000301733613,0,5866801,True
final_control_059,B4,0.0022461999906226993,0,5762994,True
final_control_059,B5,0.0027987000066787004,0,5762994,True
final_control_060,B4,0.0023734999704174697,0,11735079,True
final_control_060,B5,0.002770800027064979,0,11735079,True
final_control_061,B4,0.0030054000089876354,0,5262812,True
final_control_061,B5,0.0033392999903298914,0,5262812,True
final_control_062,B4,0.0027809999883174896,0,3382504,True
final_control_062,B5,0.0019702999852597713,0,3382504,True
final_control_063,B4,0.0011775000020861626,0,3939649,True
final_control_063,B5,0.001325500023085624,0,3939649,True
final_control_064,B4,0.0022863999474793673,0,5061007,True
final_control_064,B5,0.0020112000056542456,0,5061007,True
final_control_065,B4,0.0034034999553114176,0,7842359,True
final_control_065,B5,0.0018842000281438231,0,7842359,True
final_control_066,B4,0.00240609998581931,0,10466792,True
final_control_066,B5,0.001449099974706769,0,10466792,True
final_control_067,B4,0.0011505000293254852,0,10658814,True
final_control_067,B5,0.0010656999656930566,0,10658814,True
final_control_068,B4,0.001805200008675456,0,11818311,True
final_control_068,B5,0.0024668999831192195,0,11818311,True
final_control_069,B4,0.002193799999076873,0,8964889,True
final_control_069,B5,0.002076299977488816,0,8964889,True
final_control_070,B4,0.002495099965017289,0,6388759,True
final_control_070,B5,0.002091399976052344,0,6388759,True
final_control_071,B4,0.0016320000286214054,0,7734705,True
final_control_071,B5,0.001379899971652776,0,7734705,True
final_control_072,B4,0.0011608999921008945,0,3569210,True
final_control_072,B5,0.0010935000027529895,0,3569210,True
final_control_073,B4,0.0022025000071153045,0,3977444,True
final_control_073,B5,0.001752499956637621,0,3977444,True
final_control_074,B4,0.0014644000330008566,0,6195571,True
final_control_074,B5,0.0026599999982863665,0,6195571,True
final_control_075,B4,0.0022761000436730683,0,6015575,True
final_control_075,B5,0.0025586000410839915,0,6015575,True
final_control_076,B4,0.0015740999951958656,0,6209325,True
final_control_076,B5,0.0024689999991096556,0,6209325,True
final_control_077,B4,0.0017392000299878418,0,5212666,True
final_control_077,B5,0.0019497000030241907,0,5212666,True
final_control_078,B4,0.0014874999760650098,0,3306932,True
final_control_078,B5,0.0015343999839387834,0,3306932,True
final_control_079,B4,0.002793300023768097,0,4022244,True
final_control_079,B5,0.002215399988926947,0,4022244,True
final_control_080,B4,0.0011714999563992023,0,3661941,True
final_control_080,B5,0.0013787000207230449,0,3661941,True
final_control_081,B4,0.001955100044142455,0,4233474,True
final_control_081,B5,0.0016583999968133867,0,4233474,True
final_control_082,B4,0.0018318999791517854,0,5937425,True
final_control_082,B5,0.0017886999994516373,0,5937425,True
final_control_083,B4,0.0024231999996118248,0,5588500,True
final_control_083,B5,0.002059200021903962,0,5588500,True
final_control_084,B4,0.0019366999622434378,0,11755712,True
final_control_084,B5,0.0020786999957636,0,11755712,True
final_control_085,B4,0.0011648000217974186,0,5169446,True
final_control_085,B5,0.0011300999904051423,0,5169446,True
final_control_086,B4,0.0022302999859675765,0,3322776,True
final_control_086,B5,0.0019832999678328633,0,3322776,True
final_control_087,B4,0.001513600000180304,0,3962393,True
final_control_087,B5,0.002218599955085665,0,3962393,True
final_control_088,B4,0.003413999977055937,0,6820884,True
final_control_088,B5,0.0029643999878317118,0,6820884,True
final_control_089,B4,0.0019794999971054494,0,8180431,True
final_control_089,B5,0.0022977000335231423,0,8180431,True
final_control_090,B4,0.0017460999661125243,0,10310716,True
final_control_090,B5,0.001775300013832748,0,10310716,True
final_control_091,B4,0.0019175000488758087,0,10530813,True
final_control_091,B5,0.0018631999846547842,0,10530813,True
final_control_092,B4,0.0020306999795138836,0,11779952,True
final_control_092,B5,0.001179999962914735,0,11779952,True
final_control_093,B4,0.002277499996125698,0,9031806,True
final_control_093,B5,0.002095300005748868,0,9031806,True
final_control_094,B4,0.002426600025501102,0,6452006,True
final_control_094,B5,0.002176599984522909,0,6452006,True
final_control_095,B4,0.0021197000169195235,0,8262843,True
final_control_095,B5,0.0020952000049874187,0,8262843,True
final_control_096,B4,0.0019317000405862927,0,5115546,True
final_control_096,B5,0.001789200003258884,0,5115546,True
final_control_097,B4,0.002250000019557774,0,4014542,True
final_control_097,B5,0.0019431000109761953,0,4014542,True
final_control_098,B4,0.0023705000057816505,0,6136914,True
final_control_098,B5,0.0020530999754555523,0,6136914,True
final_control_099,B4,0.001964299997780472,0,6006422,True
final_control_099,B5,0.001844200014602393,0,6006422,True
final_control_100,B4,0.00198090000776574,0,6346121,True
final_control_100,B5,0.0025100999628193676,0,6346121,True
final_control_101,B4,0.0013790000230073929,0,5319702,True
final_control_101,B5,0.0011971999774686992,0,5319702,True
final_control_102,B4,0.0019958000048063695,0,3203354,True
final_control_102,B5,0.001960699970368296,0,3203354,True
final_control_103,B4,0.0011813000310212374,0,4164449,True
final_control_103,B5,0.0011218999861739576,0,4164449,True
final_control_104,B4,0.0020117999520152807,0,3606161,True
final_control_104,B5,0.0021643000072799623,0,3606161,True
final_control_105,B4,0.0012241000076755881,0,4048137,True
final_control_105,B5,0.001082399976439774,0,4048137,True
final_control_106,B4,0.0024801999679766595,0,5862419,True
final_control_106,B5,0.003331199986860156,0,5862419,True
final_control_107,B4,0.00217489997157827,0,5820942,True
final_control_107,B5,0.0031414999975822866,0,5820942,True
final_control_108,B4,0.0023875999613665044,0,12005547,True
final_control_108,B5,0.0022051999694667757,0,12005547,True
final_control_109,B4,0.0015134999994188547,0,5222135,True
final_control_109,B5,0.0015545999631285667,0,5222135,True
final_control_110,B4,0.0015222000074572861,0,3413973,True
final_control_110,B5,0.002161499985959381,0,3413973,True
final_control_111,B4,0.0021382999839261174,0,3957380,True
final_control_111,B5,0.0019293000223115087,0,3957380,True
final_control_112,B4,0.0017178999842144549,0,7017607,True
final_control_112,B5,0.0017864999826997519,0,7017607,True
final_control_113,B4,0.002020500018261373,0,7512325,True
final_control_113,B5,0.0024070999934338033,0,7512325,True
final_control_114,B4,0.0028261999832466245,0,10210688,True
final_control_114,B5,0.002591800002846867,0,10210688,True
final_control_115,B4,0.0034580000210553408,0,10653731,True
final_control_115,B5,0.003106100019067526,0,10653731,True
final_control_116,B4,0.004175699956249446,0,11906931,True
final_control_116,B5,0.0031063000205904245,0,11906931,True
final_control_117,B4,0.0023443999816663563,0,9284618,True
final_control_117,B5,0.001588099985383451,0,9284618,True
final_control_118,B4,0.0021784999989904463,0,6543543,True
final_control_118,B5,0.0023648000205866992,0,6543543,True
final_control_119,B4,0.0018482999876141548,0,7680657,True
final_control_119,B5,0.001818199991248548,0,7680657,True
final_control_120,B4,0.001712299999780953,0,5486498,True
final_control_120,B5,0.001685099967289716,0,5486498,True
final_control_121,B4,0.001930000027641654,0,4156724,True
final_control_121,B5,0.0017357999458909035,0,4156724,True
final_control_122,B4,0.0013087000115774572,0,5789960,True
final_control_122,B5,0.0011378000490367413,0,5789960,True
final_control_123,B4,0.001214599993545562,0,5688761,True
final_control_123,B5,0.001102499954868108,0,5688761,True
final_control_124,B4,0.0027406999724917114,0,6402079,True
final_control_124,B5,0.0021309999865479767,0,6402079,True
final_control_125,B4,0.0011970999767072499,0,3764278,True
final_control_125,B5,0.0011642000172287226,0,3764278,True
final_control_126,B4,0.0019853999838232994,0,3303691,True
final_control_126,B5,0.0012298999936319888,0,3303691,True
final_control_127,B4,0.0021034000092186034,0,3847950,True
final_control_127,B5,0.0018388000316917896,0,3847950,True
final_control_128,B4,0.0011576000251807272,0,3480464,True
final_control_128,B5,0.0010901999776251614,0,3480464,True
final_control_129,B4,0.0018720000516623259,0,3945280,True
final_control_129,B5,0.0018532000249251723,0,3945280,True
final_control_130,B4,0.0012463000020943582,0,5981819,True
final_control_130,B5,0.001184699998702854,0,5981819,True
final_control_131,B4,0.00262700003804639,0,5825724,True
final_control_131,B5,0.002019300009123981,0,5825724,True
final_control_132,B4,0.0019363000174053013,0,11866780,True
final_control_132,B5,0.0018785999855026603,0,11866780,True
final_control_133,B4,0.002165100013371557,0,5231051,True
final_control_133,B5,0.0019084999803453684,0,5231051,True
final_control_134,B4,0.00225349998800084,0,3382371,True
final_control_134,B5,0.0032884000102058053,0,3382371,True
final_control_135,B4,0.0032340000034309924,0,3965465,True
final_control_135,B5,0.0020629000500775874,0,3965465,True
final_control_136,B4,0.002573199977632612,0,6966735,True
final_control_136,B5,0.0018433000077493489,0,6966735,True
final_control_137,B4,0.004458799958229065,0,7878114,True
final_control_137,B5,0.002347000001464039,0,7878114,True
final_control_138,B4,0.0026368999970145524,0,10182685,True
final_control_138,B5,0.002297300030477345,0,10182685,True
final_control_139,B4,0.002568800002336502,0,10633443,True
final_control_139,B5,0.0019438000163063407,0,10633443,True
final_control_140,B4,0.0027979000005871058,0,11777274,True
final_control_140,B5,0.0025696000084280968,0,11777274,True
final_control_141,B4,0.0022202000254765153,0,7133305,True
final_control_141,B5,0.0015196000458672643,0,7133305,True
final_control_142,B4,0.001131199998781085,0,6562098,True
final_control_142,B5,0.0012076999992132187,0,6562098,True
final_control_143,B4,0.0020815000170841813,0,9027416,True
final_control_143,B5,0.0012100000167265534,0,9027416,True
final_control_144,B4,0.002698299998883158,0,5397480,True
final_control_144,B5,0.0021658000187017024,0,5397480,True
final_control_145,B4,0.001278200012166053,0,4130711,True
final_control_145,B5,0.0016906000091694295,0,4130711,True
final_control_146,B4,0.0023095000069588423,0,6057794,True
final_control_146,B5,0.0027873999788425863,0,6057794,True
final_control_147,B4,0.0015177999739535153,0,6023642,True
final_control_147,B5,0.0017251999815925956,0,6023642,True
final_control_148,B4,0.0013316000113263726,0,6120970,True
final_control_148,B5,0.0011199999717064202,0,6120970,True
final_control_149,B4,0.0013612999464385211,0,5320839,True
final_control_149,B5,0.0012464000028558075,0,5320839,True
final_control_150,B4,0.0023880000226199627,0,3366517,True
final_control_150,B5,0.0023385999957099557,0,3366517,True
final_control_151,B4,0.0019715999951586127,0,4009213,True
final_control_151,B5,0.0018003000295720994,0,4009213,True
final_control_152,B4,0.0013723999727517366,0,3581905,True
final_control_152,B5,0.001180000021122396,0,3581905,True
final_control_153,B4,0.002209400001447648,0,4207115,True
final_control_153,B5,0.0017462000250816345,0,4207115,True
final_control_154,B4,0.002141400007531047,0,5624819,True
final_control_154,B5,0.0021093999966979027,0,5624819,True
final_control_155,B4,0.0023671999806538224,0,5804397,True
final_control_155,B5,0.004191000014543533,0,5804397,True
final_control_156,B4,0.0017334000440314412,0,11782689,True
final_control_156,B5,0.0016919999616220593,0,11782689,True
final_control_157,B4,0.0016182000399567187,0,3552220,True
final_control_157,B5,0.0011463999981060624,0,3552220,True
final_control_158,B4,0.0020217999699525535,0,3361047,True
final_control_158,B5,0.0014432999887503684,0,3361047,True
final_control_159,B4,0.002113100024871528,0,4051944,True
final_control_159,B5,0.0014408999704755843,0,4051944,True
final_control_160,B4,0.0018501000013202429,0,8372639,True
final_control_160,B5,0.0017615000251680613,0,8372639,True
final_control_161,B4,0.0020176999969407916,0,7745471,True
final_control_161,B5,0.002049700007773936,0,7745471,True
final_control_162,B4,0.002217700006440282,0,10158515,True
final_control_162,B5,0.0015619999612681568,0,10158515,True
final_control_163,B4,0.0021444999729283154,0,10669776,True
final_control_163,B5,0.0023465999984182417,0,10669776,True
final_control_164,B4,0.0022779999999329448,0,11963750,True
final_control_164,B5,0.0022869999520480633,0,11963750,True
final_control_165,B4,0.0011419000220485032,0,6806551,True
final_control_165,B5,0.0015894999960437417,0,6806551,True
final_control_166,B4,0.0023665999760851264,0,6377270,True
final_control_166,B5,0.0021362999686971307,0,6377270,True
final_control_167,B4,0.0018986999639309943,0,8611266,True
final_control_167,B5,0.002055399992968887,0,8611266,True
final_control_168,B4,0.0011063999845646322,0,3554903,True
final_control_168,B5,0.0010013999999500811,0,3554903,True
final_control_169,B4,0.001326099969446659,0,4131392,True
final_control_169,B5,0.0011504999711178243,0,4131392,True
final_control_170,B4,0.0032049999572336674,0,6042574,True
final_control_170,B5,0.004225800046697259,0,6042574,True
final_control_171,B4,0.004277800035197288,0,5751283,True
final_control_171,B5,0.0019262000569142401,0,5751283,True
final_control_172,B4,0.002008400042541325,0,6562229,True
final_control_172,B5,0.0018174999859184027,0,6562229,True
final_control_173,B4,0.0021658000187017024,0,3761066,True
final_control_173,B5,0.002135500020813197,0,3761066,True
final_control_174,B4,0.0011743999784812331,0,3416107,True
final_control_174,B5,0.0010711000068113208,0,3416107,True
final_control_175,B4,0.002812699996866286,0,4155055,True
final_control_175,B5,0.005975000036414713,0,4155055,True
final_control_176,B4,0.0024266999680548906,0,5321677,True
final_control_176,B5,0.0012877000262960792,0,5321677,True
final_control_177,B4,0.0010843000491149724,0,3940197,True
final_control_177,B5,0.0010393999982625246,0,3940197,True
final_control_178,B4,0.0018411999917589128,0,5436018,True
final_control_178,B5,0.0016807999927550554,0,5436018,True
final_control_179,B4,0.0031784999882802367,0,5830748,True
final_control_179,B5,0.002209400001447648,0,5830748,True
final_control_180,B4,0.0012838999973610044,0,11998836,True
final_control_180,B5,0.0011356999748386443,0,11998836,True
final_control_181,B4,0.0011018000077456236,0,3605018,True
final_control_181,B5,0.0010535999899730086,0,3605018,True
final_control_182,B4,0.001357399974949658,0,3403069,True
final_control_182,B5,0.0011448999866843224,0,3403069,True
final_control_183,B4,0.0022129000280983746,0,4056934,True
final_control_183,B5,0.0018366999574936926,0,4056934,True
final_control_184,B4,0.002016299986280501,0,6878222,True
final_control_184,B5,0.0021872000070288777,0,6878222,True
final_control_185,B4,0.0022208000300452113,0,7746364,True
final_control_185,B5,0.0018351000035181642,0,7746364,True
final_control_186,B4,0.0012470000074245036,0,10260596,True
final_control_186,B5,0.0010149999870918691,0,10260596,True
final_control_187,B4,0.002132599998731166,0,10663054,True
final_control_187,B5,0.0019995999755337834,0,10663054,True
final_control_188,B4,0.0018533000256866217,0,11968329,True
final_control_188,B5,0.0016952999867498875,0,11968329,True
final_control_189,B4,0.0023930000024847686,0,6931173,True
final_control_189,B5,0.0022187999566085637,0,6931173,True
final_control_190,B4,0.0020199999562464654,0,6430226,True
final_control_190,B5,0.0016639000386931002,0,6430226,True
final_control_191,B4,0.0013670999906025827,0,8723974,True
final_control_191,B5,0.0013144999975338578,0,8723974,True
final_control_192,B4,0.0022649000165984035,0,3697107,True
final_control_192,B5,0.0019641999970190227,0,3697107,True
final_control_193,B4,0.0026267999783158302,0,4072958,True
final_control_193,B5,0.002996700000949204,0,4072958,True
final_control_194,B4,0.0013316000113263726,0,6130151,True
final_control_194,B5,0.0037084000068716705,0,6130151,True
final_control_195,B4,0.0017083999700844288,0,5846906,True
final_control_195,B5,0.002001299988478422,0,5846906,True
final_control_196,B4,0.002365299966186285,0,6438170,True
final_control_196,B5,0.001819099998101592,0,6438170,True
final_control_197,B4,0.002298799983691424,0,5245920,True
final_control_197,B5,0.0018214000156149268,0,5245920,True
final_control_198,B4,0.002284000045619905,0,3289848,True
final_control_198,B5,0.0019744999590329826,0,3289848,True
final_control_199,B4,0.0025920000043697655,0,3914919,True
final_control_199,B5,0.002224500000011176,0,3914919,True
final_control_200,B4,0.0019052999559789896,0,5490090,True
final_control_200,B5,0.0012593999854288995,0,5490090,True
final_control_201,B4,0.002308800001628697,0,4049516,True
final_control_201,B5,0.0021989999804645777,0,4049516,True
final_control_202,B4,0.0018278000061400235,0,5945803,True
final_control_202,B5,0.0017226999625563622,0,5945803,True
final_control_203,B4,0.0019499000045470893,0,5600791,True
final_control_203,B5,0.002280800021253526,0,5600791,True
final_control_204,B4,0.0036992999957874417,0,11858717,True
final_control_204,B5,0.0018996000289916992,0,11858717,True
final_control_205,B4,0.0030083999736234546,0,3627319,True
final_control_205,B5,0.004092299961484969,0,3627319,True
final_control_206,B4,0.0019977999618276954,0,3483652,True
final_control_206,B5,0.002424200007226318,0,3483652,True
final_control_207,B4,0.0026763000059872866,0,3970287,True
final_control_207,B5,0.002113899972755462,0,3970287,True
final_control_208,B4,0.0012551999534480274,0,7038875,True
final_control_208,B5,0.001166699978057295,0,7038875,True
final_control_209,B4,0.0017027999856509268,0,7786260,True
final_control_209,B5,0.0014609000063501298,0,7786260,True
final_control_210,B4,0.0016000000177882612,0,10299099,True
final_control_210,B5,0.001580399984959513,0,10299099,True
final_control_211,B4,0.0012546999496407807,0,10379440,True
final_control_211,B5,0.0011375999893061817,0,10379440,True
final_control_212,B4,0.0019178999937139452,0,11835130,True
final_control_212,B5,0.00226239999756217,0,11835130,True
final_control_213,B4,0.002576999948360026,0,7067659,True
final_control_213,B5,0.0021803000126965344,0,7067659,True
final_control_214,B4,0.0024222999927587807,0,6461493,True
final_control_214,B5,0.0022042999626137316,0,6461493,True
final_control_215,B4,0.001955399988219142,0,7639177,True
final_control_215,B5,0.0017973000067286193,0,7639177,True
final_control_216,B4,0.0016820000018924475,0,3586798,True
final_control_216,B5,0.0017262999899685383,0,3586798,True
final_control_217,B4,0.0020428000134415925,0,4032653,True
final_control_217,B5,0.0020409999997355044,0,4032653,True
final_control_218,B4,0.0012431999784894288,0,5948625,True
final_control_218,B5,0.0018289999570697546,0,5948625,True
final_control_219,B4,0.0018566999933682382,0,6038641,True
final_control_219,B5,0.0017655999981798232,0,6038641,True
final_control_220,B4,0.0022732000215910375,0,6592857,True
final_control_220,B5,0.0021278999629430473,0,6592857,True
final_control_221,B4,0.0015707999700680375,0,5466435,True
final_control_221,B5,0.0011405999539420009,0,5466435,True
final_control_222,B4,0.005539799982216209,0,3304139,True
final_control_222,B5,0.0019975999603047967,0,3304139,True
final_control_223,B4,0.0016305999597534537,0,4084576,True
final_control_223,B5,0.0015711000305600464,0,4084576,True
final_control_224,B4,0.002120399964042008,0,5196068,True
final_control_224,B5,0.0016489000408910215,0,5196068,True
final_control_225,B4,0.001513900002464652,0,3984770,True
final_control_225,B5,0.002882800006773323,0,3984770,True
final_control_226,B4,0.0020530999754555523,0,5968697,True
final_control_226,B5,0.0018493999959900975,0,5968697,True
final_control_227,B4,0.0024836999946273863,0,10384556,True
final_control_227,B5,0.0020131999626755714,0,10384556,True
final_control_228,B4,0.0016736999968998134,0,12016359,True
final_control_228,B5,0.001642499992158264,0,12016359,True
final_control_229,B4,0.0010903000365942717,0,3762842,True
final_control_229,B5,0.0010735000250861049,0,3762842,True
final_control_230,B4,0.0011867000139318407,0,3130446,True
final_control_230,B5,0.0010763000464066863,0,3130446,True
final_control_231,B4,0.0023604999878443778,0,4049338,True
final_control_231,B5,0.0022284999722614884,0,4049338,True
final_control_232,B4,0.0019627000438049436,0,6939837,True
final_control_232,B5,0.0018646999960765243,0,6939837,True
final_control_233,B4,0.002361499995458871,0,7799000,True
final_control_233,B5,0.0018029999919235706,0,7799000,True
final_control_234,B4,0.0014937000232748687,0,10137673,True
final_control_234,B5,0.002634700038470328,0,10137673,True
final_control_235,B4,0.0022755999816581607,0,10589064,True
final_control_235,B5,0.002146199985872954,0,10589064,True
final_control_236,B4,0.002033500000834465,0,11706593,True
final_control_236,B5,0.0017961999983526766,0,11706593,True
final_control_237,B4,0.0023868000134825706,0,6834956,True
final_control_237,B5,0.0030663999496027827,0,6834956,True
final_control_238,B4,0.0024158000014722347,0,6269134,True
final_control_238,B5,0.0021377999801188707,0,6269134,True
final_control_239,B4,0.0016958999913185835,0,8603319,True
final_control_239,B5,0.0015861000283621252,0,8603319,True
