source,method,assigned,PASS,FAIL,INDETERMINATE
controls,B0,240,201,39,0
controls,B1,240,182,58,0
controls,B2,240,21,219,0
controls,B3,240,77,163,0
controls,B4_normal,240,77,163,0
controls,B4,240,77,163,0
controls,B5,240,77,163,0
controls,A_no_geometry,240,77,163,0
controls,A_no_torque,240,77,163,0
controls,A_binary_unknown_fail,240,77,163,0
controls,A_accumulated,240,92,148,0
controls,A_net_aggregation,240,77,163,0
allegro,B0,120,12,108,0
allegro,B1,120,11,109,0
allegro,B2,120,2,118,0
allegro,B3,120,2,118,0
allegro,B4_normal,120,2,118,0
allegro,B4,120,2,118,0
allegro,B5,120,2,118,0
allegro,A_no_geometry,120,2,118,0
allegro,A_no_torque,120,2,118,0
allegro,A_binary_unknown_fail,120,2,118,0
allegro,A_accumulated,120,2,118,0
allegro,A_net_aggregation,120,2,118,0
fetch,B0,100,48,52,0
fetch,B1,100,48,52,0
fetch,B2,100,48,52,0
fetch,B3,100,48,52,0
fetch,B4_normal,100,48,52,0
fetch,B4,100,0,52,48
fetch,B5,100,0,52,48
fetch,A_no_geometry,100,0,52,48
fetch,A_no_torque,100,48,52,0
fetch,A_binary_unknown_fail,100,0,100,0
fetch,A_accumulated,100,0,52,48
fetch,A_net_aggregation,100,0,52,48
dexgraspbench,B0,100,70,29,1
dexgraspbench,B1,100,70,29,1
dexgraspbench,B2,100,70,29,1
dexgraspbench,B3,100,70,29,1
dexgraspbench,B4_normal,100,70,29,1
dexgraspbench,B4,100,70,29,1
dexgraspbench,B5,100,70,29,1
dexgraspbench,A_no_geometry,100,70,29,1
dexgraspbench,A_no_torque,100,70,29,1
dexgraspbench,A_binary_unknown_fail,100,70,29,1
dexgraspbench,A_accumulated,100,70,29,1
dexgraspbench,A_net_aggregation,100,70,29,1
