k,method,scenes,accepted,usable,possible_usable,abstained,invalid,usable_fraction,pool_oracle_usable,mean_empirical_regret,nominal_physics_budget
1,B0,120,12,2,2,108,0,0.016666666666666666,19,0.14166666666666666,1387996
1,B1,120,11,2,2,109,0,0.016666666666666666,19,0.14166666666666666,1387996
1,B2,120,2,2,2,118,0,0.016666666666666666,19,0.14166666666666666,1387996
1,B3,120,2,2,2,118,0,0.016666666666666666,19,0.14166666666666666,1387996
1,B4,120,2,2,2,118,0,0.016666666666666666,19,0.14166666666666666,1387996
1,B4_normal,120,2,2,2,118,0,0.016666666666666666,19,0.14166666666666666,1387996
1,B5,120,2,2,2,118,0,0.016666666666666666,19,0.14166666666666666,1387996
3,B0,120,34,11,11,86,0,0.09166666666666666,37,0.21666666666666667,4164987
3,B1,120,30,11,11,90,0,0.09166666666666666,37,0.21666666666666667,4164987
3,B2,120,8,6,6,112,0,0.05,37,0.25833333333333336,4164987
3,B3,120,8,6,6,112,0,0.05,37,0.25833333333333336,4164987
3,B4,120,8,6,6,112,0,0.05,37,0.25833333333333336,4164987
3,B4_normal,120,8,6,6,112,0,0.05,37,0.25833333333333336,4164987
3,B5,120,8,6,6,112,0,0.05,37,0.25833333333333336,4164987
6,B0,120,40,15,15,80,0,0.125,49,0.2833333333333333,8363972
6,B1,120,36,15,15,84,0,0.125,49,0.2833333333333333,8363972
6,B2,120,13,10,10,107,0,0.08333333333333333,49,0.325,8363972
6,B3,120,13,10,10,107,0,0.08333333333333333,49,0.325,8363972
6,B4,120,13,10,10,107,0,0.08333333333333333,49,0.325,8363972
6,B4_normal,120,13,10,10,107,0,0.08333333333333333,49,0.325,8363972
6,B5,120,13,10,10,107,0,0.08333333333333333,49,0.325,8363972
