case_id,family,native_choice,nc_choice,ordered_candidates
v3_new1_bar_random_00,bar_random,,,"[""9a7877db21f1ad77baa4"", ""93f3f399e2316ec5b3da"", ""224ce19b5b7c03568982"", ""f1c11173a69b13f80975"", ""55e73945f71f329d0eb9"", ""62263e277a0fc4e703c6""]"
v3_new1_bar_random_01,bar_random,,,"[""02147417426ee07f4d39"", ""0808d8a63268f95afa81"", ""fbb82308ac2370fc013e"", ""fff9805e69d06a66373b"", ""8d4812760aa495e47aff"", ""2e1a7d0b7f93af82b67d""]"
v3_new1_bar_random_02,bar_random,,,"[""73359b8cb38ba96ff98e"", ""2d79dd23c1a0480d448b"", ""b742c654d8dee0aaf48a"", ""9bb7b21f64b4f7a9f820"", ""b8780ec67278c8ec329c"", ""efd97f0ae1ba419b9a84""]"
v3_new1_bar_random_03,bar_random,,,"[""5ae0d311b7241fa2c0dd"", ""eb985d272925c1ed682b"", ""483de4c33b007370c055"", ""052876c05c1c5676000e"", ""e2acbb84f39dc790e3fd"", ""0423ff314b05e3c952ae""]"
v3_new1_bar_random_04,bar_random,,,"[""83c1af7be861ebe86b6b"", ""ffc846b5f4498f2c202e"", ""6e2d96328faaa6f2ad7e"", ""e3fb256d6f5512d68cab"", ""70a34b50fbb2b31761a7"", ""4369cb48368b038163f2""]"
v3_new1_bar_random_05,bar_random,,,"[""b7daabd343bf73df1d7c"", ""b7619af2685e4536f1ba"", ""e4220733608f7d599f3c"", ""f2c695ea8b8cc5bd9c7f"", ""4ff2c7b10de293958536"", ""043e5a9f3c5c4a21f8c5""]"
v3_new1_bar_random_06,bar_random,,,"[""d5a4da29d6e4fa962f1e"", ""795b3290069c178ab78c"", ""ba85faa5dfdc83897943"", ""e334ec6b89cfd40c11cc"", ""7b46e1cc6371e52a3c37"", ""e9f5386fdedc759720c7""]"
v3_new1_bar_random_07,bar_random,a1d554287902b6723c99,,"[""c3da5130e64bdddc9d9c"", ""a1d554287902b6723c99"", ""c1a34d93f79f6e9f9df7"", ""2b789eacdb4a8b0b27dd"", ""f20ab2db287b9002990d"", ""ff802fe1173d8aa6baa4""]"
v3_new1_bar_random_08,bar_random,a2b5f163218b423df585,,"[""a2b5f163218b423df585"", ""123fc595fd196458c13c"", ""9ecb45b05686ee60ae55"", ""0112511ef0c6815bdb33"", ""f846d3d7faf0d4360210"", ""2a1c58e342efb8b71586""]"
v3_new1_bar_random_09,bar_random,,,"[""083fadd3c0f566e7f41b"", ""7e9effe923457592a9ed"", ""392aa3dbe0359966ac8b"", ""25c6c6c88c15c66c1bee"", ""0bacd5e0c11e556e0b6d"", ""8e251154115643e79c2d""]"
v3_new1_bar_random_10,bar_random,,,"[""c9709ccdbcf7d825f2fd"", ""027ef8f86bdb698208c4"", ""c6f88d517ebbb0439805"", ""cd95f29535de2bd60881"", ""1a786c5a88bd1911accd"", ""d453a55f7feb296eb87c""]"
v3_new1_bar_random_11,bar_random,,,"[""066ff83a955494bb92c1"", ""f32d538a7399a0a4d210"", ""23c32df1a024a710b21f"", ""fd16a7910281aed2d166"", ""d7e29cd13b359030f54c"", ""715b040b743e470c5701""]"
v3_new1_bar_random_12,bar_random,,,"[""96b9a4e3f32762dff1bc"", ""82fbf36e98931e4bac60"", ""9fc291ae7faf0fc79a2e"", ""2a25254bdc662dcd3c09"", ""0f109af368704eaf0af7"", ""56f51327c0ab57ea3d43""]"
v3_new1_bar_random_13,bar_random,,,"[""6c5a2d471c0f093fcbe7"", ""da2a97ec3805ece461aa"", ""f35892950008aef69b04"", ""3b96cb25fd68f89b78aa"", ""4a2ee4e5f1feb513ef22"", ""6d1cedf2bc014b7912c3""]"
v3_new1_bar_random_14,bar_random,,,"[""a4d728129691ef029edb"", ""288c85972b301e5ab95d"", ""d1f10eeea001cac0e6c2"", ""a1f32af4f2645eae5b0c"", ""24abe6704dcbd0f36e5c"", ""adb2bfa39c2d7153c323""]"
v3_new1_bar_random_15,bar_random,,,"[""cf6a5215dbeec07b950b"", ""fccc39b9175511a8016a"", ""73cb5ed6661121b12e6b"", ""a94e706feb9be435eae1"", ""2506144d0e9a3520d891"", ""ca2a2f83adb91205664a""]"
v3_new1_bar_random_16,bar_random,,,"[""c94cac68d1c756bc11f5"", ""c50a38b87a286f68c01f"", ""cb2cd15937aad77c0c6a"", ""3b9e0615e11a1c7d9a32"", ""10b51f4e1de41f0be745"", ""d0c5a9a9bfd9bc97cb90""]"
v3_new1_bar_random_17,bar_random,ab6760804cb48a5f0fe3,,"[""1d7b3382f59c289feb96"", ""355e3423621630258a21"", ""7dc86f1448b1e5a7d914"", ""569a9282b980bf482ba2"", ""29c2cbcabd4b3132d45b"", ""ab6760804cb48a5f0fe3""]"
v3_new1_bar_random_18,bar_random,,,"[""1f3271094e24397a69dc"", ""ca467af956c064adb438"", ""94ceedc9f5c9c9ff845c"", ""1c82430ccef91abe1105"", ""2162ef841acb365f75c4"", ""6ed49a518199a660d77e""]"
v3_new1_bar_random_19,bar_random,7ecd3212844b080473f9,,"[""7ecd3212844b080473f9"", ""908428fd32c37101ed3c"", ""9cee7bbb9b12e7ed7c27"", ""0423e824b2fc2d164257"", ""af923f013fa44eb4aafc"", ""726387a4bb48d2c9448c""]"
v3_new1_capsule_random_00,capsule_random,,,"[""daa33f550f88a9ba1c44"", ""768370fdc9c5d0657455"", ""767bec6b552bc1497491"", ""1d9be6518b31c0f3cc0c"", ""ed32bd04a5248775d841"", ""d21f29331420a1949c8b""]"
v3_new1_capsule_random_01,capsule_random,,,"[""eb2dc08926455ddc52df"", ""a1ceade69a5184436617"", ""1e3b6cbf43404045a428"", ""4d75984431c6e93cd00d"", ""fec49fa9ae7d446d54be"", ""d00ba5800584adddc005""]"
v3_new1_capsule_random_02,capsule_random,,,"[""1d6b578dc34bcfc13757"", ""9525c8cf39583e458c25"", ""235b05d261074c46f1ef"", ""0e84ba23428040c02663"", ""0571d6079ee40b1268a8"", ""e7aee9d34b717e66eee8""]"
v3_new1_capsule_random_03,capsule_random,,,"[""df6062ef5c00e4de8062"", ""9531c11856b5f34ca748"", ""c04d63a8ed366b711849"", ""2c0326b2613605e055b5"", ""1ce140b52aaa38d9ac20"", ""9ee214b6426a265951b3""]"
v3_new1_capsule_random_04,capsule_random,,,"[""1c11c9c1a98a4ff82e80"", ""8715cfdc807aebd93e91"", ""64708aaabe3021c7b590"", ""b624d2b6be1de7e6a7e2"", ""d9f7cd9eefb485d7b501"", ""caea8eac1499c5dbee63""]"
v3_new1_capsule_random_05,capsule_random,,,"[""a84d292e9057a9848f7d"", ""6e257fe76063da6ed2c8"", ""3b6ebfae4a34b6edc536"", ""1e9fe79aa8e9d6f250ae"", ""175c409667f50c5bb8c4"", ""63ce56e9435d290f33e0""]"
v3_new1_capsule_random_06,capsule_random,,,"[""c4069390f7dc6743b12a"", ""83b4698b4a32465d76d6"", ""a3a140a4ab012224c295"", ""e2c1bc677e735e0d1508"", ""5b99b39b128ba9deb11c"", ""09c4a2abc95785076e65""]"
v3_new1_capsule_random_07,capsule_random,,,"[""5fb92a2c612e44323ee5"", ""f7daf8d35de0de9fd478"", ""35da5f555b48092778ce"", ""87aab1bc5c5589631e9b"", ""77859aa69ae9357d386b"", ""c727cf12de69eb53600e""]"
v3_new1_capsule_random_08,capsule_random,,,"[""e82eb50f19726a0a823b"", ""365289aafdcd5ea0e6af"", ""daf137fb52e45fb79b16"", ""8587ff646a64e339dac1"", ""5df93e151e06c85bbd49"", ""7ac8496646a176dac677""]"
v3_new1_capsule_random_09,capsule_random,,,"[""be131d348cf3b9cef5c6"", ""f364524930f42ea1c1de"", ""d87815874aa428e2b719"", ""50f04ac44bff606d1738"", ""940dfbc3196f1fb6bde3"", ""6c8f1d84f5b406f50201""]"
v3_new1_capsule_random_10,capsule_random,,,"[""23eb3caa6e719f08a362"", ""e04e99cfdf518c894184"", ""8d210e56b6a0e69942a0"", ""ba90724943b53ad54c76"", ""dad38ac4d14462ab609f"", ""50ff192036c9fd3ef145""]"
v3_new1_capsule_random_11,capsule_random,,,"[""6e959b8c71426579ae12"", ""0ae896aae80fc8fb9a7f"", ""58c2354899db3affe80b"", ""bac98ede6ebb267b50af"", ""758b10f2332288bb38fd"", ""fd3069116afa50730d31""]"
v3_new1_capsule_random_12,capsule_random,,,"[""ff790ef38257f252f464"", ""82053412f35a57a1a60f"", ""71115b59c53472b24112"", ""4b06544ecd93311bbeb0"", ""01ec7b0d482f3f88be16"", ""08283851e1a726088b6b""]"
v3_new1_capsule_random_13,capsule_random,,,"[""95bad67a441deefaac91"", ""c76eae3dbc3aebe00784"", ""c3d46e36978e7b2a5e77"", ""0d2c6ea7ec33550008bd"", ""d1fb04643c67c83e5d87"", ""062ae4c99dabb1ab12ff""]"
v3_new1_capsule_random_14,capsule_random,,,"[""f78a2f83af06b4940f13"", ""0302c8bca02a9e30c9ca"", ""8e1e1ae1124b85d164fe"", ""8a4559ea85d8dbe95c32"", ""dbd1e5f581f6ed3cf902"", ""f59bc7e410ea30546b2f""]"
v3_new1_capsule_random_15,capsule_random,,,"[""03872abba68a62dba236"", ""1a8098b805d0321ff01b"", ""c894764e6319eb6dfb3c"", ""73082256b5f74eaa651b"", ""eb87384cea8b735f185d"", ""d8cff4fc3a0bee5ca1f0""]"
v3_new1_capsule_random_16,capsule_random,,,"[""f2da668550c7fd6f40b9"", ""906c1849a1ff16740d71"", ""4e6c75a38964989b60d0"", ""a21163eb1a49eed62438"", ""41e050b5c196dbe2e4f2"", ""43044ef0d5f240c456ae""]"
v3_new1_capsule_random_17,capsule_random,,,"[""27ca9be0854ed78a8c7a"", ""6c7c6eb2f744fa2ca160"", ""fedbbd9cefdd477fd9f6"", ""5a61cd47863ae4f7f58e"", ""04b45d04bb0d9f81bcd5"", ""0e8aea722e583ce1d0dd""]"
v3_new1_capsule_random_18,capsule_random,,,"[""c4dcef2dbe9395911c42"", ""caf119da96ff60dbdd52"", ""b1d474cd4efa1f9594a5"", ""47f2a0c45795a6e73b95"", ""536f11e27fd0ea00ec59"", ""f844c32e2d5718ade543""]"
v3_new1_capsule_random_19,capsule_random,,,"[""4f4e2c0030b50ae10e8c"", ""08cd8b4d47819121d9f3"", ""cdedd1817ad88dc621c2"", ""dfe68c4ad1b2181f430c"", ""7ff23e4b19cba0b0f6a0"", ""ddc0b45254a376c57eae""]"
v3_new1_cube_random_00,cube_random,1156d7c7a5591a189bd5,,"[""1156d7c7a5591a189bd5"", ""43a9cb66538f71ebcb24"", ""385f6a6c6b78c32fc3a4"", ""599a0482f4992fe72395"", ""7b26a794e6ac38ef73af"", ""9f859e2dcb846fafc726""]"
v3_new1_cube_random_01,cube_random,,,"[""050089eb38c627808b10"", ""d5418625b24fbb8d0e25"", ""3252b49a99f3b5bf2d2f"", ""13a3804d2c3a4b2b68aa"", ""6d8e9aa6ca32918012c9"", ""2975aefe60d12e81dbe5""]"
v3_new1_cube_random_02,cube_random,de3c137e9da63c131ea5,,"[""905ee62224e4a67d84c3"", ""752525948f5ff7b4bede"", ""de3c137e9da63c131ea5"", ""bcafe1d65a031e8f640c"", ""65f19ef88b23b53839cc"", ""e2f0ddd9416b24ecd237""]"
v3_new1_cube_random_03,cube_random,87a961b6f3a1ea44bb12,,"[""8db9d07ae01141636ee8"", ""87a961b6f3a1ea44bb12"", ""c442e36582af28860f2e"", ""865acae982a028533266"", ""eb928eb8ece926250732"", ""66e3a762d82aa155262c""]"
v3_new1_cube_random_04,cube_random,54cfaa13e80cc022c894,,"[""be17d16f0276b13a5a3f"", ""54cfaa13e80cc022c894"", ""15aca29cbc678b952969"", ""97935d01b966274db906"", ""ecb963208c4900a669a0"", ""91f0b786866801f5ef87""]"
v3_new1_cube_random_05,cube_random,dec67b951f182bcc97ce,,"[""eea35d3228c60e585891"", ""dec67b951f182bcc97ce"", ""69120071ddb9fdbeedbf"", ""bdf12a631adc1b72027a"", ""292a22ece26fe9c0cc6d"", ""000f79d7478981cbe989""]"
v3_new1_cube_random_06,cube_random,,,"[""9096903b003c1c2cc558"", ""03186fea316b4a0d4973"", ""fe1554b0bfb53bc8ad03"", ""b5fdf87d1a4b99641e97"", ""0f6975d806dc1f3cb6a4"", ""ce28e26af7a8255ec2b1""]"
v3_new1_cube_random_07,cube_random,9191d21ec783aca2121b,,"[""cc979c845723e159ef53"", ""9191d21ec783aca2121b"", ""8cf0412fd620986b62a6"", ""45e8d48c4df170daddf3"", ""7a2f31c689958b41ba04"", ""24fb7a89666377b5d4c1""]"
v3_new1_cube_random_08,cube_random,010a8063861c63b878ee,,"[""010a8063861c63b878ee"", ""751d47bcfeba6df5c33e"", ""d96c40980d7407be387d"", ""2459536dbb2e521b16ea"", ""0a130a89cd7928d063df"", ""58f36c78989baf46a590""]"
v3_new1_cube_random_09,cube_random,7eb2ba87b0cd0f971698,,"[""7eb2ba87b0cd0f971698"", ""9c4ffbc5384375c45ee0"", ""871ebdf0e37d6f97f19e"", ""29e7d145855e7beb7912"", ""4654ffd8a91093ce864a"", ""257ef0d4840005b09ea5""]"
v3_new1_cube_random_10,cube_random,,,"[""d9346a9db37a5d3c8e59"", ""d4066bf86cbe0ca4b2fe"", ""bab75bc1e797858fa25f"", ""3ee71274f285e96441c5"", ""f4790d1e65960133e657"", ""523ef5c618527dbc56c9""]"
v3_new1_cube_random_11,cube_random,1f7c1b3b970c1ff4217f,,"[""1f7c1b3b970c1ff4217f"", ""9ddcf38ba48bbd0ba17b"", ""34a44f7bdddb7ac8edfd"", ""29b69633c5f8ab01ed1d"", ""4b65591726570fff2abd"", ""5b5025c155fe3a58883f""]"
v3_new1_cube_random_12,cube_random,569a4569f9a34a1b2304,,"[""e0fb19437a563f4e2297"", ""569a4569f9a34a1b2304"", ""1b00e67f0eb85d6a0ef7"", ""aac7d5556bf814a9e080"", ""9a25c272f237cf86f6c6"", ""adfc57b03001ddaf081a""]"
v3_new1_cube_random_13,cube_random,,,"[""332feceae03afdd49bae"", ""7a2c10a682808c75c733"", ""cc7486675e0776cf1c4f"", ""2b555c2c97af539e6c87"", ""e1644b447a54aa21eb43"", ""e96835d73d8a4da9088e""]"
v3_new1_cube_random_14,cube_random,22542184062de5808e08,,"[""21e83a4f9cf0d45f6319"", ""22542184062de5808e08"", ""bf846adb5e57fc29e589"", ""20a66baae3530c22a93a"", ""5767514381fa714d9221"", ""e587f92abf453a4c02e0""]"
v3_new1_cube_random_15,cube_random,0baa60ea00da6a226cd4,,"[""0baa60ea00da6a226cd4"", ""0405215aa279dc85cb11"", ""e35354a6d9d86ebf3acd"", ""e492e300cc679d8c30e8"", ""20225c2f7a40ddef24db"", ""5048365511d4f3c7959b""]"
v3_new1_cube_random_16,cube_random,dc515f3c0936e21c6aa3,,"[""dc515f3c0936e21c6aa3"", ""ac7ae2413bde13f51130"", ""09eccb9ca9e18a3c22a6"", ""b896229e41038db3b12d"", ""c3c94df8504b49015b5f"", ""fa69a0d4ecdafea16d9e""]"
v3_new1_cube_random_17,cube_random,df7f3d0235cf8c6620d6,,"[""df7f3d0235cf8c6620d6"", ""1e39c8938b5b24fe9da0"", ""2c87c88a29836d7a0d0c"", ""837dc546915244b56232"", ""55a09689e681ac581b64"", ""c9944c75a68bf47b3f6e""]"
v3_new1_cube_random_18,cube_random,33cba35890fe1d900031,,"[""33cba35890fe1d900031"", ""ed2d800bfd4e32cde049"", ""b8140768773c71b6bf5c"", ""d62a4af81130f5c5b5df"", ""0303e45357e1cd864171"", ""2eab5d51d67bf9e725a5""]"
v3_new1_cube_random_19,cube_random,a63fe3fc175574954038,,"[""fbfcc119ae2492bc7733"", ""a63fe3fc175574954038"", ""c3325f9c2fcd37c34aa6"", ""f91909f50687e23d1c52"", ""ac6074f170a620f192ac"", ""f6724807f0b5d9614218""]"
v3_new1_cylinder_random_00,cylinder_random,,,"[""b992e5193063c0bab047"", ""5b2fa2054779402afefa"", ""5273a4d480573ffa3361"", ""781d218de9b5c3def1f5"", ""3b97bda6ef06b248cb21"", ""43d69b542deb08fa0f08""]"
v3_new1_cylinder_random_01,cylinder_random,,,"[""562262ee1aa87627abcf"", ""f3f9d91ee0799189943d"", ""c508e2207dcbbc0dff11"", ""0ce90f69b803bedf3b80"", ""ff15be04536393b9b264"", ""3239b660cb7ae627e867""]"
v3_new1_cylinder_random_02,cylinder_random,42c6e00e0c5aec936215,42c6e00e0c5aec936215,"[""a2869f76c642570052b6"", ""42c6e00e0c5aec936215"", ""8640a30cc72a821c5291"", ""0a7e63d801cd5cb4418a"", ""90aac7e3ffd1646ca72d"", ""0d93ec301e878f1ca5e0""]"
v3_new1_cylinder_random_03,cylinder_random,25c9a95702b8c60ab111,25c9a95702b8c60ab111,"[""25c9a95702b8c60ab111"", ""c9d6ad21a7b9e702978d"", ""0b96f12a899f0f0dc5a4"", ""d2ee5912130b0aecbcb5"", ""1b895a21c6fc7b1c63df"", ""4f129e274c9068f26e47""]"
v3_new1_cylinder_random_04,cylinder_random,,,"[""98354c2eb733170c5c73"", ""88b68c92f6218fed6cf9"", ""e885ebe1e592c0995bcd"", ""d2fabc248b8ae5245f29"", ""db4001b0ae41df14cb32"", ""ca465d218d1a2331af52""]"
v3_new1_cylinder_random_05,cylinder_random,,,"[""abf562494ff3c8ec898f"", ""7eaa2444a5a33482f2a6"", ""0e408b351feb288c12d8"", ""ae3f6a6a69a7d926b1f7"", ""4fb048cd0f41684738c9"", ""bc959d95bdc13fd7446e""]"
v3_new1_cylinder_random_06,cylinder_random,187f2a3aa000bdcb4b1f,187f2a3aa000bdcb4b1f,"[""187f2a3aa000bdcb4b1f"", ""fc6ffcaa33966e4b8a2f"", ""c2fa4cb4b53bd2b9d02c"", ""696d95145e96950a1437"", ""4ef443bb254f855572c1"", ""2db576eb7322e4580187""]"
v3_new1_cylinder_random_07,cylinder_random,,,"[""0b12013342865e5a05e0"", ""a24a7764de564a40963d"", ""7cf71074188c4b44613e"", ""9674dd0be9c5899ab3a1"", ""525135cf62211caa822b"", ""967ecc0c29fdfae424fe""]"
v3_new1_cylinder_random_08,cylinder_random,530384d9a69440b603ec,530384d9a69440b603ec,"[""78f800f6ef5782a48bd8"", ""342ca09597864d047759"", ""530384d9a69440b603ec"", ""b6112859df2787cea7f2"", ""47427c0b9dae031759c0"", ""bf9c54537b320847dff1""]"
v3_new1_cylinder_random_09,cylinder_random,,,"[""7128d1b5a0a323535e98"", ""5c1d1e22408847b2c2bc"", ""21f0f49b506c0493c2ca"", ""f2959062019b64e3849d"", ""a51678094e9f98684d70"", ""4f78a80f327b066c2382""]"
v3_new1_cylinder_random_10,cylinder_random,,,"[""984bdfa20198cc7a9f6d"", ""d8e41bb7af9cefa2a242"", ""308ee0237956f024139a"", ""c251760bae87c8b9098d"", ""97a14c817f54b26b8875"", ""76d33d5f4beb65ef06d4""]"
v3_new1_cylinder_random_11,cylinder_random,fe712968934da1786f49,fe712968934da1786f49,"[""fe712968934da1786f49"", ""6529e84de13d3ae3d2e2"", ""4d4b42c7c68d59d0199a"", ""9fbdb09ab46ec1eca36d"", ""3772e87c9df8e6725477"", ""3aed68ee3c5ee7cf8691""]"
v3_new1_cylinder_random_12,cylinder_random,,,"[""59b6c710eb4c20655735"", ""ee44df8deaf5c0bbf33d"", ""a14f9800275e468a8dfd"", ""25da4448998b8a79ac66"", ""7a849624c9969eac6a89"", ""d65338598df8fa7f23eb""]"
v3_new1_cylinder_random_13,cylinder_random,091824588a122076a7d7,091824588a122076a7d7,"[""b55e865377ac7718bc6a"", ""1b6d19db43e3f8f01f21"", ""433afe7af7b655c48dc3"", ""091824588a122076a7d7"", ""3513abc8d04d3077c43a"", ""8f7601cae4d9267ad02c""]"
v3_new1_cylinder_random_14,cylinder_random,,,"[""295cacba636a6a6cdb26"", ""9ef00cce83ade8eec5f5"", ""e3e36e880bd2a9988aa2"", ""c9dd82c32b259701bdaf"", ""98704f0e2a881b2e00cc"", ""649d2794d0876a2cdcc6""]"
v3_new1_cylinder_random_15,cylinder_random,f54d9af556b5d9c33cd1,f54d9af556b5d9c33cd1,"[""28d8522d548b13ac3812"", ""1054cacd5596d88c1b98"", ""f54d9af556b5d9c33cd1"", ""a2fc814b2c84a7bbefc2"", ""07db9eb260899970204f"", ""b6f5ac716d41d5a0093a""]"
v3_new1_cylinder_random_16,cylinder_random,999829e09a6606357cb2,999829e09a6606357cb2,"[""4422e0f47277ab3e1eb4"", ""0c7ab67bd2c53a58e85b"", ""5bcc099a3922cfc4a31c"", ""999829e09a6606357cb2"", ""5f7fff4da3aa7d6703a5"", ""5af17e48d10be017aa8c""]"
v3_new1_cylinder_random_17,cylinder_random,1fd8e5eaa92ec180fc63,1fd8e5eaa92ec180fc63,"[""198f7994a6ab0f3bbec3"", ""7eaf2018b4bd26ebc44e"", ""e92933c4ce262bfa8d41"", ""1fd8e5eaa92ec180fc63"", ""31526827e3df77e378d8"", ""bce138e3918f33459d27""]"
v3_new1_cylinder_random_18,cylinder_random,,,"[""c51e5c6ef629b62f1976"", ""362f3b67e6443e585c9d"", ""da4d7da57469ed034d03"", ""eaf4b7fa540c3090385b"", ""f1a98f7e8e80778ca62e"", ""e9be1a9e378e41ea0e4f""]"
v3_new1_cylinder_random_19,cylinder_random,ce6b03eb413296c16335,ce6b03eb413296c16335,"[""ce6b03eb413296c16335"", ""4dcf4e2bbf603826d3f6"", ""5a86538ba5bdbdfaa55e"", ""0974df824ecbc9c40b7d"", ""63220f1941f93e97bea5"", ""e0e3f1c754da0727b7b9""]"
v3_new1_flat_box_random_00,flat_box_random,,,"[""c095b8de07239021b1ea"", ""9677d5fc4c9ec3c96185"", ""ab307c827a34ce9fffbf"", ""617ca932e24bf721f44c"", ""1e056fd2d607e4c4bd6c"", ""a357a6a5b73d431fe1c4""]"
v3_new1_flat_box_random_01,flat_box_random,,,"[""ed6b395966da55aeff53"", ""043b9fc2005526f5d587"", ""d4c6242de29f971a6d68"", ""13d57d28ed26f2cd48e1"", ""10506f3328dd7dd358fd"", ""1ff6496e0801c9c92fc3""]"
v3_new1_flat_box_random_02,flat_box_random,,,"[""ab5c39337aa88658461e"", ""b8df468d56999f97d348"", ""d53067182e8be35077a9"", ""69ffeddd384fa7c5659b"", ""d1e9a9ad605b85e5ae83"", ""e53f507da74ef794589a""]"
v3_new1_flat_box_random_03,flat_box_random,,,"[""047caf68c067f2a7e95c"", ""08fbe4cdec547793f326"", ""5e11d6e929589c177606"", ""3625151442dbd38405a0"", ""01668d6584df9be76e3b"", ""cc9b366fa6d6442a8b20""]"
v3_new1_flat_box_random_04,flat_box_random,,,"[""bb746289e72c868348f7"", ""18268551816c7d2815ee"", ""96864189e3335e4037a2"", ""066ab057fc17d57ef14b"", ""0cc9349cd7277ec4b024"", ""147ae767c494faaa08fb""]"
v3_new1_flat_box_random_05,flat_box_random,b1fe4dbcbbf9be46b06b,,"[""b3e81fa890ba12138a9a"", ""e92af4e2c7428b2d442e"", ""b1fe4dbcbbf9be46b06b"", ""0dd3381d08dfdcc8359e"", ""6bf71b41a5ec9e2292ca"", ""9f522d4f264bfec0c597""]"
v3_new1_flat_box_random_06,flat_box_random,604393cde77f49dd92da,,"[""1238901ea4fc91d99ab8"", ""1e73f5d19433c108bb95"", ""3e00fb8f2391de27be44"", ""474e322f76e678d36753"", ""a143783fb56c45c59554"", ""604393cde77f49dd92da""]"
v3_new1_flat_box_random_07,flat_box_random,,,"[""f008c8b4392e1a7e646a"", ""830fbd3b2587a9283e08"", ""287df30f7431d7f9ee1b"", ""fa9c152876c2eca01ac9"", ""0f992b4000a14f3632cb"", ""d4f8cf2eaa039911440b""]"
v3_new1_flat_box_random_08,flat_box_random,,,"[""e087f8e8431409aab4d9"", ""815bd92cf76949b3d05f"", ""0fe6e0bb4efb9def7f2b"", ""4d0c120bc9a0d4906eb0"", ""d54b5c80be9ac125f348"", ""cdb1d60f064164b4d834""]"
v3_new1_flat_box_random_09,flat_box_random,9cdf377c60dcd79c040c,,"[""be5fa8e1f7a567a1a260"", ""9cdf377c60dcd79c040c"", ""73f16c3a412c4c360f0c"", ""2f2e9ee2151859c60abf"", ""92eb8f78937fc629b8e4"", ""997a1059e4395b2670bc""]"
v3_new1_flat_box_random_10,flat_box_random,,,"[""b9647b8ed41cd6c2c394"", ""0f9a9cb9c14658892df7"", ""b112954c13913d1df862"", ""6105da58a85691cc5dd4"", ""dcfb8b18ad47fa0542da"", ""da2f625935f0a6ab35d6""]"
v3_new1_flat_box_random_11,flat_box_random,56cfbfb1d2b02843015c,,"[""d694dcf25716d1221723"", ""7c0bdd404f4c61113c6e"", ""56cfbfb1d2b02843015c"", ""f6d06e5d5e2e6d123a87"", ""8b9d057297813fb9822a"", ""94c2e9b37b464e581b06""]"
v3_new1_flat_box_random_12,flat_box_random,,,"[""dc6910e05573f071bc38"", ""e39dcdf37240998a4167"", ""9bc1481a9afc5c329080"", ""96adcdccbce69f022430"", ""147b27a83c63c0cec2cc"", ""75cd2569da822c96ccb6""]"
v3_new1_flat_box_random_13,flat_box_random,,,"[""569b7912234e9c180a8f"", ""7a3bd75c96d826f2ce14"", ""fa1ecc57f2d51b2b3cf1"", ""814675140aebcd857f6a"", ""f6a75725524aa2ec3ef2"", ""f1f4b94dd8af7aa65b4e""]"
v3_new1_flat_box_random_14,flat_box_random,,,"[""5e884c3abd8d53f531b3"", ""a48bf5a72e153d6147db"", ""a301dd2438a5440166a4"", ""e2b9cb22f4b3e5fae541"", ""1934a5927b9ab6e1c5e0"", ""8490d29f1c64b0e0dbcc""]"
v3_new1_flat_box_random_15,flat_box_random,,,"[""8f560a7ec13f155c2452"", ""7cefcf0f5ea264fef743"", ""c73ae8b5b9a5ba578f2d"", ""7d0a3c449fcc8ee86b6a"", ""b730a56aee28bc7ddbff"", ""cb31920178d6bf11a4f2""]"
v3_new1_flat_box_random_16,flat_box_random,e4160af481811de4ffcc,,"[""1bf569f6745a27107d1e"", ""e4160af481811de4ffcc"", ""76487af88a72fc379462"", ""965da96781b1e0927341"", ""878f17d2f214774984f2"", ""3fd64d900f11663f9f36""]"
v3_new1_flat_box_random_17,flat_box_random,,,"[""0e6519a45aee982e4dd2"", ""c4ae5afc88a7dcffb7cc"", ""b803138192f49e313ea5"", ""0b426fafa0fd3cc69011"", ""8a408cccd3a372b7f227"", ""5b7f4504d95a04f9d114""]"
v3_new1_flat_box_random_18,flat_box_random,e5c4260b7e1e7bbd6cee,,"[""784a9115a50898bd9e68"", ""e5c4260b7e1e7bbd6cee"", ""399e824d379d9ff2f6c5"", ""c6a1302acec96609b80b"", ""a10ae9f41b3b7cf4f0c8"", ""82fedd78d98458bacf3e""]"
v3_new1_flat_box_random_19,flat_box_random,,,"[""168d8226c024ca9e98b4"", ""d8eb23e7a3bbd6a7393c"", ""bbc3bc17c6a39c8ec63c"", ""4af18e587c7b79e45662"", ""c0c8e70804a86028aab0"", ""d5cdf4a0a940b3af578b""]"
v3_new1_sphere_random_00,sphere_random,,,"[""120afe140e013a4c7aab"", ""f4c4bf0e3b846b9db94f"", ""546b84248c671d81595d"", ""f4594f576fba3d144cd9"", ""b494478e8c0fa5fee0d9"", ""b080d39481d015185c3a""]"
v3_new1_sphere_random_01,sphere_random,,,"[""c2a09226d24f215054a6"", ""c0a57f393825f9921654"", ""3dbfe83600d3a287a4df"", ""68d4ad2ea7433fdca128"", ""a36fea9399845241d412"", ""a294a96206294a56b3d1""]"
v3_new1_sphere_random_02,sphere_random,,,"[""5fa087cf9286b4c555dc"", ""f278e2e15353bf135dd4"", ""4b7f15979338be8a3dc6"", ""49c5912c3eb21ae1415a"", ""74c3694fc76c852d116d"", ""7d222d5247118314d242""]"
v3_new1_sphere_random_03,sphere_random,81f18e6e8936bcf48231,,"[""81f18e6e8936bcf48231"", ""371e9d092b9e3ec9db5f"", ""8b3983a287147213d541"", ""a6a875cc16746154f704"", ""c969f68ec91f43b31679"", ""fdf249c18a80d7a2226b""]"
v3_new1_sphere_random_04,sphere_random,e83167ae835999cb5ed4,e83167ae835999cb5ed4,"[""2038c7cad096e9eb826b"", ""e83167ae835999cb5ed4"", ""0021e14eb69d1df633ea"", ""8ae7f9ce76b237113379"", ""0b76afcb2c492034ff88"", ""5c5e22167f7c053fa9e5""]"
v3_new1_sphere_random_05,sphere_random,,,"[""ef47c74897413acdec26"", ""34fff4236636ac6712bd"", ""8ef46262d5ece4bea85f"", ""d6829bafd6798532aba3"", ""1dd3ef31fca5714e9a06"", ""14c20a39044c53fee75b""]"
v3_new1_sphere_random_06,sphere_random,,,"[""f65eb7e1ba5ee759ca7f"", ""bcf409f7e9552bac97c0"", ""71155330b96a38180a94"", ""cb08050aa94ee45a3168"", ""57b1a13da5d1d23afde0"", ""9d965ebcbad884fef939""]"
v3_new1_sphere_random_07,sphere_random,984a487200f90c519897,984a487200f90c519897,"[""984a487200f90c519897"", ""8e6425e01d2e519f9556"", ""d4264abab20bc15f78a4"", ""2e8556c9dd6c2fe07434"", ""289f3b7569b4a9f993f6"", ""4c4c6660ee26a655d5aa""]"
v3_new1_sphere_random_08,sphere_random,,,"[""b22e2821b0d0049e2c3e"", ""a13b08cf729b0a0de4a9"", ""4cebae0612744c10978d"", ""911de75fd70fe7d660c3"", ""8f3e47f83c5821348b3b"", ""4cd11dd8902ac356903b""]"
v3_new1_sphere_random_09,sphere_random,,,"[""02a2e72582466fcd9e9c"", ""d005db1b414df872be04"", ""dd0219281c7587a5f16a"", ""766ac39fcf8e097abda1"", ""1e666c014c0336038792"", ""43b62d6eb87822094583""]"
v3_new1_sphere_random_10,sphere_random,893295b61cd14e8f7c7d,893295b61cd14e8f7c7d,"[""16da1458b63532c24f79"", ""a914d739d8db609be6eb"", ""662ab4eb7f5e243d6f9b"", ""10f8202bd9eadff42934"", ""893295b61cd14e8f7c7d"", ""6c421796371dc7f4b835""]"
v3_new1_sphere_random_11,sphere_random,,,"[""d809b3951d05bdc7a014"", ""dae93eab42eaf6fd661b"", ""ab6abd15fe773d343db5"", ""8fbe3a2c2b223f244240"", ""1fc1bad8a7767704b0fc"", ""954e12f3156882dc368a""]"
v3_new1_sphere_random_12,sphere_random,,,"[""be5c2b9ceef9e3504e53"", ""80c2cc3641c3d0503c9f"", ""1669d643c885d7726fe2"", ""732299770be8efa69595"", ""81ace89e63753814fbb4"", ""a870b9baf823d40c9b70""]"
v3_new1_sphere_random_13,sphere_random,,,"[""bf7a165fb0a2ec036234"", ""9c6dbe255a127c72a00c"", ""7de8b011b49d69cca8ac"", ""75e30f0ff61f18f12cbb"", ""1f63b4d32daf26c1349c"", ""9f331b998300380c0bc8""]"
v3_new1_sphere_random_14,sphere_random,,,"[""aaccf6e710d65f613a98"", ""7b617af0243bc8731a4b"", ""6dcf9ad92f7347a62931"", ""7dd143ffca9342a9dbf3"", ""abefaea37b47177fab6e"", ""cb74d3644583ce6aa58b""]"
v3_new1_sphere_random_15,sphere_random,3b81f529d03236a4be81,3b81f529d03236a4be81,"[""3b81f529d03236a4be81"", ""757dad33c363cd6ce577"", ""2a7a56f06c6650e84bff"", ""5196c78d33e521c0e919"", ""48eee0fd63b44f84bd4b"", ""bd938f93bd55b1d19704""]"
v3_new1_sphere_random_16,sphere_random,,,"[""ec0d1e681f694b3c74fd"", ""16667cb5a8c5ba3ff19e"", ""974ece7ac2faa453b2e0"", ""35395c40b0499696b5e6"", ""d4afd777dcff586d8d73"", ""b263dff118229feefc09""]"
v3_new1_sphere_random_17,sphere_random,,,"[""cfdb0f74cf850cf46afa"", ""fb062ace44d6957227fd"", ""6731e640e206e4502538"", ""bc391c11c97d1bd77313"", ""9f51ee520e1f235f30c9"", ""7a3ce4ed2b8ff4f3598f""]"
v3_new1_sphere_random_18,sphere_random,c7612248f6bc53c99711,c7612248f6bc53c99711,"[""39b97a7ead8aa71acdc3"", ""79366458ad502d61842f"", ""a1e438bc4282fd2dd3d4"", ""635f6d512b4739959c20"", ""c7612248f6bc53c99711"", ""537adc96552c1eb91985""]"
v3_new1_sphere_random_19,sphere_random,,,"[""56d174c2751d70667937"", ""e8e86db64e2e9e17fb65"", ""dbe643958b944280418e"", ""21a0973a354e6230bf48"", ""ad4cc216bf2f36f38197"", ""c5bd87b66dd33483f77f""]"
v3_new2_bar_random_00,bar_random,,,"[""e646b4d8097a60a001e0"", ""b001c56cb7f47afeb33c"", ""afe80b34acf79a4b906c"", ""7d5848ec792fb0bbc973"", ""8f2b6b05b4a9f36bd40b"", ""e06e9cfc7bd7c42f1fcc""]"
v3_new2_bar_random_01,bar_random,0a0ffcbc8177c656ee66,,"[""c513bf0f2b71560be8a0"", ""7df71ba9f73250e6114e"", ""1d7dac40dd58d6aff44a"", ""0a0ffcbc8177c656ee66"", ""b65cc2d20b2a059ecab5"", ""899322c1d96320d405eb""]"
v3_new2_bar_random_02,bar_random,4a289ff9eddb55a0a1dd,,"[""510a7a91d40a3c7b12b6"", ""fa7f239f1add87386f8e"", ""a8f989ebffcd7c6050c1"", ""4a289ff9eddb55a0a1dd"", ""81017a48846496812a82"", ""7cf12cc40a2db9e20279""]"
v3_new2_bar_random_03,bar_random,a014c69c06ef162298cc,,"[""a014c69c06ef162298cc"", ""00ab82b10edc360a7497"", ""29b0482047229b5f1aa8"", ""a7c38b4b582723fe6a97"", ""a474a4912848db5f0ad7"", ""0fa0f3e432a60e4c0354""]"
v3_new2_bar_random_04,bar_random,,,"[""c41b68e24c106527c4c8"", ""ffccd6c9e87c30635155"", ""0d6fb773db7609b837ab"", ""0ac537c2f8e53508586e"", ""6f83436264453411e398"", ""42c0553293e9ef14e103""]"
v3_new2_bar_random_05,bar_random,,,"[""16ba0326e99a5426e94d"", ""a68ae6851804bf5032ea"", ""d5aefd4d3a0321c82609"", ""6c4531c03856c2a3d604"", ""dbb4d832530381424d30"", ""f31f2c06e98b5d78f6b9""]"
v3_new2_bar_random_06,bar_random,,,"[""8d10b5e2a86461fcb322"", ""d2c5f5617601dfde9f7f"", ""7fa3793a0492c1fd4b90"", ""b42bdb57fb567ab9cf44"", ""fcc0cf1dab5c5b01a737"", ""b76291d66ba71a9b4ecd""]"
v3_new2_bar_random_07,bar_random,,,"[""2d128f5491019c2f1a5f"", ""a0f7b3f5694b1394088b"", ""084a72a0b176317c50b9"", ""8002cc47a53417acc389"", ""b265ea328428ef2a0729"", ""38241cb71847cc92e7ab""]"
v3_new2_bar_random_08,bar_random,,,"[""70655777fa359b9ffd61"", ""3e6faf1d4e103f166bec"", ""4732040d5b0f02c7df52"", ""0ef87106d6290d5de54c"", ""0142d1ec78071e6d4705"", ""9884eab247a31ea46d55""]"
v3_new2_bar_random_09,bar_random,,,"[""99726e96bd88eade6145"", ""1ddc8684d60aeaf80c9c"", ""daea9644caf0b78ea05a"", ""e7298f5caf841cc078dd"", ""780375d0923bcf7595d1"", ""32e5027762b8df78b46c""]"
v3_new2_bar_random_10,bar_random,,,"[""29eacfe16285d90dca56"", ""3fb046d30adf986f38c0"", ""4117a860769a2055534c"", ""c6edf71f0a0aec9dea7b"", ""5997957b19859f70e8c1"", ""9e6c4e760cba4bae2f38""]"
v3_new2_bar_random_11,bar_random,19a8dbe677ea8ddd6ce2,,"[""19a8dbe677ea8ddd6ce2"", ""0b45ba6d941ca2034a78"", ""0ff5d4e446e54f7fa81f"", ""08b8b1e056fa032637cb"", ""71070f10b48640c41998"", ""daf74a0f2ef4a3da61de""]"
v3_new2_bar_random_12,bar_random,c2ea4925982b4101cda3,,"[""c2ea4925982b4101cda3"", ""0424f1cbc0b544b69002"", ""641b1fe9ee1de7fd49ec"", ""fbd132f4a2a4ef85086d"", ""55110c4f7702915f5760"", ""d0b111c388475d44967b""]"
v3_new2_bar_random_13,bar_random,c3030c8d601781ed8683,,"[""0b9b0e82e7411e45adc8"", ""c3030c8d601781ed8683"", ""d00ceaf9e5c0ac674e55"", ""d77708126552631fd065"", ""fd64dc32253fcf3bb0ab"", ""041db92f0efc819550aa""]"
v3_new2_bar_random_14,bar_random,,,"[""e340958e581eb1b2e0cf"", ""3f9f2f50f27f5c2bc6e5"", ""35384b171128b92c2ddf"", ""14951ad16254cc9d5d69"", ""b44d9b042c9ff67fa2d6"", ""ed3ec904644e177ad2ab""]"
v3_new2_bar_random_15,bar_random,,,"[""2739721df4b73a14b626"", ""f988c43706bfe85de6c6"", ""0f61b312403f3c922a54"", ""4192ec94304e82538471"", ""c1f38c2486101c830b02"", ""13df4102cce3df1e3f3a""]"
v3_new2_bar_random_16,bar_random,,,"[""0f46e112e49b74860e16"", ""ef1a1f5dd5b4c6e29344"", ""e7f7ec54495385ddfb86"", ""8a20e2b684fc82a12560"", ""0eb177b027040b14bcb5"", ""ea27bdd6f4a8b0742e28""]"
v3_new2_bar_random_17,bar_random,,,"[""b352f30625e01dc269fd"", ""f8d9f986441474c43e71"", ""8618d37b6a6a38f51d87"", ""2a3679ec4809cd74a4d8"", ""a4292b0a5e3dce7d71ba"", ""ab95cfe416a48fb141d8""]"
v3_new2_bar_random_18,bar_random,,,"[""ac286dd7572b22b867f8"", ""f8ac4ef827198a041094"", ""c11cf17c1ed669497624"", ""44939ea2fb55ac036134"", ""950e4939ab675d35d8ef"", ""aa747c71354e899f9062""]"
v3_new2_bar_random_19,bar_random,0e21aea6f2d41b66ed7b,,"[""0e21aea6f2d41b66ed7b"", ""c75ecb76b39241594a6a"", ""b0382e005eafd8b617dd"", ""795458f832805a658a88"", ""6fbd94912b87f3feb301"", ""d9daf80029321915d1e0""]"
v3_new2_capsule_random_00,capsule_random,,,"[""b70cbac95de856d44075"", ""6ecede2353db6d6b9705"", ""6232e424d2b7f05fd084"", ""d2d6134cb14fe214fd8a"", ""5436fc29086350eaa53d"", ""0cde3e64a2afd16a2cba""]"
v3_new2_capsule_random_01,capsule_random,,,"[""3ac9c4b935623cfccdfe"", ""5213c8454ddef45280c0"", ""13b351b0dee797b4b716"", ""d2f444fa86f57b3a696c"", ""2755e6fd16ab0554513f"", ""26835b06fb1077b03e9d""]"
v3_new2_capsule_random_02,capsule_random,,,"[""974e1afa3d4d168f2fa7"", ""dc41be55fdb4516223c0"", ""8d9074bceaea046754c7"", ""6c5b7eeba9b74dd5daeb"", ""edac73a6d92ebf92e739"", ""799c765305a924a77a73""]"
v3_new2_capsule_random_03,capsule_random,,,"[""9c46cd64288ac92b0c78"", ""b938afdbbc862966aab6"", ""ad23aa266ce473c6df4e"", ""c3346deb73d65c272523"", ""4e0444e4b6648e9b7f0a"", ""9cee85485200b0965f6c""]"
v3_new2_capsule_random_04,capsule_random,,,"[""bb7d955b03dd8635410e"", ""8196a2b08a78e2ebdd01"", ""2d47f29fe1a6cdc92820"", ""363e864a4a6d4824e3d1"", ""30aa2be3c37f6d9de83b"", ""44d1557c3beadf28a3df""]"
v3_new2_capsule_random_05,capsule_random,,,"[""f7c448e9ad1adf0a29e6"", ""c03b3118a2d9b5c95395"", ""8e3cb7420e82e9823e55"", ""5bbbae8feb74b4484adf"", ""851508b01d5245e81be3"", ""8688078d62b6189bc8b4""]"
v3_new2_capsule_random_06,capsule_random,,,"[""f123bcae0d34d8e35e97"", ""bbbc6197c39e5be0e702"", ""7f6b466d059739acca8e"", ""072d36725d03778077e6"", ""5b83004828fa51907102"", ""804acfe501b614a6b4d1""]"
v3_new2_capsule_random_07,capsule_random,,,"[""6c5220c85e4c5e1b6e37"", ""95faf392130a7459ae59"", ""f9bd743b31a4136da21b"", ""b95e9c5289f40e056131"", ""af3ed1c2d6be528d73c7"", ""2c3201c41e6e1ec90c8c""]"
v3_new2_capsule_random_08,capsule_random,,,"[""434c27a69456b3793c4f"", ""57e507551a30a5abfc8a"", ""f55c230141e56b93352d"", ""cbee37cf4ec58740d0c1"", ""3d2f1ea841657d3014a5"", ""5fa3fc192af7696d6401""]"
v3_new2_capsule_random_09,capsule_random,,,"[""cbaf30fad9a1a2f8f65e"", ""92b183eac2a4564f9861"", ""e6edcaf159cbee8577d6"", ""7636dc1b6b22c844181a"", ""cb21ea451e01a800dc93"", ""720ae07be35f9b474b4f""]"
v3_new2_capsule_random_10,capsule_random,,,"[""c6dfd668922ff49450b8"", ""4dcf368c1c48d0f8a42e"", ""242fa087b1d57ad988a7"", ""94a203d473336f0e6bc3"", ""84339f2b0eb29afa5f4c"", ""c7f434802747f809b161""]"
v3_new2_capsule_random_11,capsule_random,9520ab4afa5d91ef15e5,9520ab4afa5d91ef15e5,"[""0418ccf90438f52981b0"", ""8688f46d97df49c95a1e"", ""79d77c0bcb1b72d66bd2"", ""586d41bef92d575becef"", ""9520ab4afa5d91ef15e5"", ""27992b567794242bf27b""]"
v3_new2_capsule_random_12,capsule_random,,,"[""75d4dc1ab579036007e7"", ""34f6199d191a20e46030"", ""6c3436d1539d5c55dc0a"", ""366b6bc040cfa74c2ad8"", ""43769190d7c0aa0e296c"", ""fb275376f85990384ce8""]"
v3_new2_capsule_random_13,capsule_random,,,"[""49d892ed90d4722137a9"", ""4aaa689323fc9f23a924"", ""b6ecdd6e8b96e73cdaa5"", ""1cbdf371413a69d05211"", ""e20ade211db50592f86f"", ""5e3c424d7e78ec48078c""]"
v3_new2_capsule_random_14,capsule_random,,,"[""7a98df98353927bf202f"", ""8c381b28fd7bef499dfd"", ""06b702b685de9e92f740"", ""2d56c1fb31c0cd65439e"", ""4f2cf76f0cb90fa58c4a"", ""f68051bbba666370a669""]"
v3_new2_capsule_random_15,capsule_random,,,"[""721899db1c0979342bbc"", ""57bfa9a6be939883ab13"", ""b0b15f04f4c2fe15a920"", ""1d48e3a2bc78a9eef5ed"", ""88b74723ef2ea5e60cd9"", ""14fab29498034cd3eb86""]"
v3_new2_capsule_random_16,capsule_random,,,"[""adaea1c1e2baaf80d549"", ""9b80fe5610e679a38284"", ""457fc347bb71e554262e"", ""b2777cafc88d9a744658"", ""f0143eb5ddbc1b0bfc61"", ""fb40cbea977059c10952""]"
v3_new2_capsule_random_17,capsule_random,,,"[""e998349418cee677986b"", ""91b4873812c7cb8bb990"", ""aef23205f940c59d7b72"", ""6473922d014db635f727"", ""1d249dc0d3257f2faf56"", ""020a6cc43d6c5dbd3052""]"
v3_new2_capsule_random_18,capsule_random,,,"[""2eb4454f1c9e0d80b7a0"", ""7eb94023979a54518d57"", ""0d768953b115abe497e4"", ""a250f01b62cf4afbde9e"", ""8d52a0fe96950bc6adad"", ""865532aef1868b481e2b""]"
v3_new2_capsule_random_19,capsule_random,,,"[""e06bf5cc7f175cc306cb"", ""a5ee678cfc975ee129dd"", ""ad6d00129204f4c6c406"", ""490271cb2fec1efc445b"", ""722741ffb99d236d4253"", ""357606b4f39c0f78e7ef""]"
v3_new2_cube_random_00,cube_random,d0480ebec817ae1e80df,,"[""d0480ebec817ae1e80df"", ""1a19afc8b692eca1e794"", ""3896ec2d8efdb1ca8a56"", ""4b30f1c2e53b89528832"", ""8bd015a8331bd164367d"", ""5bc0da88127bf28f8c17""]"
v3_new2_cube_random_01,cube_random,ab43a06d2e52fdf6938f,,"[""cc4c13057b8ad11aef64"", ""8d8a564cbe22d62aade0"", ""762519abeb90b15d1abd"", ""865cb40c3dce9146b6a6"", ""ab43a06d2e52fdf6938f"", ""e9d095a38059f14f3fe5""]"
v3_new2_cube_random_02,cube_random,df4ceef6845acbea6df7,,"[""cd6fb912a6626d5a8ba0"", ""df4ceef6845acbea6df7"", ""751d43d5f3880de7466b"", ""55118bce57f8a094371d"", ""c8f95b6741138aaa5d93"", ""e73e186e2db4aca5e0f8""]"
v3_new2_cube_random_03,cube_random,8dda145fca5e10c6a68a,,"[""c5424769ce0a3400e27c"", ""8dda145fca5e10c6a68a"", ""42ca461c12484e2fc753"", ""f35cfabd8429ad663eaf"", ""a1f12131b3707d0c43b8"", ""ec61a6df65c9bab1a4a6""]"
v3_new2_cube_random_04,cube_random,,,"[""82c45364b0b630fa40b3"", ""6ca99752d943b514fa52"", ""3884bef0ffef25db2d0e"", ""49c5c21e8f646455b14e"", ""cd787cc8b429a2a149de"", ""db5a13b59139abe2a93e""]"
v3_new2_cube_random_05,cube_random,061068bea9418d4b7a89,,"[""061068bea9418d4b7a89"", ""cbb211c0f11e1674f290"", ""80f619418707a874300e"", ""5397369b9bc4d109f489"", ""68c95a8a956757205748"", ""6c7e3eb81fd416c22f60""]"
v3_new2_cube_random_06,cube_random,,,"[""20aeff2c975d2089a55b"", ""29e8da14d06d505abdca"", ""8f85ae51addebd261fe8"", ""bd0dcef2b92cbd60ed6d"", ""812e61d67905fbc11a42"", ""8c04b08c5884916632aa""]"
v3_new2_cube_random_07,cube_random,32d1c8904b361818deb8,,"[""113bee4e5fa6da5ac613"", ""32d1c8904b361818deb8"", ""a363c9af16aeceb3d6e0"", ""4826d8522b09c610fc6d"", ""124a9dda1219e9883ad6"", ""49afef13c80be884b539""]"
v3_new2_cube_random_08,cube_random,a7b2dc8ab980cd87b64d,,"[""a7b2dc8ab980cd87b64d"", ""580a98bcb5f2edae0e36"", ""55af0c19cb301062cb25"", ""6d9b74e9c82949ee985f"", ""091d76ef1460ec885957"", ""501c8e35e06b4c013a16""]"
v3_new2_cube_random_09,cube_random,daf45bc5ac15a59d3069,,"[""daf45bc5ac15a59d3069"", ""d8d769fd90014b4badbd"", ""7ae2deb9b406708ab4a4"", ""317794d2476e34e96666"", ""d3a18b9d4bd9fb00e8ab"", ""230d60644759a40ae703""]"
v3_new2_cube_random_10,cube_random,,,"[""12a92306a026be7474ee"", ""7d083b994c8ce1f9e1fd"", ""5666e18493c3421b003b"", ""f764b6b4dfd6d003330a"", ""220e2eb948c905913086"", ""c2dcd97c62ae01c1cf10""]"
v3_new2_cube_random_11,cube_random,6faaf823f9dbf0347ec3,,"[""2b4edf07cd8a65ef6986"", ""6faaf823f9dbf0347ec3"", ""6d22d07a22d0d37d04e7"", ""d49290caf039f77bba2d"", ""7db3098480decf9e18b3"", ""4b451f63b6079b8171fa""]"
v3_new2_cube_random_12,cube_random,5e5189974dd75bfb0b2d,,"[""6ad93bc4e5fed202f444"", ""5e5189974dd75bfb0b2d"", ""0b97b25b77043ad04947"", ""e33fa59cccac3d1865a8"", ""69eb8d2fe2d6b0127466"", ""1895a4e1ab8b8e834d18""]"
v3_new2_cube_random_13,cube_random,209225234d25292a669e,,"[""209225234d25292a669e"", ""c4d9bc829431f14a2380"", ""43fd7268ab3bc980a3a0"", ""1d2a911c07d4fa1acc01"", ""f6d96eb710fb64f3daac"", ""a32539e8f17d23bec41d""]"
v3_new2_cube_random_14,cube_random,,,"[""67139696dd2e6bbc4a5e"", ""86e629c9981552ea866d"", ""260c5ff40200f55c1ebd"", ""bb108c01283eef7c4574"", ""9d96af67730e04afc2d4"", ""1a3810f8a2c72c03b350""]"
v3_new2_cube_random_15,cube_random,e2b9210c0ecf69a89114,,"[""e046d83180d774efc2e2"", ""e2b9210c0ecf69a89114"", ""520e98b2658a37e0e613"", ""4337641cf619fc546cfe"", ""bdb3e2b8740992af1960"", ""59989783add18f68dba0""]"
v3_new2_cube_random_16,cube_random,,,"[""0156af6b35d4be1c9ba2"", ""1a0a67f484d6936e5976"", ""c5078bd0b7d837557786"", ""44a06b58f54b45059022"", ""4627bca7b897835a05e8"", ""8fe38b545296507ae943""]"
v3_new2_cube_random_17,cube_random,9eb023c6b49c36129684,,"[""9a22bb77a475e49f808c"", ""4ae17527c1c1e77b94c1"", ""9eb023c6b49c36129684"", ""05ae1c3ffb8e4806c0cd"", ""748f809f7da4d84eb1bd"", ""fc8219e83e5374b8598b""]"
v3_new2_cube_random_18,cube_random,,,"[""c38adb40350da64f20e2"", ""889fa0ad025daf678e5b"", ""1966ab97eb998d0f40c2"", ""6f20a8e8e2f2429aea42"", ""5c033d8c1caf5237f92e"", ""1155133589a415562551""]"
v3_new2_cube_random_19,cube_random,9b3ab65437c1f85ba08b,,"[""9b3ab65437c1f85ba08b"", ""dea989e3e0876790c6e7"", ""3d6f78d78ecbe7b58ca1"", ""536db609af278e38cd01"", ""7ba06eba7e9e76fbdeeb"", ""3fb408f86d2aa743ccd0""]"
v3_new2_cylinder_random_00,cylinder_random,,,"[""74b066795c4c9f56197b"", ""a371140c5eb659360d9c"", ""4a4156d4f18d4eb8dce9"", ""22d535be23206073f735"", ""0e75adba5f4ae5d60593"", ""bc53fb07283ac65e3133""]"
v3_new2_cylinder_random_01,cylinder_random,aa11057e014afc0fd97d,aa11057e014afc0fd97d,"[""8ff48e086ea98e975a09"", ""aa11057e014afc0fd97d"", ""c83289f056a5e6e7609f"", ""ee4d6239eb55026c4c86"", ""6b491c70ccc7918a8c6f"", ""0cf3f25ca7b064aa8f1d""]"
v3_new2_cylinder_random_02,cylinder_random,a27249c2ba8f3b43f46c,a27249c2ba8f3b43f46c,"[""ffe1cdef8a470d07f2b3"", ""db2c9279521d491f1e04"", ""a27249c2ba8f3b43f46c"", ""3b5e5a01a2661f9b7b53"", ""4e131b20eb3eaf1fd84b"", ""9c5d7a1c043d9beb9b68""]"
v3_new2_cylinder_random_03,cylinder_random,,,"[""71191b4fb1a99bec42d4"", ""b4e82ec45f53433350f2"", ""4a677cf666106ce0612d"", ""d151c065b8acd3001ac9"", ""745e448c99ba4c3459e8"", ""2097d112b49c5fae749c""]"
v3_new2_cylinder_random_04,cylinder_random,72292d3a257bfc2cbd48,72292d3a257bfc2cbd48,"[""e9e30eeafc63f17d9251"", ""00b3069a4a97fff8915f"", ""72292d3a257bfc2cbd48"", ""2882460f69429d53c1fc"", ""8132d68c00189be0d469"", ""ab2505e7d2e427781428""]"
v3_new2_cylinder_random_05,cylinder_random,,,"[""9b16c137348a37184b1e"", ""2cdf333d4242bb536149"", ""3d74794eca3776ce7873"", ""9d5e5d9e7ab0e500211a"", ""d9526db8d49e3ada305c"", ""e152365a213c8d7ebd30""]"
v3_new2_cylinder_random_06,cylinder_random,6fe785a3427d0f459bf9,6fe785a3427d0f459bf9,"[""991fe2d6d025a71d767e"", ""a068be602460287b8dc6"", ""e12abd1e30f6a4788e19"", ""6fe785a3427d0f459bf9"", ""2bd07e9842f0bd0e28c0"", ""c8b1f2127f4ff1eaa5d3""]"
v3_new2_cylinder_random_07,cylinder_random,8c1c9eaf1e12ebe21612,8c1c9eaf1e12ebe21612,"[""8c1c9eaf1e12ebe21612"", ""3a09f5b47eba22f8cc1f"", ""0515f082993718e0c0ce"", ""b097f1069e55110ed89b"", ""439227cc3914feb7cb25"", ""6531b25e2e3049189db9""]"
v3_new2_cylinder_random_08,cylinder_random,d63b9b9ea302823ae05d,d63b9b9ea302823ae05d,"[""5f5c63f4603c9f171827"", ""8470b3a042f124b2e33c"", ""d63b9b9ea302823ae05d"", ""5919562559e24ec066d3"", ""519c904f8dd0fe86ff7a"", ""9bef8b4ef4a8ecce2281""]"
v3_new2_cylinder_random_09,cylinder_random,a39367fb434ebc724ac9,a39367fb434ebc724ac9,"[""58929d05c23ac8e11494"", ""dea1d4ab3ec1cd02b9e1"", ""a39367fb434ebc724ac9"", ""52ccff40dacf6f1e2ddc"", ""34e5aca914aa4887ca9a"", ""4ad6396666b5115b9f8c""]"
v3_new2_cylinder_random_10,cylinder_random,,,"[""b23206c29ca92a3956eb"", ""ce9d00a1f36bd6c1d79b"", ""00cb4b054ba7fa922389"", ""de08fdf0c071f7b6f944"", ""935513afd3e12337b72b"", ""e30eca185a50bc2414fd""]"
v3_new2_cylinder_random_11,cylinder_random,4859134bbe09253a994b,4859134bbe09253a994b,"[""4859134bbe09253a994b"", ""dd0f2fd5543d0f2046de"", ""108c77d051cb45f08996"", ""fd43cbef6695181afcb8"", ""988c3cac5341a6abf2b0"", ""41fe92d558b2af753d19""]"
v3_new2_cylinder_random_12,cylinder_random,,,"[""e969b48e52c4fd665580"", ""3f20d239b1c5c55085b7"", ""fea27b14fd921059b993"", ""3ba69e10c039e46f8299"", ""66a2521aa0aadc5c0e3b"", ""3079e7170cf86c3c80c6""]"
v3_new2_cylinder_random_13,cylinder_random,cdbb45579280207a929d,cdbb45579280207a929d,"[""cdbb45579280207a929d"", ""f156f92d53b469c3c322"", ""449ad32011d299a8b94a"", ""15343372cf7fd081e5d1"", ""3a326ba07528df250110"", ""91f7e353db5431b4550b""]"
v3_new2_cylinder_random_14,cylinder_random,8aef4eceab25a5129779,8aef4eceab25a5129779,"[""8aef4eceab25a5129779"", ""80d411d7d32214c8a994"", ""402d20b51821a0dc1b40"", ""fd5bbb1b1679ff3bfa4a"", ""184650bc0e720488fbeb"", ""b1a0a2b4c59bb61268fa""]"
v3_new2_cylinder_random_15,cylinder_random,9131f0b8aed6e7d5e7a8,9131f0b8aed6e7d5e7a8,"[""e7100edc62932a918f81"", ""bab887dce1db8f36f8fc"", ""9131f0b8aed6e7d5e7a8"", ""c340edf368014b2f8576"", ""fe468c9a5438a665822f"", ""6f6c6e9f839aaed44b9b""]"
v3_new2_cylinder_random_16,cylinder_random,,,"[""47cfcfb71c681dafa1dd"", ""30f8c4216fc8ac3f66da"", ""450d342a05b868995fbf"", ""c6eb2aa639c4aa8bbfce"", ""006c7bac787a22a17478"", ""4acd77e9f46b62fa4b7e""]"
v3_new2_cylinder_random_17,cylinder_random,b0927f24462da882d8af,b0927f24462da882d8af,"[""295ba3efe525b1727975"", ""5d9906ab177080b84403"", ""974770f2c122b01aec28"", ""b0927f24462da882d8af"", ""31954cbc500a4d7e4953"", ""925ba6ddb3223daca87a""]"
v3_new2_cylinder_random_18,cylinder_random,,,"[""7f892e7fd0de6dfb1929"", ""cdabc8b98acd425393f2"", ""bc93936587c6cebb86ce"", ""22f462d4e8ab1b8d640a"", ""3e3e8916ae5d43a37b25"", ""66c31188ad3ad5895cfe""]"
v3_new2_cylinder_random_19,cylinder_random,,,"[""b21e9ff4ce6399a668b0"", ""6b56264889c1357b1f1c"", ""50cf4de1868355b0ace0"", ""8a950b1853079c945c24"", ""76f95dff0a407b896d2c"", ""aca4a8f9d9a916753723""]"
v3_new2_flat_box_random_00,flat_box_random,,,"[""8c1f4525ee4681903e20"", ""fafad560665daa2e4f7a"", ""3be88f56f71f4cd90df1"", ""a20cdde18255ed88b2c4"", ""e057bd862bc6bfefa2b8"", ""49d23bbc5729d3e9a123""]"
v3_new2_flat_box_random_01,flat_box_random,,,"[""793f820bfe2c9312ab73"", ""10d1d9b1932d7c18e042"", ""f92ef1ad0a1d16761706"", ""c2683eb0ff840ddd2e91"", ""178da13b03dec5c7f63a"", ""fbb7c3eff57b3b9857eb""]"
v3_new2_flat_box_random_02,flat_box_random,,,"[""f8a0a8bd77cb4d010747"", ""5eacbddedfea385bbb2d"", ""311479452156067f8d17"", ""21226b0dbdae62443778"", ""60a4f949a38038822a7f"", ""73a9de786918f985a453""]"
v3_new2_flat_box_random_03,flat_box_random,,,"[""9a7a28f53e8856f6fedd"", ""303a6f8f3cd29206e1da"", ""88eb6a9cf65cb5f011bf"", ""110f32187d3b19ea0bfb"", ""a4ff9a90fd5d571f10b1"", ""70de0a99607e6344ca72""]"
v3_new2_flat_box_random_04,flat_box_random,,,"[""de31808076824bb60bba"", ""7f7d24be3d86b7e63c30"", ""32f000adb7b733e75ee0"", ""815eecc9e9d0ee7c6487"", ""3868bb81ae511b34c50c"", ""6f3826708d292530ccf7""]"
v3_new2_flat_box_random_05,flat_box_random,,,"[""ae2e21c2ef15627188a0"", ""5da4b755e9992eca0b75"", ""6afd4f29362f640a8777"", ""a6e4461df744fe4fc1de"", ""5751e621aecc9220b046"", ""c681ce897751bd3c2f28""]"
v3_new2_flat_box_random_06,flat_box_random,9635277a1c60cce2e696,,"[""b8d5e4e4028b9372eebe"", ""9635277a1c60cce2e696"", ""488b4878ef0b78a2653a"", ""0d9a1fcbdebd5ea5aa95"", ""7b93a927a2d23f066739"", ""1e8d2a53127dcda4123f""]"
v3_new2_flat_box_random_07,flat_box_random,,,"[""c7ed10668be34c898612"", ""0c28c611d169255c0ef5"", ""1116ad6fcd1935fe6f87"", ""ae9ed092055cb6810b39"", ""fa13eb27e37a2d252ee4"", ""ff0694de1962d42416c0""]"
v3_new2_flat_box_random_08,flat_box_random,,,"[""9280c5b55294f522257b"", ""bb2745db42454cdb36e6"", ""4b0989d2b4c002e8b4bd"", ""c26ddbbc91552f406e24"", ""76a9b6d0e765fa92cc19"", ""8c39ef2a6792049b9422""]"
v3_new2_flat_box_random_09,flat_box_random,,,"[""510917157dfd9190af0b"", ""2ad41e25dcfa7e57b553"", ""bbb8d6783d26d23daf4a"", ""e71ca22da7e1c90923dc"", ""cb68ebf37771bd49d5e8"", ""d39af86ccc63ea849c0f""]"
v3_new2_flat_box_random_10,flat_box_random,,,"[""ab4c1f0368697975eef9"", ""348b3fffb00a88c4996b"", ""e9496e2b11033c3d77d0"", ""8d0b7867c11ff6aa4ab0"", ""28fbfbd5eb3e010a55f8"", ""673465f62d85f5ecf037""]"
v3_new2_flat_box_random_11,flat_box_random,,,"[""80e89cc8ba209e203a3a"", ""bda35020361767049a34"", ""a2c2e7ba7e72daa546b3"", ""c04a1459a9e42e810947"", ""2a82db7c269b15711c41"", ""2d537b88a1665f2a25e3""]"
v3_new2_flat_box_random_12,flat_box_random,,,"[""15009c6cb7350106b677"", ""87e8630d6882a3350b63"", ""a332cae69e0492c2766a"", ""6874a579e148af2d6d0d"", ""67b45907ac942f2406f0"", ""6e1ba7e680fda02732ed""]"
v3_new2_flat_box_random_13,flat_box_random,e86ff2a3a7e536779238,,"[""197d5cfee7ad00cca509"", ""e86ff2a3a7e536779238"", ""3e66a412efa46de95e06"", ""b30f077026546b09e77c"", ""89b39e88f5775705803e"", ""db652cd731f60db64113""]"
v3_new2_flat_box_random_14,flat_box_random,,,"[""338d649d99a7abf5cb04"", ""69eb1c9e9a57f2fbccd0"", ""b0fc40abee4513f9c7a7"", ""33cedc59638c52e2f378"", ""d3b23b48d562b2cb856e"", ""07f801d7c1ba993bfd11""]"
v3_new2_flat_box_random_15,flat_box_random,c96e03da8b3784a4f78a,,"[""c96e03da8b3784a4f78a"", ""55129bed7dc305b50028"", ""94c982823ac20b38b99f"", ""a6b1729cd47dc57fa305"", ""5437fcaf497bac6803ab"", ""e82b20272b84bc7008e6""]"
v3_new2_flat_box_random_16,flat_box_random,,,"[""ff80b8ccfaa71a8a5b42"", ""c6542787c305c189e51e"", ""ec2cd0a4aebd4ab48f8a"", ""45dc90417085b70d4ad7"", ""49e623473c938747bd0c"", ""f0a9d8afc7597e51b4e5""]"
v3_new2_flat_box_random_17,flat_box_random,,,"[""96a11ad1b1dd52bfa125"", ""4bf50499053a3a209b4a"", ""d30393aeaaa072fcf8ce"", ""402cc588c02a527119d9"", ""31e84344c1474376c108"", ""94b2d2587254fb7cdb92""]"
v3_new2_flat_box_random_18,flat_box_random,,,"[""61cf1aab78b942257f41"", ""c36ae2f0143ae6caabbc"", ""c69f4f4d532867a3ab5c"", ""427648e018b69831e560"", ""5e340c05f6d3a3f0b4ba"", ""de4baeee4dd449cd1acf""]"
v3_new2_flat_box_random_19,flat_box_random,08f235b657dfa89d4613,,"[""1af0a070b1a390b758fe"", ""08f235b657dfa89d4613"", ""2c12c9c5c87cc7df0a43"", ""664fca1f85c9f35f3aa0"", ""973186429723e30a092d"", ""ea660aac13fe89b7e85b""]"
v3_new2_sphere_random_00,sphere_random,,,"[""1743e3095c246c9ac8c9"", ""33e1106d184d5a0ffcff"", ""9baf501f5d4ac7dfc1ef"", ""c3800b8fa907039a8100"", ""4071f9b80a44af23b88d"", ""8f92e7d79315432565dc""]"
v3_new2_sphere_random_01,sphere_random,,,"[""2e316cfa50b10805265c"", ""bf4ffc5bfa725c7e651f"", ""1069dd44aaa4308c73f7"", ""0abe55de6aa345443d58"", ""9326e26ddb8c0b146ad5"", ""4696cfdc77fb85eefc0e""]"
v3_new2_sphere_random_02,sphere_random,,,"[""7e0eda828b1c18b698d4"", ""e3079ce96e9a71abde61"", ""e8e01ac0d5f566030fcf"", ""553fa6650e816721307a"", ""c1c0815e0c7f53ec84a2"", ""0df8715f432cbd8eb8b2""]"
v3_new2_sphere_random_03,sphere_random,,,"[""5e2489a993f6d6297dd5"", ""050a81f61c92c89c86a7"", ""2bc77363d691990660b7"", ""c3dd24a01010eb710074"", ""cf1a0060ba5b41234851"", ""e1dd0a9f4613ee2b9f56""]"
v3_new2_sphere_random_04,sphere_random,61a6e5be21f101338d6f,61a6e5be21f101338d6f,"[""a3e4a3efbf2d3200f2ff"", ""61a6e5be21f101338d6f"", ""148090bcc4797d45b19c"", ""da9fd865bf23023882ba"", ""586625330616bb534022"", ""a1b718819d51f224aff5""]"
v3_new2_sphere_random_05,sphere_random,,,"[""4e4d692c3da215634b99"", ""aff4e7779c57d9ef2830"", ""ff079fd86021404d1e8d"", ""fb77e21b82c61a3802cc"", ""91d71c81ced93b2a51c9"", ""91213f89769b2c6f0856""]"
v3_new2_sphere_random_06,sphere_random,e0d58739acb3e1d70fb1,e0d58739acb3e1d70fb1,"[""ac415e7a765a31ce5fac"", ""6c3f49df003cf919b03e"", ""e0d58739acb3e1d70fb1"", ""a919363927a30dbd010a"", ""ae74eca83bcda982091b"", ""a8c787a31a3af8445a8a""]"
v3_new2_sphere_random_07,sphere_random,d426fef0a072f345f955,,"[""f56856a2fdb6b01689d5"", ""d426fef0a072f345f955"", ""494b0bd30585d4fb73d1"", ""a5643f7b9d060c4f71ca"", ""030990cdb12a52c51f9c"", ""ee0edcba889d609f427f""]"
v3_new2_sphere_random_08,sphere_random,3a7a3f0a69a1fd448a3f,3a7a3f0a69a1fd448a3f,"[""e30f40d374c7e9f24b95"", ""3a7a3f0a69a1fd448a3f"", ""c8d04afd7069b9cb0bee"", ""1a22dce16b821730bc96"", ""91824e0e3d2d2018e2ff"", ""16cfb702d69a960f80fb""]"
v3_new2_sphere_random_09,sphere_random,0d54d3faaa8d9bedcbda,0d54d3faaa8d9bedcbda,"[""0d54d3faaa8d9bedcbda"", ""d4719c7fdfd01b50e4c5"", ""de3cdd2fda8f5e440940"", ""580af8e2748fc3f915c8"", ""0fe559d283ec6c050bff"", ""219f1cae48ddbcf23ef5""]"
v3_new2_sphere_random_10,sphere_random,,,"[""1b22bbe83c709d53feea"", ""1e6acbe0bebecf7de9d5"", ""0b8cdb633a2238bcfa56"", ""e08713dece70dded1458"", ""6206307849c7cb025327"", ""f3023a70869b0eb40a00""]"
v3_new2_sphere_random_11,sphere_random,,,"[""fd42dcc2d92210599c78"", ""872a98cc3d16b58f80ee"", ""ffe8de84f81748b27b7d"", ""b6ab6ba52db00cf34054"", ""579ca02aa9a6769b083e"", ""ad1fb9cdf1d050e5ae82""]"
v3_new2_sphere_random_12,sphere_random,,,"[""54528c7bc45e4e5cae82"", ""aefbc9bd1680f06bf3a1"", ""ee7e1179e90102c91a78"", ""e484f5f959ed44dbe042"", ""f107624c94f195553ba7"", ""abcc42b8b30fc414fbc9""]"
v3_new2_sphere_random_13,sphere_random,,,"[""64871e4434f7b3e636ff"", ""197f7b63796ea5684dab"", ""dd20b62de363f3550ccf"", ""2f5f07a0320b625e331d"", ""983a46a332d8e4e62fa5"", ""db0b59ea5092b8dbcfb8""]"
v3_new2_sphere_random_14,sphere_random,,,"[""e924c22c09eba214ef1d"", ""d19b5d4d82b320d4f954"", ""ae1923d1fbc2b7914bf9"", ""8677f787a53cf61e4648"", ""1d73b19839b78de6b577"", ""a67e392259219c08c2a1""]"
v3_new2_sphere_random_15,sphere_random,,,"[""92e80d682429c319c7d6"", ""45a3f6bdcdf620213227"", ""5af7a16e5ab81e5bf171"", ""e1897a1fe8fb1106a204"", ""8c371eeb5be28fa2c1a5"", ""5613c1d4fb675f596cf8""]"
v3_new2_sphere_random_16,sphere_random,,,"[""0db541dc97b3c5127a4e"", ""9ca9426ab375ba0c4d17"", ""a117edb4424ca972c2ba"", ""b882329931046747b94d"", ""7243e540759d7afcdbee"", ""3ffb7b388ff05a8485aa""]"
v3_new2_sphere_random_17,sphere_random,,,"[""2122a237a0f967b2854c"", ""5abb78d78e5ba55a85a4"", ""8c7397eb2208ab387173"", ""4ff783907b783f508955"", ""458a2b80540f52324496"", ""e13385e8ca9e985fa4f0""]"
v3_new2_sphere_random_18,sphere_random,,,"[""03c8c909918a56c329f3"", ""c2df98c3e9d3d6cbb674"", ""ccdc2383489baccd959d"", ""e1e5305bf88c41bbaa03"", ""8e11c26863168803373d"", ""66023d8f3b155caf0a61""]"
v3_new2_sphere_random_19,sphere_random,,,"[""f74e14a0b62448bb4ff9"", ""f62f996ccf5a90abb827"", ""e60afa4391bb38a7fe27"", ""799cb10a35b5aa44fd75"", ""d3719c2cce69877feb30"", ""416ec8aa6386a1c4b88c""]"
v3_new3_bar_random_00,bar_random,97b545d25697cfd2479e,,"[""97b545d25697cfd2479e"", ""c269bdfb02827a281937"", ""2c83c954f73b940851d9"", ""c57c05ffb3daf9ba7b45"", ""6de916d4b7ec6f546b48"", ""3f08d6d7545a87690aa7""]"
v3_new3_bar_random_01,bar_random,793e2aa8a101a35275a7,,"[""6b2a32e58609c9fd808d"", ""793e2aa8a101a35275a7"", ""0f45da9a83ae5e65dd61"", ""06f591211be1b388dcc6"", ""5ebc3840624fa0b4df0e"", ""fd5a79c260528b1b97e8""]"
v3_new3_bar_random_02,bar_random,a029a4a79d4c7ec0b9bc,,"[""4f01ba02077dc7840915"", ""a029a4a79d4c7ec0b9bc"", ""f015626683767e5a234e"", ""96aa18efdefd09034013"", ""c1d69f41eb6ec1ecb6ab"", ""1bcd7493f3c026741d16""]"
v3_new3_bar_random_03,bar_random,,,"[""67a965ed7d8e88eeab5f"", ""aa72480f0ec913100943"", ""a43f67bdf9702dea3fd3"", ""83f985e3f4f6cf1fdbef"", ""1d9a2cbf8d3475e586f3"", ""5d4373d34e2d421333e0""]"
v3_new3_bar_random_04,bar_random,,,"[""ec496b3c24fd66bffd1a"", ""08611e97680970645b37"", ""d649de70f7a9c76e4ae9"", ""2b1db9050e3eb9fc4210"", ""75218b7e859199e0bf19"", ""b5ef65f42ab5a811edad""]"
v3_new3_bar_random_05,bar_random,21f8d90ea02c9ae8069e,,"[""21f8d90ea02c9ae8069e"", ""888f893047a6def66d88"", ""6b47220cb1348566efb6"", ""dd40f1f1098d092ee5c4"", ""209b01b25ff9520dadc8"", ""748bd445bfaad009d6ac""]"
v3_new3_bar_random_06,bar_random,,,"[""1c92cc1227bb1d424e64"", ""64643c14260f0281a29b"", ""ecbd5e0bcbc7497fb59e"", ""0ce711be5c95f013c1f0"", ""3cf1dc9e573038250e00"", ""3cb23f78c8d13a77058f""]"
v3_new3_bar_random_07,bar_random,,,"[""9facb6d9060125a1fdaa"", ""71d6a6b14fd9606f7034"", ""62cb4afeace9137f8b1d"", ""21357916642f39e55c71"", ""6648ddffb8d5347871d0"", ""25f645e3428e696e6e75""]"
v3_new3_bar_random_08,bar_random,,,"[""fb707eeb3e64b297ad3a"", ""74254acea0fb03b3d7d5"", ""35f053eb82d95de541db"", ""a7f234c5c4328430a8ba"", ""b2c21cb48d2b9f7827c9"", ""ff5062d6a2997493d031""]"
v3_new3_bar_random_09,bar_random,6f774dcd372c4886d2b2,,"[""4b69139623526ef5cc6e"", ""6f774dcd372c4886d2b2"", ""d045bbc2dbd96c046716"", ""ce2d9e2f7fc3e4c69569"", ""42ccdc2d64d5352efd1f"", ""d2921445aa186b86ec26""]"
v3_new3_bar_random_10,bar_random,dbc6ac6a2d573159c06a,,"[""dbc6ac6a2d573159c06a"", ""dcf8ec98eb32288bad02"", ""87769809139bd4999160"", ""008da7e74f78f588b3ec"", ""20c2929824e24dd65512"", ""4b4a0473b4065c3e0347""]"
v3_new3_bar_random_11,bar_random,,,"[""655b2032f31fac46ad0b"", ""3b280009ac4bcb58f93b"", ""a92c0a31a11371f5251a"", ""172164789e02d47b7441"", ""c2faa55b21c7d726f0a4"", ""adec74b4d1d38f656797""]"
v3_new3_bar_random_12,bar_random,22883faa361099e8d2d5,,"[""22883faa361099e8d2d5"", ""3f7e508c014c4872087f"", ""d2519be47c7c6256c440"", ""5e920e2c5673f6421ef8"", ""ee68817537a25a99df8d"", ""8aea585dfb701aec747c""]"
v3_new3_bar_random_13,bar_random,,,"[""15e5df971b4bac4019d0"", ""5b430a349ce56c8c6646"", ""0f8725a7db4e5701c17a"", ""ac1bc9442950919cc93e"", ""c65d83a5abce6153086a"", ""6d61608ed004378b5e55""]"
v3_new3_bar_random_14,bar_random,,,"[""02c061b3a4327415e392"", ""f201c6e455318fb64188"", ""dbaf33c45ca61ccbb8bd"", ""4a297bd086d681da757f"", ""ed5a0fa15e00c6b1babe"", ""8422e8d59645f23e66b5""]"
v3_new3_bar_random_15,bar_random,d51671a9d7dee86f2940,,"[""201086aa45c5cc147335"", ""da8d424141189907753d"", ""8076d972020a223805e1"", ""255c18496f7c2ceee04a"", ""d51671a9d7dee86f2940"", ""6900875adf011d590cb0""]"
v3_new3_bar_random_16,bar_random,9f554396406df227e5de,,"[""9f554396406df227e5de"", ""974671832b1c4944db9f"", ""7db31e0ec54d67dce503"", ""7496af442905f934d7f6"", ""f66a6d1410990e550bef"", ""76293a3711339d4d487e""]"
v3_new3_bar_random_17,bar_random,,,"[""6ea19705de327434bc42"", ""b0add0fca48d15a2c12e"", ""cff8d1b49219d73c5693"", ""482c4e70d5fcd82bebb7"", ""64073ca046000b9f5bcb"", ""b58ba3cd30abbc4705bb""]"
v3_new3_bar_random_18,bar_random,caed6618a2f7b9f7113b,,"[""caed6618a2f7b9f7113b"", ""5165757ec405ec72e27c"", ""4be2528bf91efcb90ae4"", ""865c4ce75863aad4ca92"", ""cdaa44b34d235de23472"", ""93cea050c3654f723320""]"
v3_new3_bar_random_19,bar_random,,,"[""2b0a0b6bdb1b53c9d0c5"", ""ac17217372226205db52"", ""83fd4c9affefa260707d"", ""037c89b735a5e66edad9"", ""8606624b6da412e337de"", ""0c28da01b67b131c2c9e""]"
v3_new3_capsule_random_00,capsule_random,,,"[""ce94fda530a9cfeec7b4"", ""bfc30dd13f12bcfa3012"", ""5a588e6bc8c04206fb07"", ""de14a5071dd1c5266fe7"", ""6bc2a69e2d431c5dc55c"", ""fee505e0235469264996""]"
v3_new3_capsule_random_01,capsule_random,,,"[""719988f60729af6f2fee"", ""f1bec3a6265cf2fd3bd6"", ""a86ca0ba3b2ff930c209"", ""776aef1fb036aab34556"", ""78483f60471d3f78e692"", ""ebca198d5f60f3ba3105""]"
v3_new3_capsule_random_02,capsule_random,,,"[""6ab133e7f2134f3b5b50"", ""7f22a0df7c678a768f61"", ""3c50ca0616d56164cf37"", ""3f9268c9cbc9cc77cf6f"", ""becefd7a809f6248a6f0"", ""f1e7997801a7db52bc83""]"
v3_new3_capsule_random_03,capsule_random,,,"[""66e35933c34e4e0b9468"", ""4f498a311d892011e28f"", ""6f6e50a4e2e51420926c"", ""9315463e83f8c624abf9"", ""3a46dc4754f74294ea25"", ""ef99053796618135996d""]"
v3_new3_capsule_random_04,capsule_random,,,"[""94e3b5da566e5b2411f9"", ""6507d2c2a830f252e83c"", ""6be298e7a65924bb91ff"", ""14c9e2046250fcbba4d9"", ""1af7b8cfee4b206d4f4e"", ""9575978c513858458aa3""]"
v3_new3_capsule_random_05,capsule_random,,,"[""ec6766001e80715f05db"", ""4916e48ce62247519888"", ""23aba62f4bcb6025d4f1"", ""6d977f4e5ec6fde86018"", ""abf0c925c65231f4323b"", ""88e2a81b393eba76aa14""]"
v3_new3_capsule_random_06,capsule_random,,,"[""27321ab3220b9587fc92"", ""5b6967aa7bb86521c1a2"", ""f89ed96048520d64dcbf"", ""6336a4a9dc222d9d5281"", ""bb3bfb3c9e28192c1303"", ""ee2685865a69a6b2b560""]"
v3_new3_capsule_random_07,capsule_random,,,"[""a092ba7aba5364d86c60"", ""18563c1e7fd4df2aff7e"", ""c36bc0892d90489ee58b"", ""707d0a5057a8d389190d"", ""8112d8e2aa8cf9d57b3a"", ""84469845f85dd37a4fe4""]"
v3_new3_capsule_random_08,capsule_random,,,"[""66c3864b614a27986c99"", ""b9b5acf8752421185c6e"", ""71fdb91887e6653aad40"", ""d81adf2d29c2bd63db9d"", ""1574bac4c658ad0b659d"", ""91affadda63f84e5652e""]"
v3_new3_capsule_random_09,capsule_random,,,"[""faf10eeab93cbf1f633b"", ""84d7293f5e5fc75008e4"", ""6349017c66adfd62e451"", ""7dab33f260ae5837a611"", ""de93ab0c37eebe83db6a"", ""61508e74c52683b8b692""]"
v3_new3_capsule_random_10,capsule_random,,,"[""764f84937aaf0bdd027f"", ""4ee0c03c210428693a97"", ""b4a9cbdaae5a98312f63"", ""2b47090a46a15d586bd7"", ""df809078f2f5aa431330"", ""d7a88064f04eb37b7002""]"
v3_new3_capsule_random_11,capsule_random,,,"[""272f7888480831ec66a4"", ""ffe30813e2ddc572e38f"", ""7267e8bfec732ce9fb5d"", ""b466b8837f98324f3b54"", ""e36ef718beba922f649a"", ""f813cd8560d93e3077c1""]"
v3_new3_capsule_random_12,capsule_random,,,"[""d90902fc47c53e88d95d"", ""136e36c3c1bf2759d3fe"", ""70be5006fc2e1e8d7683"", ""a6f612617c2e4457e9b9"", ""43823adabbb943161af0"", ""1bab7a29ea8103743128""]"
v3_new3_capsule_random_13,capsule_random,,,"[""79e2a90d726421da6699"", ""22bac7be4c32fc0b035c"", ""ef642af21420a0ecf4e9"", ""43081aed9c2bb462fba0"", ""45c6205bb6da9d5bbd4e"", ""0dd637eeb61c0af9d2a7""]"
v3_new3_capsule_random_14,capsule_random,,,"[""96551e55d914c92299d2"", ""49b93ee21317058a1c6e"", ""0f56cf24bbfbdf322801"", ""bd0d55db300211f413a9"", ""7032e94de28a97b8279f"", ""16238245ce8e2ee312bb""]"
v3_new3_capsule_random_15,capsule_random,,,"[""7af750e49c3b17ed62ed"", ""b0f568f58564eed0d08c"", ""348def8620da3c235a35"", ""455b98d72ebd44e57ab8"", ""247bdab3289ec4075ce7"", ""f70a4feaea74cd3580b8""]"
v3_new3_capsule_random_16,capsule_random,,,"[""36157d40839ad3ff5425"", ""c2c30e7826fa76ff4911"", ""1f8200acc5b337734129"", ""f929431d44cd3a145fbf"", ""13506b15302371d6b2fb"", ""db66a69617e76df684fe""]"
v3_new3_capsule_random_17,capsule_random,,,"[""6a3ea5540f3ef648d3af"", ""0363ee32246d269211d1"", ""6c62e50c7dede122bdba"", ""a853d3bbe5c9fbdd15a8"", ""2cf1ebd627920fa1931e"", ""2752355965b6a516e7e4""]"
v3_new3_capsule_random_18,capsule_random,,,"[""35a038e8feed9177c98b"", ""c91de892bd8e9e8edcb4"", ""aa45657dd3b09c17a716"", ""98e2afb2fa2338b32158"", ""1aded41747c2255d0675"", ""4938d9e1d78f4c19abe5""]"
v3_new3_capsule_random_19,capsule_random,,,"[""5670d8aa4a83dcf4ca6b"", ""8174a4520d07d06ae5f3"", ""1e2434a0efaad1e01805"", ""c85de3c71d2aed4a9775"", ""7023159ff75beaf2a287"", ""9c6bef588fc492ed2dce""]"
v3_new3_cube_random_00,cube_random,,,"[""fabd5fde1f16779afe02"", ""f0e579953af858e33b60"", ""ae38b3ee5d6ec4e51558"", ""85782f7591ab08f0b60e"", ""b5e921a85b65eb3fe7eb"", ""b49c403f087db87d4342""]"
v3_new3_cube_random_01,cube_random,d8dea9ea8bb6c23a66fe,,"[""8e2d395b57c4b8c7f72d"", ""d8dea9ea8bb6c23a66fe"", ""feb0d2cc45bc104c9e6b"", ""8622abaa35b7a44bda1f"", ""925b461e8b78c66e1c96"", ""8d9737c39f1f966dc68c""]"
v3_new3_cube_random_02,cube_random,a7a6295207867128e9e9,,"[""a7a6295207867128e9e9"", ""e24787acfaf13eeb532f"", ""87fc2bae4a362e964479"", ""3d2b084dd301a37132f0"", ""9cf7b6057c421bf1c3ff"", ""9e5e125e1ff0345bdcff""]"
v3_new3_cube_random_03,cube_random,4552f6b2625e3db3bdc5,,"[""759cd10ed39bef94d39a"", ""4552f6b2625e3db3bdc5"", ""7145e6a6c696da941241"", ""4f2556b82d2db8c4ef1c"", ""47a3450e28ab08cae611"", ""5e840b6bce232658f40f""]"
v3_new3_cube_random_04,cube_random,7673b7b0fa3bcdc26aa8,,"[""7673b7b0fa3bcdc26aa8"", ""f961bb336d4c36eccb04"", ""305791547d45a614cf58"", ""500a4441b621d4429111"", ""6f41d957b59b51a19670"", ""9b08b04e335583081b55""]"
v3_new3_cube_random_05,cube_random,d7fb1ec98d44eeeed738,,"[""42d7f6bc04675545b739"", ""d7fb1ec98d44eeeed738"", ""44dbf6b18159f9dbf0e7"", ""b6037f1b448425603a0a"", ""e0d72d4dee9d7793f6b8"", ""0d36d876b2eb6dad3107""]"
v3_new3_cube_random_06,cube_random,6b1a08511246b55a6861,,"[""6b1a08511246b55a6861"", ""6beead62e671ed559e4a"", ""de7526b1eb71b05689b8"", ""b199fb7ecc4db7a13bc7"", ""bfe00f78f17d9ba86e67"", ""6a0ef012f1854c89a923""]"
v3_new3_cube_random_07,cube_random,e2360b2b085dec1062b1,,"[""e2360b2b085dec1062b1"", ""661fd0dd85ee226b4086"", ""b844c33693ea2007c44c"", ""66ef3bad7a77311389e5"", ""549e7ac69ccb84c53677"", ""658fd2272be503d69b05""]"
v3_new3_cube_random_08,cube_random,70d289bde58356c602cd,,"[""70d289bde58356c602cd"", ""c94c6600dc120d939a7b"", ""d0bddacfb43f847dc823"", ""b9a3483009ebaed5e9a9"", ""b860f245271c473265e2"", ""98335da999ea0f5bdbfd""]"
v3_new3_cube_random_09,cube_random,34eb7993ace16735dc93,,"[""34eb7993ace16735dc93"", ""ef52590f435f1a4ad8a2"", ""d190c27b235fef6af511"", ""048c3b225e41567fae90"", ""4fee91e90730d6d35404"", ""475b7024c155be93e157""]"
v3_new3_cube_random_10,cube_random,cc26afc8565a710572e9,,"[""44c72d866d9b721836db"", ""fd716a8746b691ef5792"", ""cc26afc8565a710572e9"", ""195cabe85b0b8c746546"", ""0ac29e9df6def4361487"", ""4474246c14486392d4bd""]"
v3_new3_cube_random_11,cube_random,71e766638c36de144c11,,"[""9f78b867ab5f5a761b0a"", ""995767302bd576cd7c53"", ""71e766638c36de144c11"", ""ca6f1fe1bf892f53d37c"", ""1488a3f86246e514c72d"", ""5fa8d8996a778166176b""]"
v3_new3_cube_random_12,cube_random,6b585bb58cecc7bfa22e,,"[""622d6446ccbdfdd0f6c6"", ""6b585bb58cecc7bfa22e"", ""30f058bc76d41f3f1a96"", ""927e08639bf5a7588c15"", ""5e71674d37cca500d7a1"", ""fc67ee7ecc981aed593a""]"
v3_new3_cube_random_13,cube_random,c5eed1152b8fa25913c7,,"[""c5eed1152b8fa25913c7"", ""b3475d4c2db4c299df74"", ""e1a535089c4ebe1ad932"", ""6c270c01c65c568ba099"", ""5b6c07c49275ad99fd33"", ""9b8328c29fa694de50fb""]"
v3_new3_cube_random_14,cube_random,a8771e00744f3379160e,,"[""e10ff1b145ae6d97e3fa"", ""a8771e00744f3379160e"", ""827866f378647d1b694c"", ""56d5ca095e2be3e81479"", ""0ca6a262c4627074cb7c"", ""8cd57968c321f41e4ede""]"
v3_new3_cube_random_15,cube_random,e75fd3e250b2dae3f752,,"[""eb2ca70710ab65de68c2"", ""e75fd3e250b2dae3f752"", ""81e26afccb2806272337"", ""f54a1b6dc8a608f985e9"", ""062c3834bce9b70bbf54"", ""438e36967fef406fcd4a""]"
v3_new3_cube_random_16,cube_random,e4080c25564d2b017c79,,"[""e4080c25564d2b017c79"", ""722c4b677e92fb57b31d"", ""c285ab54e9aab5b6c7d4"", ""32b25ae706e06c42392b"", ""055ba35e68e8fa994b1a"", ""7f44d07f1446013fea24""]"
v3_new3_cube_random_17,cube_random,d3631c2f61c59a11e94c,,"[""d3631c2f61c59a11e94c"", ""a55ef7bc14c2f4e810d1"", ""78dc5ff05a3b3357c9db"", ""425f5f34cb594ad0b354"", ""f34dc25df3d2f9ada31e"", ""68ac2175b1431aa53015""]"
v3_new3_cube_random_18,cube_random,58527797cc7cb61d21a8,,"[""a66d0fe2aa2fc20396e4"", ""58527797cc7cb61d21a8"", ""66c2f65f9b96319d5e20"", ""874d8840c4ca774fefb1"", ""61a4b62be1aabc987b9c"", ""39d620c1733a51b696e2""]"
v3_new3_cube_random_19,cube_random,6d170f875af262320109,,"[""5004e7957ef7ecb42076"", ""6d170f875af262320109"", ""75397c6ea91047fe1ebf"", ""91a53bbe7e2218089218"", ""64c0931a61d2e2b0d3a1"", ""95bf4a19a7700f7d3a4d""]"
v3_new3_cylinder_random_00,cylinder_random,fa8e4fc50e45d6ded4ac,,"[""149819b300e1b9e6a087"", ""31d156ca579e0c555cdb"", ""acabf299f5cdfaf7662a"", ""fa8e4fc50e45d6ded4ac"", ""013838c288ebb174ae89"", ""c48b5e0faeebcccafab5""]"
v3_new3_cylinder_random_01,cylinder_random,92a98073a77921487ca9,92a98073a77921487ca9,"[""c6f612e4902983e4fb8d"", ""40ec9a16dcd6fad9f30f"", ""19c0f0245669ab0790e6"", ""92a98073a77921487ca9"", ""c546e17cb315a091ae29"", ""019b6bb7194be2c2f26e""]"
v3_new3_cylinder_random_02,cylinder_random,,,"[""59bbaab23e9fe6e2fd15"", ""f3e2310722452091965e"", ""1effe38ec6013e191334"", ""4cc4a1e1435417ec7367"", ""1eea29e7aa8b3f9c1235"", ""d2492394b882b5794e41""]"
v3_new3_cylinder_random_03,cylinder_random,edf38848bed78d065da9,edf38848bed78d065da9,"[""f2087ef3793ae9cc0995"", ""718fb6d020024768535a"", ""edf38848bed78d065da9"", ""eefd8123566a8b2caff8"", ""1cbd021b502d08852ed8"", ""9b7d25e50172e0f51108""]"
v3_new3_cylinder_random_04,cylinder_random,,,"[""b38a4f821535868077f6"", ""3a88dfa2dfe72fc237b6"", ""18bf9407e9b00e194bc6"", ""a701f4f857f02dfc80e8"", ""e419dda9474962197f80"", ""2519bc73e012fbd67568""]"
v3_new3_cylinder_random_05,cylinder_random,5a71c6bd6611fd586039,5a71c6bd6611fd586039,"[""5a71c6bd6611fd586039"", ""8fd559a5036e2e663078"", ""8a4826a6db5cc8a6985e"", ""66fa7d30d8b5f0e173d4"", ""9e52a5cc5bd1281e3769"", ""a8b1a1db7827156bcfaa""]"
v3_new3_cylinder_random_06,cylinder_random,9abf5dae8cd8f6fcb43c,9abf5dae8cd8f6fcb43c,"[""9abf5dae8cd8f6fcb43c"", ""0b3f17a61ba719f27e41"", ""f36e074b9c08e5298682"", ""bb6fb9d71fd535246b52"", ""0aba8848d08f153f994d"", ""3e05a52793226c0def44""]"
v3_new3_cylinder_random_07,cylinder_random,,,"[""c2b2fc1702f78b4f9a78"", ""74829e1b670c69f3e10d"", ""ad4d745abdf904ab496e"", ""9a5166e8e05b9116e730"", ""90f10b192d050f8526c3"", ""1e0c316354daa90f8d9c""]"
v3_new3_cylinder_random_08,cylinder_random,5a7047cf67c559dae63b,5a7047cf67c559dae63b,"[""91cc5471ab4fdd5c278b"", ""f1e580efdaa46a161f2b"", ""5a7047cf67c559dae63b"", ""06029bd1a3c65ee8ce91"", ""cf9fda1fe0f22efa39da"", ""c4242da63fd989bf6af6""]"
v3_new3_cylinder_random_09,cylinder_random,8dd0112a97fbc4af717c,8dd0112a97fbc4af717c,"[""08678010a6771b246116"", ""8dd0112a97fbc4af717c"", ""52d6f65332060bdfddff"", ""deb0847c9d13caad5105"", ""c26fd65b08ca906d84d5"", ""4188583201b2423fe4f4""]"
v3_new3_cylinder_random_10,cylinder_random,,,"[""765e32026134ee56cff5"", ""68c961b32e3101aa5da3"", ""098ba605c1c269ae7be2"", ""16a43ebdd48914b98e26"", ""e3344ca8ab9f0c3d16e5"", ""665bd8ce04373f947ba6""]"
v3_new3_cylinder_random_11,cylinder_random,,,"[""6b9159cc3607d10ef151"", ""cd941311efea813d0999"", ""b88cd6cfce1710e2627e"", ""1827eae32a68bb553fac"", ""2d9d322a7884c085051c"", ""b5e1322ea147b5d9cb55""]"
v3_new3_cylinder_random_12,cylinder_random,bbc5690d05f8befe52b6,bbc5690d05f8befe52b6,"[""b42b1c1b46a1968c8b68"", ""52ed0a9a7a3e68e2cf15"", ""bbc5690d05f8befe52b6"", ""32aabab84407c4feb87c"", ""f968cb8d50413eb3f11d"", ""5a65fa21bfaccba07cc9""]"
v3_new3_cylinder_random_13,cylinder_random,6851b7fa0201398527dc,6851b7fa0201398527dc,"[""fa6d245c3b59d4bc7f7a"", ""4ec77105dce1b41b739f"", ""f804b5116c71560bf7ab"", ""6851b7fa0201398527dc"", ""dd0293ed328498d0cf1d"", ""6f5dc47f134ae9567609""]"
v3_new3_cylinder_random_14,cylinder_random,9036770f374d56d82cd3,9036770f374d56d82cd3,"[""9036770f374d56d82cd3"", ""bee22ad9fd52061ccf55"", ""3f983cc9990ea1559a15"", ""a8a8c110fbe9ccbbc58c"", ""ea73145e0040f14a6548"", ""26d60d7d8cb7ae5744c4""]"
v3_new3_cylinder_random_15,cylinder_random,291b6bec90d8fa2525b1,291b6bec90d8fa2525b1,"[""66a56d8a30d4a34ac449"", ""6bc9912234a84028682a"", ""085a43e0cf76ddfa65e6"", ""291b6bec90d8fa2525b1"", ""35dfb108b0c7ec3bd94f"", ""23fa1ed3b2504c8fb644""]"
v3_new3_cylinder_random_16,cylinder_random,,,"[""d2c231cf318ab55bc7a4"", ""102486f09e51ea142eef"", ""e2636d36fb3b6434701a"", ""91f2b90699fd79274224"", ""5d653cc63df0058cd5a9"", ""307fc746e16f6f319220""]"
v3_new3_cylinder_random_17,cylinder_random,382096062c76fc0a5e3f,382096062c76fc0a5e3f,"[""dea0e169d8a3f29a94ae"", ""382096062c76fc0a5e3f"", ""366daa589905be67a6cc"", ""85519e9cbbcb8d2eff66"", ""d9157e3b0e8b5cb369be"", ""233953ceed1ad610ec2e""]"
v3_new3_cylinder_random_18,cylinder_random,efed7b537920f1d201a4,efed7b537920f1d201a4,"[""4097ad83ab79b5fa09e7"", ""65a4fd07e7743e9fdcfd"", ""efed7b537920f1d201a4"", ""96359139f226e261084d"", ""92c60afe5fbcec65a348"", ""8dafa61da235dacfef7d""]"
v3_new3_cylinder_random_19,cylinder_random,,,"[""7b090a1ddf49f5cfd0c4"", ""a2bac40ca60437d1a5e9"", ""643d6b761e67432a35eb"", ""1efc8aa20e4ba77c2aef"", ""afab7ce25ed4fa0d4c01"", ""2c30bbdf39164a3c53de""]"
v3_new3_flat_box_random_00,flat_box_random,553e3bdc1deec347e898,,"[""553e3bdc1deec347e898"", ""72bd098054aab270ca88"", ""4a9304a2c28934e1d9a9"", ""5e7aba86b31dc37d711b"", ""3aa9fb26fd096e1cefd4"", ""c1d27fcbcf971a46f945""]"
v3_new3_flat_box_random_01,flat_box_random,670f333848db002c899c,,"[""170a2c602787b1438683"", ""670f333848db002c899c"", ""c69da928145486e7b058"", ""b71176b793ba4baf022a"", ""01720a84719a58a356ef"", ""bba07c6c4ff646dd21d7""]"
v3_new3_flat_box_random_02,flat_box_random,b1cf010a4f86d30005a8,,"[""d51214e1236685ca5ca7"", ""b1cf010a4f86d30005a8"", ""0df7492ae81c38175efd"", ""c3be385edb834b06bd9f"", ""372c7fa64a1467e0300f"", ""a666df819d09ac00e923""]"
v3_new3_flat_box_random_03,flat_box_random,,,"[""e043d6df7ccd5aa972b4"", ""33507102e4ce4973a556"", ""230830c9473fcb484f0e"", ""27427a8bc093cfa3ea20"", ""96e4d70e105aa7972524"", ""d60d2bba00cac798fbb6""]"
v3_new3_flat_box_random_04,flat_box_random,,,"[""249e2358649da04e8869"", ""d9cd340c880592710e5c"", ""8a58a9d5d24f0624aff3"", ""c313fe566269ecdf1328"", ""d9765920ae276667fc71"", ""704c200f035882408f38""]"
v3_new3_flat_box_random_05,flat_box_random,,,"[""b8f6a2958876839284d5"", ""858f4b3f4180bb177c31"", ""41aa874ddd38d5bd16d8"", ""7ad4c613ba1a88295409"", ""36108f779c356abe079b"", ""8b92d2279506ef7e540f""]"
v3_new3_flat_box_random_06,flat_box_random,b413f5e1b655ff0f0e3c,,"[""65046bddd74f454ad913"", ""b413f5e1b655ff0f0e3c"", ""706ea8939674ba46fbc4"", ""c418e59dfbd224d31acf"", ""48f4693917d6c6ad3ca8"", ""09b975f1fc05f1423d62""]"
v3_new3_flat_box_random_07,flat_box_random,,,"[""f62d8bd7d9d27a7f3f48"", ""aafa2dbb0f9f8c0270c6"", ""93c35d6082b46f044c7a"", ""69d7f07bd59351753c4b"", ""0b351c03bc8dac3a4ca4"", ""f1e0e1b7a25fe2085709""]"
v3_new3_flat_box_random_08,flat_box_random,,,"[""ae86f0413f5cea9ab7bf"", ""1001e2a4b403cc9f4b90"", ""6dac73ab88b5b6cb04c7"", ""4c07aac579105479538e"", ""29829911a83ae94300d2"", ""7501696255c1bf7b32d8""]"
v3_new3_flat_box_random_09,flat_box_random,24af05a83d2b6a8d9a1d,,"[""5e466313f70b67c05c88"", ""24af05a83d2b6a8d9a1d"", ""c8674e008e998d1fd622"", ""e06fef85e193f7064778"", ""c6d2a31ce32f2549a3f5"", ""20d34f0c7072bd4fe774""]"
v3_new3_flat_box_random_10,flat_box_random,,,"[""1323a8ecdf3133ee86df"", ""59ce1d31086afd59065d"", ""fe5479a6be2dfb23abcf"", ""2af8d4250ff9ae81b4b1"", ""43dbcb13ae8d08b1221b"", ""ddf0fd8254d26c24ae6d""]"
v3_new3_flat_box_random_11,flat_box_random,aafedf4c388f11c8a83e,,"[""f3665752d81a9d6ade24"", ""e1551b2a558b8677def8"", ""aafedf4c388f11c8a83e"", ""86489537f656473897dd"", ""3e7365d0d6fb501a126e"", ""33fd0db2cf963265ab5a""]"
v3_new3_flat_box_random_12,flat_box_random,0595e356e7747a5f25f2,,"[""c851ecfd7a81435e78e9"", ""0595e356e7747a5f25f2"", ""e45359827346999aa441"", ""66bb0da4a6139ef3fe1a"", ""2d346c463384e9f17f14"", ""9f8560fce51c71776ac7""]"
v3_new3_flat_box_random_13,flat_box_random,7a27eea47543420761dd,,"[""93c47e3cb9fcea55dd93"", ""7a27eea47543420761dd"", ""df40af0d7b41cccc1711"", ""5950493ff6266856bf82"", ""f46f7f23049812420c9a"", ""c481c8f88cb37f446165""]"
v3_new3_flat_box_random_14,flat_box_random,,,"[""a248bcb3a6cfb751b4ca"", ""eb1112643f93db2f2c9f"", ""d06ed4414bc5f9d3b0e7"", ""27fa4eb7cddd0b2a8e88"", ""f3011b67bfc9c0cb1957"", ""0a0e051d8e5cd0288b81""]"
v3_new3_flat_box_random_15,flat_box_random,,,"[""fc07af77a2aaac20eb23"", ""7f105c57f2e5e1a2d43a"", ""3a6e69dfb365ebbc8ea4"", ""4ec6e563b06d21c38ed6"", ""549fe96d8b1ce1343448"", ""ab300c4dbf7b2b54fe89""]"
v3_new3_flat_box_random_16,flat_box_random,,,"[""ddfae441bf41097418f3"", ""d5159e2fde806f476bad"", ""afae8ae97d0fea462726"", ""c9607354fcfb2902af67"", ""3ea66e000e817668daf1"", ""d20027e0eb328a897a4e""]"
v3_new3_flat_box_random_17,flat_box_random,ff59f48992c9d06b4398,,"[""7e527545760e3e477e7e"", ""ff59f48992c9d06b4398"", ""4dbaff2549e4e1981e25"", ""e9e6b9692f8fc0ec40f6"", ""4ddf226bc81a5802897a"", ""df93fe45865d231cc459""]"
v3_new3_flat_box_random_18,flat_box_random,d4326302638cc8f8fd3f,,"[""ee94b795f3b33fffb313"", ""d4326302638cc8f8fd3f"", ""b86e8efcd169088efcce"", ""f1427292d6fd7ba53eab"", ""fc884a3a2469d113fa22"", ""e3243adb62a690238cd3""]"
v3_new3_flat_box_random_19,flat_box_random,,,"[""68d133990436fe3a8dc6"", ""6d3db4b1b3ba06cb4435"", ""60c7861402dab1751833"", ""7154e4a6ccd99a94e9c4"", ""327b7c9a0a7db07a3c18"", ""f75886d36af09ce195d5""]"
v3_new3_sphere_random_00,sphere_random,,,"[""da37cffb722eb18ae793"", ""1f58bd7ee48e345ff2b8"", ""3bbed77daee6f4d4e4be"", ""cdb6c54d3356982a0c3d"", ""6139d482c74bc70d89bc"", ""7d7857e7eccb3fe185b0""]"
v3_new3_sphere_random_01,sphere_random,98e4d356e8391231bdce,98e4d356e8391231bdce,"[""6d0551446ccaaffbcd78"", ""128d84e60936175114f6"", ""98e4d356e8391231bdce"", ""8d0630dec404fee08689"", ""371c038a301df90debac"", ""4783a28a230ae9c59825""]"
v3_new3_sphere_random_02,sphere_random,,,"[""049f20adaf8a25693d6c"", ""8dc4cc3c08a03b1b4518"", ""d5262f634da9e3086eae"", ""905a38fc7ce94fe717d8"", ""4129f88cd232d8290022"", ""723f801f1de032e5a53a""]"
v3_new3_sphere_random_03,sphere_random,,,"[""7c39615f5fc5b583b4e3"", ""50ff18290db451229215"", ""308b2e81f436bd77bebc"", ""472139c2b3e976b83aad"", ""7edd2dacc083dcdacda6"", ""8c35689e3881e7c1ba52""]"
v3_new3_sphere_random_04,sphere_random,,,"[""f4aac6486432ac48dcd4"", ""f9d37d47c6780de81aca"", ""732ba7a37538e0230088"", ""a1b2883a51f1f9f09810"", ""e503423473af4d469897"", ""293ae4f2544c5d5b4192""]"
v3_new3_sphere_random_05,sphere_random,,,"[""ffff6612724b500dbab4"", ""28fdf203b54ce10f71e8"", ""b684966ed04c3f56c543"", ""d6e15d997975746f50d2"", ""19c592c2ae50ffec6df7"", ""a07d62725d997641012b""]"
v3_new3_sphere_random_06,sphere_random,c2bd3bfc38edf4ce8f91,c2bd3bfc38edf4ce8f91,"[""6466d771d3bc447fb933"", ""3c4a273bb91880f0e056"", ""7423f19e91e1e332f91f"", ""b49a0e23aac00b02e998"", ""c2bd3bfc38edf4ce8f91"", ""3104f7af65d377f1702a""]"
v3_new3_sphere_random_07,sphere_random,8f98671713dcc66e9140,8f98671713dcc66e9140,"[""a7f0607cc1c4e5f11b44"", ""8f98671713dcc66e9140"", ""d6c4cba4a21e3f88d881"", ""0656f0b3a7414f21f455"", ""d7797732d24f62f443e3"", ""944024ee91adccf3c459""]"
v3_new3_sphere_random_08,sphere_random,,,"[""35fdd702b0efa6582c44"", ""d0da29c0cda414a4c408"", ""b276ddf4a8188e6b2093"", ""700d5efa263c423fa74a"", ""9d662fd0dc30263f81e8"", ""abdc2a11864ade2f003e""]"
v3_new3_sphere_random_09,sphere_random,,,"[""5d32773207011024da4c"", ""ca88ba1bd9b0be5adffb"", ""9c06eded2f26895a7917"", ""ae5004e612e4fa044158"", ""868dac44f2a4fbe477b8"", ""a52eac9a45aa03edfe4b""]"
v3_new3_sphere_random_10,sphere_random,,,"[""16fcb48ba81f21c5e5c0"", ""3e37b981d5249b109b87"", ""2fe368fc580ca1277ce0"", ""78659f182cd2d522470e"", ""0d899e67b6711e34cbf6"", ""16bb49e7221d4744e9b7""]"
v3_new3_sphere_random_11,sphere_random,,,"[""11b518bfc132953fff46"", ""b0c747448bfa567f4e2d"", ""bd51d6e9f15a59dd1fba"", ""b5d91fa2965d3809897c"", ""44f449958b9456b7bc8f"", ""7d4597c10cf838bc7ca9""]"
v3_new3_sphere_random_12,sphere_random,,,"[""719db36925c55a983693"", ""4b51f1512f975b9ea520"", ""e1d87b334eaf875ed029"", ""842d7d6d0ffb8799f32b"", ""3831aaf79ac4e358ffa1"", ""e0f70a5976466e33d188""]"
v3_new3_sphere_random_13,sphere_random,,,"[""b71464e539f655a5324b"", ""a829f1e2d6bbb7d4314f"", ""eb6c544b149215a56a95"", ""30219c5cb6422738440c"", ""b4a47ff7283d47391a49"", ""81482ee6d54ffa17b772""]"
v3_new3_sphere_random_14,sphere_random,,,"[""8cdf9db239d7a623db4f"", ""ec616b11eac1b44f939e"", ""698bc26f1b2f1f657b13"", ""75c47b710213c442b760"", ""6bfea0ec3b8be4e56249"", ""8f4eac8075d927e8de95""]"
v3_new3_sphere_random_15,sphere_random,,,"[""0f78db8ca29a14eb4900"", ""1ae487f01a57210162cc"", ""7f1e02c1c7b63294dd76"", ""83cbf8b3103b7a1b6790"", ""06a0e94cf49b5f1cdd14"", ""6fa931c3ad2b5f5ff1cb""]"
v3_new3_sphere_random_16,sphere_random,,,"[""9fa0ab7153a01122a5d2"", ""21493a66b3dffe461252"", ""10c06b43ab3bf291f57f"", ""eedecf43c47ff3ecc1cd"", ""09889a6908e095097439"", ""80ae5d27a70315b4df4a""]"
v3_new3_sphere_random_17,sphere_random,,,"[""c23ab803dc3b6ba81120"", ""b72e9e6ba107fa5a4baa"", ""7d716101a87d564c5e74"", ""b9ffafc1989ab8555181"", ""d5487498ab57f2b6443e"", ""23e70759e95ad2fe2bc4""]"
v3_new3_sphere_random_18,sphere_random,,,"[""1fd5dd76ae4a52a98ed3"", ""e9981ffefde85c824d06"", ""02730a58830deb7d0abb"", ""c757dbcbcf9bedf9e8c2"", ""52cc3db4128de27d4f54"", ""83b4b1b233b22c5a81d9""]"
v3_new3_sphere_random_19,sphere_random,3440defa057b82f06688,3440defa057b82f06688,"[""3246044e75a5c1c698ea"", ""3440defa057b82f06688"", ""ea05455314fe9b00777f"", ""acd75a43a4ec7af11e34"", ""dfb35d8cb7a7ea92cd37"", ""4e9beb3c568b99340124""]"
