case_id,policy,family,logical_slots,unique_jobs,duplicate_slots
v3_new1_bar_random_00,baseline,bar_random,6,6,0
v3_new1_bar_random_00,no_extra,bar_random,6,6,0
v3_new1_bar_random_00,repair,bar_random,6,6,0
v3_new1_bar_random_01,baseline,bar_random,6,6,0
v3_new1_bar_random_01,no_extra,bar_random,6,6,0
v3_new1_bar_random_01,repair,bar_random,6,6,0
v3_new1_bar_random_02,baseline,bar_random,6,6,0
v3_new1_bar_random_02,no_extra,bar_random,6,6,0
v3_new1_bar_random_02,repair,bar_random,6,6,0
v3_new1_bar_random_03,baseline,bar_random,6,6,0
v3_new1_bar_random_03,no_extra,bar_random,6,6,0
v3_new1_bar_random_03,repair,bar_random,6,6,0
v3_new1_bar_random_04,baseline,bar_random,6,6,0
v3_new1_bar_random_04,no_extra,bar_random,6,6,0
v3_new1_bar_random_04,repair,bar_random,6,6,0
v3_new1_bar_random_05,baseline,bar_random,6,6,0
v3_new1_bar_random_05,no_extra,bar_random,6,6,0
v3_new1_bar_random_05,repair,bar_random,6,6,0
v3_new1_bar_random_06,baseline,bar_random,6,6,0
v3_new1_bar_random_06,no_extra,bar_random,6,6,0
v3_new1_bar_random_06,repair,bar_random,6,6,0
v3_new1_bar_random_07,baseline,bar_random,6,6,0
v3_new1_bar_random_07,no_extra,bar_random,6,6,0
v3_new1_bar_random_07,repair,bar_random,6,6,0
v3_new1_bar_random_08,baseline,bar_random,6,6,0
v3_new1_bar_random_08,no_extra,bar_random,6,6,0
v3_new1_bar_random_08,repair,bar_random,6,6,0
v3_new1_bar_random_09,baseline,bar_random,6,6,0
v3_new1_bar_random_09,no_extra,bar_random,6,6,0
v3_new1_bar_random_09,repair,bar_random,6,6,0
v3_new1_bar_random_10,baseline,bar_random,6,6,0
v3_new1_bar_random_10,no_extra,bar_random,6,6,0
v3_new1_bar_random_10,repair,bar_random,6,6,0
v3_new1_bar_random_11,baseline,bar_random,6,6,0
v3_new1_bar_random_11,no_extra,bar_random,6,6,0
v3_new1_bar_random_11,repair,bar_random,6,6,0
v3_new1_bar_random_12,baseline,bar_random,6,6,0
v3_new1_bar_random_12,no_extra,bar_random,6,6,0
v3_new1_bar_random_12,repair,bar_random,6,6,0
v3_new1_bar_random_13,baseline,bar_random,6,6,0
v3_new1_bar_random_13,no_extra,bar_random,6,6,0
v3_new1_bar_random_13,repair,bar_random,6,6,0
v3_new1_bar_random_14,baseline,bar_random,6,6,0
v3_new1_bar_random_14,no_extra,bar_random,6,6,0
v3_new1_bar_random_14,repair,bar_random,6,6,0
v3_new1_bar_random_15,baseline,bar_random,6,6,0
v3_new1_bar_random_15,no_extra,bar_random,6,6,0
v3_new1_bar_random_15,repair,bar_random,6,6,0
v3_new1_bar_random_16,baseline,bar_random,6,6,0
v3_new1_bar_random_16,no_extra,bar_random,6,6,0
v3_new1_bar_random_16,repair,bar_random,6,6,0
v3_new1_bar_random_17,baseline,bar_random,6,6,0
v3_new1_bar_random_17,no_extra,bar_random,6,6,0
v3_new1_bar_random_17,repair,bar_random,6,6,0
v3_new1_bar_random_18,baseline,bar_random,6,6,0
v3_new1_bar_random_18,no_extra,bar_random,6,6,0
v3_new1_bar_random_18,repair,bar_random,6,6,0
v3_new1_bar_random_19,baseline,bar_random,6,6,0
v3_new1_bar_random_19,no_extra,bar_random,6,6,0
v3_new1_bar_random_19,repair,bar_random,6,6,0
v3_new1_capsule_random_00,baseline,capsule_random,6,6,0
v3_new1_capsule_random_00,no_extra,capsule_random,6,6,0
v3_new1_capsule_random_00,repair,capsule_random,6,6,0
v3_new1_capsule_random_01,baseline,capsule_random,6,6,0
v3_new1_capsule_random_01,no_extra,capsule_random,6,6,0
v3_new1_capsule_random_01,repair,capsule_random,6,6,0
v3_new1_capsule_random_02,baseline,capsule_random,6,6,0
v3_new1_capsule_random_02,no_extra,capsule_random,6,6,0
v3_new1_capsule_random_02,repair,capsule_random,6,6,0
v3_new1_capsule_random_03,baseline,capsule_random,6,6,0
v3_new1_capsule_random_03,no_extra,capsule_random,6,6,0
v3_new1_capsule_random_03,repair,capsule_random,6,6,0
v3_new1_capsule_random_04,baseline,capsule_random,6,6,0
v3_new1_capsule_random_04,no_extra,capsule_random,6,6,0
v3_new1_capsule_random_04,repair,capsule_random,6,6,0
v3_new1_capsule_random_05,baseline,capsule_random,6,6,0
v3_new1_capsule_random_05,no_extra,capsule_random,6,6,0
v3_new1_capsule_random_05,repair,capsule_random,6,6,0
v3_new1_capsule_random_06,baseline,capsule_random,6,6,0
v3_new1_capsule_random_06,no_extra,capsule_random,6,6,0
v3_new1_capsule_random_06,repair,capsule_random,6,6,0
v3_new1_capsule_random_07,baseline,capsule_random,6,6,0
v3_new1_capsule_random_07,no_extra,capsule_random,6,6,0
v3_new1_capsule_random_07,repair,capsule_random,6,6,0
v3_new1_capsule_random_08,baseline,capsule_random,6,6,0
v3_new1_capsule_random_08,no_extra,capsule_random,6,6,0
v3_new1_capsule_random_08,repair,capsule_random,6,6,0
v3_new1_capsule_random_09,baseline,capsule_random,6,6,0
v3_new1_capsule_random_09,no_extra,capsule_random,6,6,0
v3_new1_capsule_random_09,repair,capsule_random,6,6,0
v3_new1_capsule_random_10,baseline,capsule_random,6,6,0
v3_new1_capsule_random_10,no_extra,capsule_random,6,6,0
v3_new1_capsule_random_10,repair,capsule_random,6,6,0
v3_new1_capsule_random_11,baseline,capsule_random,6,6,0
v3_new1_capsule_random_11,no_extra,capsule_random,6,6,0
v3_new1_capsule_random_11,repair,capsule_random,6,6,0
v3_new1_capsule_random_12,baseline,capsule_random,6,6,0
v3_new1_capsule_random_12,no_extra,capsule_random,6,6,0
v3_new1_capsule_random_12,repair,capsule_random,6,6,0
v3_new1_capsule_random_13,baseline,capsule_random,6,6,0
v3_new1_capsule_random_13,no_extra,capsule_random,6,6,0
v3_new1_capsule_random_13,repair,capsule_random,6,6,0
v3_new1_capsule_random_14,baseline,capsule_random,6,6,0
v3_new1_capsule_random_14,no_extra,capsule_random,6,6,0
v3_new1_capsule_random_14,repair,capsule_random,6,6,0
v3_new1_capsule_random_15,baseline,capsule_random,6,6,0
v3_new1_capsule_random_15,no_extra,capsule_random,6,6,0
v3_new1_capsule_random_15,repair,capsule_random,6,6,0
v3_new1_capsule_random_16,baseline,capsule_random,6,6,0
v3_new1_capsule_random_16,no_extra,capsule_random,6,6,0
v3_new1_capsule_random_16,repair,capsule_random,6,6,0
v3_new1_capsule_random_17,baseline,capsule_random,6,6,0
v3_new1_capsule_random_17,no_extra,capsule_random,6,6,0
v3_new1_capsule_random_17,repair,capsule_random,6,6,0
v3_new1_capsule_random_18,baseline,capsule_random,6,6,0
v3_new1_capsule_random_18,no_extra,capsule_random,6,6,0
v3_new1_capsule_random_18,repair,capsule_random,6,6,0
v3_new1_capsule_random_19,baseline,capsule_random,6,6,0
v3_new1_capsule_random_19,no_extra,capsule_random,6,6,0
v3_new1_capsule_random_19,repair,capsule_random,6,6,0
v3_new1_cube_random_00,baseline,cube_random,6,6,0
v3_new1_cube_random_00,no_extra,cube_random,6,6,0
v3_new1_cube_random_00,repair,cube_random,6,6,0
v3_new1_cube_random_01,baseline,cube_random,6,6,0
v3_new1_cube_random_01,no_extra,cube_random,6,6,0
v3_new1_cube_random_01,repair,cube_random,6,6,0
v3_new1_cube_random_02,baseline,cube_random,6,6,0
v3_new1_cube_random_02,no_extra,cube_random,6,6,0
v3_new1_cube_random_02,repair,cube_random,6,6,0
v3_new1_cube_random_03,baseline,cube_random,6,6,0
v3_new1_cube_random_03,no_extra,cube_random,6,6,0
v3_new1_cube_random_03,repair,cube_random,6,6,0
v3_new1_cube_random_04,baseline,cube_random,6,6,0
v3_new1_cube_random_04,no_extra,cube_random,6,6,0
v3_new1_cube_random_04,repair,cube_random,6,6,0
v3_new1_cube_random_05,baseline,cube_random,6,6,0
v3_new1_cube_random_05,no_extra,cube_random,6,6,0
v3_new1_cube_random_05,repair,cube_random,6,6,0
v3_new1_cube_random_06,baseline,cube_random,6,6,0
v3_new1_cube_random_06,no_extra,cube_random,6,6,0
v3_new1_cube_random_06,repair,cube_random,6,6,0
v3_new1_cube_random_07,baseline,cube_random,6,6,0
v3_new1_cube_random_07,no_extra,cube_random,6,6,0
v3_new1_cube_random_07,repair,cube_random,6,6,0
v3_new1_cube_random_08,baseline,cube_random,6,6,0
v3_new1_cube_random_08,no_extra,cube_random,6,6,0
v3_new1_cube_random_08,repair,cube_random,6,6,0
v3_new1_cube_random_09,baseline,cube_random,6,6,0
v3_new1_cube_random_09,no_extra,cube_random,6,6,0
v3_new1_cube_random_09,repair,cube_random,6,6,0
v3_new1_cube_random_10,baseline,cube_random,6,6,0
v3_new1_cube_random_10,no_extra,cube_random,6,6,0
v3_new1_cube_random_10,repair,cube_random,6,6,0
v3_new1_cube_random_11,baseline,cube_random,6,6,0
v3_new1_cube_random_11,no_extra,cube_random,6,6,0
v3_new1_cube_random_11,repair,cube_random,6,6,0
v3_new1_cube_random_12,baseline,cube_random,6,6,0
v3_new1_cube_random_12,no_extra,cube_random,6,6,0
v3_new1_cube_random_12,repair,cube_random,6,6,0
v3_new1_cube_random_13,baseline,cube_random,6,6,0
v3_new1_cube_random_13,no_extra,cube_random,6,6,0
v3_new1_cube_random_13,repair,cube_random,6,6,0
v3_new1_cube_random_14,baseline,cube_random,6,6,0
v3_new1_cube_random_14,no_extra,cube_random,6,6,0
v3_new1_cube_random_14,repair,cube_random,6,6,0
v3_new1_cube_random_15,baseline,cube_random,6,6,0
v3_new1_cube_random_15,no_extra,cube_random,6,6,0
v3_new1_cube_random_15,repair,cube_random,6,6,0
v3_new1_cube_random_16,baseline,cube_random,6,6,0
v3_new1_cube_random_16,no_extra,cube_random,6,6,0
v3_new1_cube_random_16,repair,cube_random,6,6,0
v3_new1_cube_random_17,baseline,cube_random,6,6,0
v3_new1_cube_random_17,no_extra,cube_random,6,6,0
v3_new1_cube_random_17,repair,cube_random,6,6,0
v3_new1_cube_random_18,baseline,cube_random,6,6,0
v3_new1_cube_random_18,no_extra,cube_random,6,6,0
v3_new1_cube_random_18,repair,cube_random,6,6,0
v3_new1_cube_random_19,baseline,cube_random,6,6,0
v3_new1_cube_random_19,no_extra,cube_random,6,6,0
v3_new1_cube_random_19,repair,cube_random,6,6,0
v3_new1_cylinder_random_00,baseline,cylinder_random,6,6,0
v3_new1_cylinder_random_00,no_extra,cylinder_random,6,6,0
v3_new1_cylinder_random_00,repair,cylinder_random,6,6,0
v3_new1_cylinder_random_01,baseline,cylinder_random,6,6,0
v3_new1_cylinder_random_01,no_extra,cylinder_random,6,6,0
v3_new1_cylinder_random_01,repair,cylinder_random,6,6,0
v3_new1_cylinder_random_02,baseline,cylinder_random,6,6,0
v3_new1_cylinder_random_02,no_extra,cylinder_random,6,6,0
v3_new1_cylinder_random_02,repair,cylinder_random,6,6,0
v3_new1_cylinder_random_03,baseline,cylinder_random,6,6,0
v3_new1_cylinder_random_03,no_extra,cylinder_random,6,6,0
v3_new1_cylinder_random_03,repair,cylinder_random,6,6,0
v3_new1_cylinder_random_04,baseline,cylinder_random,6,6,0
v3_new1_cylinder_random_04,no_extra,cylinder_random,6,6,0
v3_new1_cylinder_random_04,repair,cylinder_random,6,6,0
v3_new1_cylinder_random_05,baseline,cylinder_random,6,6,0
v3_new1_cylinder_random_05,no_extra,cylinder_random,6,6,0
v3_new1_cylinder_random_05,repair,cylinder_random,6,6,0
v3_new1_cylinder_random_06,baseline,cylinder_random,6,6,0
v3_new1_cylinder_random_06,no_extra,cylinder_random,6,6,0
v3_new1_cylinder_random_06,repair,cylinder_random,6,6,0
v3_new1_cylinder_random_07,baseline,cylinder_random,6,6,0
v3_new1_cylinder_random_07,no_extra,cylinder_random,6,6,0
v3_new1_cylinder_random_07,repair,cylinder_random,6,6,0
v3_new1_cylinder_random_08,baseline,cylinder_random,6,6,0
v3_new1_cylinder_random_08,no_extra,cylinder_random,6,6,0
v3_new1_cylinder_random_08,repair,cylinder_random,6,6,0
v3_new1_cylinder_random_09,baseline,cylinder_random,6,6,0
v3_new1_cylinder_random_09,no_extra,cylinder_random,6,6,0
v3_new1_cylinder_random_09,repair,cylinder_random,6,6,0
v3_new1_cylinder_random_10,baseline,cylinder_random,6,6,0
v3_new1_cylinder_random_10,no_extra,cylinder_random,6,6,0
v3_new1_cylinder_random_10,repair,cylinder_random,6,6,0
v3_new1_cylinder_random_11,baseline,cylinder_random,6,6,0
v3_new1_cylinder_random_11,no_extra,cylinder_random,6,6,0
v3_new1_cylinder_random_11,repair,cylinder_random,6,6,0
v3_new1_cylinder_random_12,baseline,cylinder_random,6,6,0
v3_new1_cylinder_random_12,no_extra,cylinder_random,6,6,0
v3_new1_cylinder_random_12,repair,cylinder_random,6,6,0
v3_new1_cylinder_random_13,baseline,cylinder_random,6,6,0
v3_new1_cylinder_random_13,no_extra,cylinder_random,6,6,0
v3_new1_cylinder_random_13,repair,cylinder_random,6,6,0
v3_new1_cylinder_random_14,baseline,cylinder_random,6,6,0
v3_new1_cylinder_random_14,no_extra,cylinder_random,6,6,0
v3_new1_cylinder_random_14,repair,cylinder_random,6,6,0
v3_new1_cylinder_random_15,baseline,cylinder_random,6,6,0
v3_new1_cylinder_random_15,no_extra,cylinder_random,6,6,0
v3_new1_cylinder_random_15,repair,cylinder_random,6,6,0
v3_new1_cylinder_random_16,baseline,cylinder_random,6,6,0
v3_new1_cylinder_random_16,no_extra,cylinder_random,6,6,0
v3_new1_cylinder_random_16,repair,cylinder_random,6,6,0
v3_new1_cylinder_random_17,baseline,cylinder_random,6,6,0
v3_new1_cylinder_random_17,no_extra,cylinder_random,6,6,0
v3_new1_cylinder_random_17,repair,cylinder_random,6,6,0
v3_new1_cylinder_random_18,baseline,cylinder_random,6,6,0
v3_new1_cylinder_random_18,no_extra,cylinder_random,6,6,0
v3_new1_cylinder_random_18,repair,cylinder_random,6,6,0
v3_new1_cylinder_random_19,baseline,cylinder_random,6,6,0
v3_new1_cylinder_random_19,no_extra,cylinder_random,6,6,0
v3_new1_cylinder_random_19,repair,cylinder_random,6,6,0
v3_new1_flat_box_random_00,baseline,flat_box_random,6,6,0
v3_new1_flat_box_random_00,no_extra,flat_box_random,6,6,0
v3_new1_flat_box_random_00,repair,flat_box_random,6,6,0
v3_new1_flat_box_random_01,baseline,flat_box_random,6,6,0
v3_new1_flat_box_random_01,no_extra,flat_box_random,6,6,0
v3_new1_flat_box_random_01,repair,flat_box_random,6,6,0
v3_new1_flat_box_random_02,baseline,flat_box_random,6,6,0
v3_new1_flat_box_random_02,no_extra,flat_box_random,6,6,0
v3_new1_flat_box_random_02,repair,flat_box_random,6,6,0
v3_new1_flat_box_random_03,baseline,flat_box_random,6,6,0
v3_new1_flat_box_random_03,no_extra,flat_box_random,6,6,0
v3_new1_flat_box_random_03,repair,flat_box_random,6,6,0
v3_new1_flat_box_random_04,baseline,flat_box_random,6,6,0
v3_new1_flat_box_random_04,no_extra,flat_box_random,6,6,0
v3_new1_flat_box_random_04,repair,flat_box_random,6,6,0
v3_new1_flat_box_random_05,baseline,flat_box_random,6,6,0
v3_new1_flat_box_random_05,no_extra,flat_box_random,6,6,0
v3_new1_flat_box_random_05,repair,flat_box_random,6,6,0
v3_new1_flat_box_random_06,baseline,flat_box_random,6,6,0
v3_new1_flat_box_random_06,no_extra,flat_box_random,6,6,0
v3_new1_flat_box_random_06,repair,flat_box_random,6,6,0
v3_new1_flat_box_random_07,baseline,flat_box_random,6,6,0
v3_new1_flat_box_random_07,no_extra,flat_box_random,6,6,0
v3_new1_flat_box_random_07,repair,flat_box_random,6,6,0
v3_new1_flat_box_random_08,baseline,flat_box_random,6,6,0
v3_new1_flat_box_random_08,no_extra,flat_box_random,6,6,0
v3_new1_flat_box_random_08,repair,flat_box_random,6,6,0
v3_new1_flat_box_random_09,baseline,flat_box_random,6,6,0
v3_new1_flat_box_random_09,no_extra,flat_box_random,6,6,0
v3_new1_flat_box_random_09,repair,flat_box_random,6,6,0
v3_new1_flat_box_random_10,baseline,flat_box_random,6,6,0
v3_new1_flat_box_random_10,no_extra,flat_box_random,6,6,0
v3_new1_flat_box_random_10,repair,flat_box_random,6,6,0
v3_new1_flat_box_random_11,baseline,flat_box_random,6,6,0
v3_new1_flat_box_random_11,no_extra,flat_box_random,6,6,0
v3_new1_flat_box_random_11,repair,flat_box_random,6,6,0
v3_new1_flat_box_random_12,baseline,flat_box_random,6,6,0
v3_new1_flat_box_random_12,no_extra,flat_box_random,6,6,0
v3_new1_flat_box_random_12,repair,flat_box_random,6,6,0
v3_new1_flat_box_random_13,baseline,flat_box_random,6,6,0
v3_new1_flat_box_random_13,no_extra,flat_box_random,6,6,0
v3_new1_flat_box_random_13,repair,flat_box_random,6,6,0
v3_new1_flat_box_random_14,baseline,flat_box_random,6,6,0
v3_new1_flat_box_random_14,no_extra,flat_box_random,6,6,0
v3_new1_flat_box_random_14,repair,flat_box_random,6,6,0
v3_new1_flat_box_random_15,baseline,flat_box_random,6,6,0
v3_new1_flat_box_random_15,no_extra,flat_box_random,6,6,0
v3_new1_flat_box_random_15,repair,flat_box_random,6,6,0
v3_new1_flat_box_random_16,baseline,flat_box_random,6,6,0
v3_new1_flat_box_random_16,no_extra,flat_box_random,6,6,0
v3_new1_flat_box_random_16,repair,flat_box_random,6,6,0
v3_new1_flat_box_random_17,baseline,flat_box_random,6,6,0
v3_new1_flat_box_random_17,no_extra,flat_box_random,6,6,0
v3_new1_flat_box_random_17,repair,flat_box_random,6,6,0
v3_new1_flat_box_random_18,baseline,flat_box_random,6,6,0
v3_new1_flat_box_random_18,no_extra,flat_box_random,6,6,0
v3_new1_flat_box_random_18,repair,flat_box_random,6,6,0
v3_new1_flat_box_random_19,baseline,flat_box_random,6,6,0
v3_new1_flat_box_random_19,no_extra,flat_box_random,6,6,0
v3_new1_flat_box_random_19,repair,flat_box_random,6,6,0
v3_new1_sphere_random_00,baseline,sphere_random,6,6,0
v3_new1_sphere_random_00,no_extra,sphere_random,6,6,0
v3_new1_sphere_random_00,repair,sphere_random,6,6,0
v3_new1_sphere_random_01,baseline,sphere_random,6,6,0
v3_new1_sphere_random_01,no_extra,sphere_random,6,6,0
v3_new1_sphere_random_01,repair,sphere_random,6,6,0
v3_new1_sphere_random_02,baseline,sphere_random,6,6,0
v3_new1_sphere_random_02,no_extra,sphere_random,6,6,0
v3_new1_sphere_random_02,repair,sphere_random,6,6,0
v3_new1_sphere_random_03,baseline,sphere_random,6,6,0
v3_new1_sphere_random_03,no_extra,sphere_random,6,6,0
v3_new1_sphere_random_03,repair,sphere_random,6,6,0
v3_new1_sphere_random_04,baseline,sphere_random,6,6,0
v3_new1_sphere_random_04,no_extra,sphere_random,6,6,0
v3_new1_sphere_random_04,repair,sphere_random,6,6,0
v3_new1_sphere_random_05,baseline,sphere_random,6,6,0
v3_new1_sphere_random_05,no_extra,sphere_random,6,6,0
v3_new1_sphere_random_05,repair,sphere_random,6,6,0
v3_new1_sphere_random_06,baseline,sphere_random,6,6,0
v3_new1_sphere_random_06,no_extra,sphere_random,6,6,0
v3_new1_sphere_random_06,repair,sphere_random,6,6,0
v3_new1_sphere_random_07,baseline,sphere_random,6,6,0
v3_new1_sphere_random_07,no_extra,sphere_random,6,6,0
v3_new1_sphere_random_07,repair,sphere_random,6,6,0
v3_new1_sphere_random_08,baseline,sphere_random,6,6,0
v3_new1_sphere_random_08,no_extra,sphere_random,6,6,0
v3_new1_sphere_random_08,repair,sphere_random,6,6,0
v3_new1_sphere_random_09,baseline,sphere_random,6,6,0
v3_new1_sphere_random_09,no_extra,sphere_random,6,6,0
v3_new1_sphere_random_09,repair,sphere_random,6,6,0
v3_new1_sphere_random_10,baseline,sphere_random,6,6,0
v3_new1_sphere_random_10,no_extra,sphere_random,6,6,0
v3_new1_sphere_random_10,repair,sphere_random,6,6,0
v3_new1_sphere_random_11,baseline,sphere_random,6,6,0
v3_new1_sphere_random_11,no_extra,sphere_random,6,6,0
v3_new1_sphere_random_11,repair,sphere_random,6,6,0
v3_new1_sphere_random_12,baseline,sphere_random,6,6,0
v3_new1_sphere_random_12,no_extra,sphere_random,6,6,0
v3_new1_sphere_random_12,repair,sphere_random,6,6,0
v3_new1_sphere_random_13,baseline,sphere_random,6,6,0
v3_new1_sphere_random_13,no_extra,sphere_random,6,6,0
v3_new1_sphere_random_13,repair,sphere_random,6,6,0
v3_new1_sphere_random_14,baseline,sphere_random,6,6,0
v3_new1_sphere_random_14,no_extra,sphere_random,6,6,0
v3_new1_sphere_random_14,repair,sphere_random,6,6,0
v3_new1_sphere_random_15,baseline,sphere_random,6,6,0
v3_new1_sphere_random_15,no_extra,sphere_random,6,6,0
v3_new1_sphere_random_15,repair,sphere_random,6,6,0
v3_new1_sphere_random_16,baseline,sphere_random,6,6,0
v3_new1_sphere_random_16,no_extra,sphere_random,6,6,0
v3_new1_sphere_random_16,repair,sphere_random,6,6,0
v3_new1_sphere_random_17,baseline,sphere_random,6,6,0
v3_new1_sphere_random_17,no_extra,sphere_random,6,6,0
v3_new1_sphere_random_17,repair,sphere_random,6,6,0
v3_new1_sphere_random_18,baseline,sphere_random,6,6,0
v3_new1_sphere_random_18,no_extra,sphere_random,6,6,0
v3_new1_sphere_random_18,repair,sphere_random,6,6,0
v3_new1_sphere_random_19,baseline,sphere_random,6,6,0
v3_new1_sphere_random_19,no_extra,sphere_random,6,6,0
v3_new1_sphere_random_19,repair,sphere_random,6,6,0
v3_new2_bar_random_00,baseline,bar_random,6,6,0
v3_new2_bar_random_00,no_extra,bar_random,6,6,0
v3_new2_bar_random_00,repair,bar_random,6,6,0
v3_new2_bar_random_01,baseline,bar_random,6,6,0
v3_new2_bar_random_01,no_extra,bar_random,6,6,0
v3_new2_bar_random_01,repair,bar_random,6,6,0
v3_new2_bar_random_02,baseline,bar_random,6,6,0
v3_new2_bar_random_02,no_extra,bar_random,6,6,0
v3_new2_bar_random_02,repair,bar_random,6,6,0
v3_new2_bar_random_03,baseline,bar_random,6,6,0
v3_new2_bar_random_03,no_extra,bar_random,6,6,0
v3_new2_bar_random_03,repair,bar_random,6,6,0
v3_new2_bar_random_04,baseline,bar_random,6,6,0
v3_new2_bar_random_04,no_extra,bar_random,6,6,0
v3_new2_bar_random_04,repair,bar_random,6,6,0
v3_new2_bar_random_05,baseline,bar_random,6,6,0
v3_new2_bar_random_05,no_extra,bar_random,6,6,0
v3_new2_bar_random_05,repair,bar_random,6,6,0
v3_new2_bar_random_06,baseline,bar_random,6,6,0
v3_new2_bar_random_06,no_extra,bar_random,6,6,0
v3_new2_bar_random_06,repair,bar_random,6,6,0
v3_new2_bar_random_07,baseline,bar_random,6,6,0
v3_new2_bar_random_07,no_extra,bar_random,6,6,0
v3_new2_bar_random_07,repair,bar_random,6,6,0
v3_new2_bar_random_08,baseline,bar_random,6,6,0
v3_new2_bar_random_08,no_extra,bar_random,6,6,0
v3_new2_bar_random_08,repair,bar_random,6,6,0
v3_new2_bar_random_09,baseline,bar_random,6,6,0
v3_new2_bar_random_09,no_extra,bar_random,6,6,0
v3_new2_bar_random_09,repair,bar_random,6,6,0
v3_new2_bar_random_10,baseline,bar_random,6,6,0
v3_new2_bar_random_10,no_extra,bar_random,6,6,0
v3_new2_bar_random_10,repair,bar_random,6,6,0
v3_new2_bar_random_11,baseline,bar_random,6,6,0
v3_new2_bar_random_11,no_extra,bar_random,6,6,0
v3_new2_bar_random_11,repair,bar_random,6,6,0
v3_new2_bar_random_12,baseline,bar_random,6,6,0
v3_new2_bar_random_12,no_extra,bar_random,6,6,0
v3_new2_bar_random_12,repair,bar_random,6,6,0
v3_new2_bar_random_13,baseline,bar_random,6,6,0
v3_new2_bar_random_13,no_extra,bar_random,6,6,0
v3_new2_bar_random_13,repair,bar_random,6,6,0
v3_new2_bar_random_14,baseline,bar_random,6,6,0
v3_new2_bar_random_14,no_extra,bar_random,6,6,0
v3_new2_bar_random_14,repair,bar_random,6,6,0
v3_new2_bar_random_15,baseline,bar_random,6,6,0
v3_new2_bar_random_15,no_extra,bar_random,6,6,0
v3_new2_bar_random_15,repair,bar_random,6,6,0
v3_new2_bar_random_16,baseline,bar_random,6,6,0
v3_new2_bar_random_16,no_extra,bar_random,6,6,0
v3_new2_bar_random_16,repair,bar_random,6,6,0
v3_new2_bar_random_17,baseline,bar_random,6,6,0
v3_new2_bar_random_17,no_extra,bar_random,6,6,0
v3_new2_bar_random_17,repair,bar_random,6,6,0
v3_new2_bar_random_18,baseline,bar_random,6,6,0
v3_new2_bar_random_18,no_extra,bar_random,6,6,0
v3_new2_bar_random_18,repair,bar_random,6,6,0
v3_new2_bar_random_19,baseline,bar_random,6,6,0
v3_new2_bar_random_19,no_extra,bar_random,6,6,0
v3_new2_bar_random_19,repair,bar_random,6,6,0
v3_new2_capsule_random_00,baseline,capsule_random,6,6,0
v3_new2_capsule_random_00,no_extra,capsule_random,6,6,0
v3_new2_capsule_random_00,repair,capsule_random,6,6,0
v3_new2_capsule_random_01,baseline,capsule_random,6,6,0
v3_new2_capsule_random_01,no_extra,capsule_random,6,6,0
v3_new2_capsule_random_01,repair,capsule_random,6,6,0
v3_new2_capsule_random_02,baseline,capsule_random,6,6,0
v3_new2_capsule_random_02,no_extra,capsule_random,6,6,0
v3_new2_capsule_random_02,repair,capsule_random,6,6,0
v3_new2_capsule_random_03,baseline,capsule_random,6,6,0
v3_new2_capsule_random_03,no_extra,capsule_random,6,6,0
v3_new2_capsule_random_03,repair,capsule_random,6,6,0
v3_new2_capsule_random_04,baseline,capsule_random,6,6,0
v3_new2_capsule_random_04,no_extra,capsule_random,6,6,0
v3_new2_capsule_random_04,repair,capsule_random,6,6,0
v3_new2_capsule_random_05,baseline,capsule_random,6,6,0
v3_new2_capsule_random_05,no_extra,capsule_random,6,6,0
v3_new2_capsule_random_05,repair,capsule_random,6,6,0
v3_new2_capsule_random_06,baseline,capsule_random,6,6,0
v3_new2_capsule_random_06,no_extra,capsule_random,6,6,0
v3_new2_capsule_random_06,repair,capsule_random,6,6,0
v3_new2_capsule_random_07,baseline,capsule_random,6,6,0
v3_new2_capsule_random_07,no_extra,capsule_random,6,6,0
v3_new2_capsule_random_07,repair,capsule_random,6,6,0
v3_new2_capsule_random_08,baseline,capsule_random,6,6,0
v3_new2_capsule_random_08,no_extra,capsule_random,6,6,0
v3_new2_capsule_random_08,repair,capsule_random,6,6,0
v3_new2_capsule_random_09,baseline,capsule_random,6,6,0
v3_new2_capsule_random_09,no_extra,capsule_random,6,6,0
v3_new2_capsule_random_09,repair,capsule_random,6,6,0
v3_new2_capsule_random_10,baseline,capsule_random,6,6,0
v3_new2_capsule_random_10,no_extra,capsule_random,6,6,0
v3_new2_capsule_random_10,repair,capsule_random,6,6,0
v3_new2_capsule_random_11,baseline,capsule_random,6,6,0
v3_new2_capsule_random_11,no_extra,capsule_random,6,6,0
v3_new2_capsule_random_11,repair,capsule_random,6,6,0
v3_new2_capsule_random_12,baseline,capsule_random,6,6,0
v3_new2_capsule_random_12,no_extra,capsule_random,6,6,0
v3_new2_capsule_random_12,repair,capsule_random,6,6,0
v3_new2_capsule_random_13,baseline,capsule_random,6,6,0
v3_new2_capsule_random_13,no_extra,capsule_random,6,6,0
v3_new2_capsule_random_13,repair,capsule_random,6,6,0
v3_new2_capsule_random_14,baseline,capsule_random,6,6,0
v3_new2_capsule_random_14,no_extra,capsule_random,6,6,0
v3_new2_capsule_random_14,repair,capsule_random,6,6,0
v3_new2_capsule_random_15,baseline,capsule_random,6,6,0
v3_new2_capsule_random_15,no_extra,capsule_random,6,6,0
v3_new2_capsule_random_15,repair,capsule_random,6,6,0
v3_new2_capsule_random_16,baseline,capsule_random,6,6,0
v3_new2_capsule_random_16,no_extra,capsule_random,6,6,0
v3_new2_capsule_random_16,repair,capsule_random,6,6,0
v3_new2_capsule_random_17,baseline,capsule_random,6,6,0
v3_new2_capsule_random_17,no_extra,capsule_random,6,6,0
v3_new2_capsule_random_17,repair,capsule_random,6,6,0
v3_new2_capsule_random_18,baseline,capsule_random,6,6,0
v3_new2_capsule_random_18,no_extra,capsule_random,6,6,0
v3_new2_capsule_random_18,repair,capsule_random,6,6,0
v3_new2_capsule_random_19,baseline,capsule_random,6,6,0
v3_new2_capsule_random_19,no_extra,capsule_random,6,6,0
v3_new2_capsule_random_19,repair,capsule_random,6,6,0
v3_new2_cube_random_00,baseline,cube_random,6,6,0
v3_new2_cube_random_00,no_extra,cube_random,6,6,0
v3_new2_cube_random_00,repair,cube_random,6,6,0
v3_new2_cube_random_01,baseline,cube_random,6,6,0
v3_new2_cube_random_01,no_extra,cube_random,6,6,0
v3_new2_cube_random_01,repair,cube_random,6,6,0
v3_new2_cube_random_02,baseline,cube_random,6,6,0
v3_new2_cube_random_02,no_extra,cube_random,6,6,0
v3_new2_cube_random_02,repair,cube_random,6,6,0
v3_new2_cube_random_03,baseline,cube_random,6,6,0
v3_new2_cube_random_03,no_extra,cube_random,6,6,0
v3_new2_cube_random_03,repair,cube_random,6,6,0
v3_new2_cube_random_04,baseline,cube_random,6,6,0
v3_new2_cube_random_04,no_extra,cube_random,6,6,0
v3_new2_cube_random_04,repair,cube_random,6,6,0
v3_new2_cube_random_05,baseline,cube_random,6,6,0
v3_new2_cube_random_05,no_extra,cube_random,6,6,0
v3_new2_cube_random_05,repair,cube_random,6,6,0
v3_new2_cube_random_06,baseline,cube_random,6,6,0
v3_new2_cube_random_06,no_extra,cube_random,6,6,0
v3_new2_cube_random_06,repair,cube_random,6,6,0
v3_new2_cube_random_07,baseline,cube_random,6,6,0
v3_new2_cube_random_07,no_extra,cube_random,6,6,0
v3_new2_cube_random_07,repair,cube_random,6,6,0
v3_new2_cube_random_08,baseline,cube_random,6,6,0
v3_new2_cube_random_08,no_extra,cube_random,6,6,0
v3_new2_cube_random_08,repair,cube_random,6,6,0
v3_new2_cube_random_09,baseline,cube_random,6,6,0
v3_new2_cube_random_09,no_extra,cube_random,6,6,0
v3_new2_cube_random_09,repair,cube_random,6,6,0
v3_new2_cube_random_10,baseline,cube_random,6,6,0
v3_new2_cube_random_10,no_extra,cube_random,6,6,0
v3_new2_cube_random_10,repair,cube_random,6,6,0
v3_new2_cube_random_11,baseline,cube_random,6,6,0
v3_new2_cube_random_11,no_extra,cube_random,6,6,0
v3_new2_cube_random_11,repair,cube_random,6,6,0
v3_new2_cube_random_12,baseline,cube_random,6,6,0
v3_new2_cube_random_12,no_extra,cube_random,6,6,0
v3_new2_cube_random_12,repair,cube_random,6,6,0
v3_new2_cube_random_13,baseline,cube_random,6,6,0
v3_new2_cube_random_13,no_extra,cube_random,6,6,0
v3_new2_cube_random_13,repair,cube_random,6,6,0
v3_new2_cube_random_14,baseline,cube_random,6,6,0
v3_new2_cube_random_14,no_extra,cube_random,6,6,0
v3_new2_cube_random_14,repair,cube_random,6,6,0
v3_new2_cube_random_15,baseline,cube_random,6,6,0
v3_new2_cube_random_15,no_extra,cube_random,6,6,0
v3_new2_cube_random_15,repair,cube_random,6,6,0
v3_new2_cube_random_16,baseline,cube_random,6,6,0
v3_new2_cube_random_16,no_extra,cube_random,6,6,0
v3_new2_cube_random_16,repair,cube_random,6,6,0
v3_new2_cube_random_17,baseline,cube_random,6,6,0
v3_new2_cube_random_17,no_extra,cube_random,6,6,0
v3_new2_cube_random_17,repair,cube_random,6,6,0
v3_new2_cube_random_18,baseline,cube_random,6,6,0
v3_new2_cube_random_18,no_extra,cube_random,6,6,0
v3_new2_cube_random_18,repair,cube_random,6,6,0
v3_new2_cube_random_19,baseline,cube_random,6,6,0
v3_new2_cube_random_19,no_extra,cube_random,6,6,0
v3_new2_cube_random_19,repair,cube_random,6,6,0
v3_new2_cylinder_random_00,baseline,cylinder_random,6,6,0
v3_new2_cylinder_random_00,no_extra,cylinder_random,6,6,0
v3_new2_cylinder_random_00,repair,cylinder_random,6,6,0
v3_new2_cylinder_random_01,baseline,cylinder_random,6,6,0
v3_new2_cylinder_random_01,no_extra,cylinder_random,6,6,0
v3_new2_cylinder_random_01,repair,cylinder_random,6,6,0
v3_new2_cylinder_random_02,baseline,cylinder_random,6,6,0
v3_new2_cylinder_random_02,no_extra,cylinder_random,6,6,0
v3_new2_cylinder_random_02,repair,cylinder_random,6,6,0
v3_new2_cylinder_random_03,baseline,cylinder_random,6,6,0
v3_new2_cylinder_random_03,no_extra,cylinder_random,6,6,0
v3_new2_cylinder_random_03,repair,cylinder_random,6,6,0
v3_new2_cylinder_random_04,baseline,cylinder_random,6,6,0
v3_new2_cylinder_random_04,no_extra,cylinder_random,6,6,0
v3_new2_cylinder_random_04,repair,cylinder_random,6,6,0
v3_new2_cylinder_random_05,baseline,cylinder_random,6,6,0
v3_new2_cylinder_random_05,no_extra,cylinder_random,6,6,0
v3_new2_cylinder_random_05,repair,cylinder_random,6,6,0
v3_new2_cylinder_random_06,baseline,cylinder_random,6,6,0
v3_new2_cylinder_random_06,no_extra,cylinder_random,6,6,0
v3_new2_cylinder_random_06,repair,cylinder_random,6,6,0
v3_new2_cylinder_random_07,baseline,cylinder_random,6,6,0
v3_new2_cylinder_random_07,no_extra,cylinder_random,6,6,0
v3_new2_cylinder_random_07,repair,cylinder_random,6,6,0
v3_new2_cylinder_random_08,baseline,cylinder_random,6,6,0
v3_new2_cylinder_random_08,no_extra,cylinder_random,6,6,0
v3_new2_cylinder_random_08,repair,cylinder_random,6,6,0
v3_new2_cylinder_random_09,baseline,cylinder_random,6,6,0
v3_new2_cylinder_random_09,no_extra,cylinder_random,6,6,0
v3_new2_cylinder_random_09,repair,cylinder_random,6,6,0
v3_new2_cylinder_random_10,baseline,cylinder_random,6,6,0
v3_new2_cylinder_random_10,no_extra,cylinder_random,6,6,0
v3_new2_cylinder_random_10,repair,cylinder_random,6,6,0
v3_new2_cylinder_random_11,baseline,cylinder_random,6,6,0
v3_new2_cylinder_random_11,no_extra,cylinder_random,6,6,0
v3_new2_cylinder_random_11,repair,cylinder_random,6,6,0
v3_new2_cylinder_random_12,baseline,cylinder_random,6,6,0
v3_new2_cylinder_random_12,no_extra,cylinder_random,6,6,0
v3_new2_cylinder_random_12,repair,cylinder_random,6,6,0
v3_new2_cylinder_random_13,baseline,cylinder_random,6,6,0
v3_new2_cylinder_random_13,no_extra,cylinder_random,6,6,0
v3_new2_cylinder_random_13,repair,cylinder_random,6,6,0
v3_new2_cylinder_random_14,baseline,cylinder_random,6,6,0
v3_new2_cylinder_random_14,no_extra,cylinder_random,6,6,0
v3_new2_cylinder_random_14,repair,cylinder_random,6,6,0
v3_new2_cylinder_random_15,baseline,cylinder_random,6,6,0
v3_new2_cylinder_random_15,no_extra,cylinder_random,6,6,0
v3_new2_cylinder_random_15,repair,cylinder_random,6,6,0
v3_new2_cylinder_random_16,baseline,cylinder_random,6,6,0
v3_new2_cylinder_random_16,no_extra,cylinder_random,6,6,0
v3_new2_cylinder_random_16,repair,cylinder_random,6,6,0
v3_new2_cylinder_random_17,baseline,cylinder_random,6,6,0
v3_new2_cylinder_random_17,no_extra,cylinder_random,6,6,0
v3_new2_cylinder_random_17,repair,cylinder_random,6,6,0
v3_new2_cylinder_random_18,baseline,cylinder_random,6,6,0
v3_new2_cylinder_random_18,no_extra,cylinder_random,6,6,0
v3_new2_cylinder_random_18,repair,cylinder_random,6,6,0
v3_new2_cylinder_random_19,baseline,cylinder_random,6,6,0
v3_new2_cylinder_random_19,no_extra,cylinder_random,6,6,0
v3_new2_cylinder_random_19,repair,cylinder_random,6,6,0
v3_new2_flat_box_random_00,baseline,flat_box_random,6,6,0
v3_new2_flat_box_random_00,no_extra,flat_box_random,6,6,0
v3_new2_flat_box_random_00,repair,flat_box_random,6,6,0
v3_new2_flat_box_random_01,baseline,flat_box_random,6,6,0
v3_new2_flat_box_random_01,no_extra,flat_box_random,6,6,0
v3_new2_flat_box_random_01,repair,flat_box_random,6,6,0
v3_new2_flat_box_random_02,baseline,flat_box_random,6,6,0
v3_new2_flat_box_random_02,no_extra,flat_box_random,6,6,0
v3_new2_flat_box_random_02,repair,flat_box_random,6,6,0
v3_new2_flat_box_random_03,baseline,flat_box_random,6,6,0
v3_new2_flat_box_random_03,no_extra,flat_box_random,6,6,0
v3_new2_flat_box_random_03,repair,flat_box_random,6,6,0
v3_new2_flat_box_random_04,baseline,flat_box_random,6,6,0
v3_new2_flat_box_random_04,no_extra,flat_box_random,6,6,0
v3_new2_flat_box_random_04,repair,flat_box_random,6,6,0
v3_new2_flat_box_random_05,baseline,flat_box_random,6,6,0
v3_new2_flat_box_random_05,no_extra,flat_box_random,6,6,0
v3_new2_flat_box_random_05,repair,flat_box_random,6,6,0
v3_new2_flat_box_random_06,baseline,flat_box_random,6,6,0
v3_new2_flat_box_random_06,no_extra,flat_box_random,6,6,0
v3_new2_flat_box_random_06,repair,flat_box_random,6,6,0
v3_new2_flat_box_random_07,baseline,flat_box_random,6,6,0
v3_new2_flat_box_random_07,no_extra,flat_box_random,6,6,0
v3_new2_flat_box_random_07,repair,flat_box_random,6,6,0
v3_new2_flat_box_random_08,baseline,flat_box_random,6,6,0
v3_new2_flat_box_random_08,no_extra,flat_box_random,6,6,0
v3_new2_flat_box_random_08,repair,flat_box_random,6,6,0
v3_new2_flat_box_random_09,baseline,flat_box_random,6,6,0
v3_new2_flat_box_random_09,no_extra,flat_box_random,6,6,0
v3_new2_flat_box_random_09,repair,flat_box_random,6,6,0
v3_new2_flat_box_random_10,baseline,flat_box_random,6,6,0
v3_new2_flat_box_random_10,no_extra,flat_box_random,6,6,0
v3_new2_flat_box_random_10,repair,flat_box_random,6,6,0
v3_new2_flat_box_random_11,baseline,flat_box_random,6,6,0
v3_new2_flat_box_random_11,no_extra,flat_box_random,6,6,0
v3_new2_flat_box_random_11,repair,flat_box_random,6,6,0
v3_new2_flat_box_random_12,baseline,flat_box_random,6,6,0
v3_new2_flat_box_random_12,no_extra,flat_box_random,6,6,0
v3_new2_flat_box_random_12,repair,flat_box_random,6,6,0
v3_new2_flat_box_random_13,baseline,flat_box_random,6,6,0
v3_new2_flat_box_random_13,no_extra,flat_box_random,6,6,0
v3_new2_flat_box_random_13,repair,flat_box_random,6,6,0
v3_new2_flat_box_random_14,baseline,flat_box_random,6,6,0
v3_new2_flat_box_random_14,no_extra,flat_box_random,6,6,0
v3_new2_flat_box_random_14,repair,flat_box_random,6,6,0
v3_new2_flat_box_random_15,baseline,flat_box_random,6,6,0
v3_new2_flat_box_random_15,no_extra,flat_box_random,6,6,0
v3_new2_flat_box_random_15,repair,flat_box_random,6,6,0
v3_new2_flat_box_random_16,baseline,flat_box_random,6,6,0
v3_new2_flat_box_random_16,no_extra,flat_box_random,6,6,0
v3_new2_flat_box_random_16,repair,flat_box_random,6,6,0
v3_new2_flat_box_random_17,baseline,flat_box_random,6,6,0
v3_new2_flat_box_random_17,no_extra,flat_box_random,6,6,0
v3_new2_flat_box_random_17,repair,flat_box_random,6,6,0
v3_new2_flat_box_random_18,baseline,flat_box_random,6,6,0
v3_new2_flat_box_random_18,no_extra,flat_box_random,6,6,0
v3_new2_flat_box_random_18,repair,flat_box_random,6,6,0
v3_new2_flat_box_random_19,baseline,flat_box_random,6,6,0
v3_new2_flat_box_random_19,no_extra,flat_box_random,6,6,0
v3_new2_flat_box_random_19,repair,flat_box_random,6,6,0
v3_new2_sphere_random_00,baseline,sphere_random,6,6,0
v3_new2_sphere_random_00,no_extra,sphere_random,6,6,0
v3_new2_sphere_random_00,repair,sphere_random,6,6,0
v3_new2_sphere_random_01,baseline,sphere_random,6,6,0
v3_new2_sphere_random_01,no_extra,sphere_random,6,6,0
v3_new2_sphere_random_01,repair,sphere_random,6,6,0
v3_new2_sphere_random_02,baseline,sphere_random,6,6,0
v3_new2_sphere_random_02,no_extra,sphere_random,6,6,0
v3_new2_sphere_random_02,repair,sphere_random,6,6,0
v3_new2_sphere_random_03,baseline,sphere_random,6,6,0
v3_new2_sphere_random_03,no_extra,sphere_random,6,6,0
v3_new2_sphere_random_03,repair,sphere_random,6,6,0
v3_new2_sphere_random_04,baseline,sphere_random,6,6,0
v3_new2_sphere_random_04,no_extra,sphere_random,6,6,0
v3_new2_sphere_random_04,repair,sphere_random,6,6,0
v3_new2_sphere_random_05,baseline,sphere_random,6,6,0
v3_new2_sphere_random_05,no_extra,sphere_random,6,6,0
v3_new2_sphere_random_05,repair,sphere_random,6,6,0
v3_new2_sphere_random_06,baseline,sphere_random,6,6,0
v3_new2_sphere_random_06,no_extra,sphere_random,6,6,0
v3_new2_sphere_random_06,repair,sphere_random,6,6,0
v3_new2_sphere_random_07,baseline,sphere_random,6,6,0
v3_new2_sphere_random_07,no_extra,sphere_random,6,6,0
v3_new2_sphere_random_07,repair,sphere_random,6,6,0
v3_new2_sphere_random_08,baseline,sphere_random,6,6,0
v3_new2_sphere_random_08,no_extra,sphere_random,6,6,0
v3_new2_sphere_random_08,repair,sphere_random,6,6,0
v3_new2_sphere_random_09,baseline,sphere_random,6,6,0
v3_new2_sphere_random_09,no_extra,sphere_random,6,6,0
v3_new2_sphere_random_09,repair,sphere_random,6,6,0
v3_new2_sphere_random_10,baseline,sphere_random,6,6,0
v3_new2_sphere_random_10,no_extra,sphere_random,6,6,0
v3_new2_sphere_random_10,repair,sphere_random,6,6,0
v3_new2_sphere_random_11,baseline,sphere_random,6,6,0
v3_new2_sphere_random_11,no_extra,sphere_random,6,6,0
v3_new2_sphere_random_11,repair,sphere_random,6,6,0
v3_new2_sphere_random_12,baseline,sphere_random,6,6,0
v3_new2_sphere_random_12,no_extra,sphere_random,6,6,0
v3_new2_sphere_random_12,repair,sphere_random,6,6,0
v3_new2_sphere_random_13,baseline,sphere_random,6,6,0
v3_new2_sphere_random_13,no_extra,sphere_random,6,6,0
v3_new2_sphere_random_13,repair,sphere_random,6,6,0
v3_new2_sphere_random_14,baseline,sphere_random,6,6,0
v3_new2_sphere_random_14,no_extra,sphere_random,6,6,0
v3_new2_sphere_random_14,repair,sphere_random,6,6,0
v3_new2_sphere_random_15,baseline,sphere_random,6,6,0
v3_new2_sphere_random_15,no_extra,sphere_random,6,6,0
v3_new2_sphere_random_15,repair,sphere_random,6,6,0
v3_new2_sphere_random_16,baseline,sphere_random,6,6,0
v3_new2_sphere_random_16,no_extra,sphere_random,6,6,0
v3_new2_sphere_random_16,repair,sphere_random,6,6,0
v3_new2_sphere_random_17,baseline,sphere_random,6,6,0
v3_new2_sphere_random_17,no_extra,sphere_random,6,6,0
v3_new2_sphere_random_17,repair,sphere_random,6,6,0
v3_new2_sphere_random_18,baseline,sphere_random,6,6,0
v3_new2_sphere_random_18,no_extra,sphere_random,6,6,0
v3_new2_sphere_random_18,repair,sphere_random,6,6,0
v3_new2_sphere_random_19,baseline,sphere_random,6,6,0
v3_new2_sphere_random_19,no_extra,sphere_random,6,6,0
v3_new2_sphere_random_19,repair,sphere_random,6,6,0
v3_new3_bar_random_00,baseline,bar_random,6,6,0
v3_new3_bar_random_00,no_extra,bar_random,6,6,0
v3_new3_bar_random_00,repair,bar_random,6,6,0
v3_new3_bar_random_01,baseline,bar_random,6,6,0
v3_new3_bar_random_01,no_extra,bar_random,6,6,0
v3_new3_bar_random_01,repair,bar_random,6,6,0
v3_new3_bar_random_02,baseline,bar_random,6,6,0
v3_new3_bar_random_02,no_extra,bar_random,6,6,0
v3_new3_bar_random_02,repair,bar_random,6,6,0
v3_new3_bar_random_03,baseline,bar_random,6,6,0
v3_new3_bar_random_03,no_extra,bar_random,6,6,0
v3_new3_bar_random_03,repair,bar_random,6,6,0
v3_new3_bar_random_04,baseline,bar_random,6,6,0
v3_new3_bar_random_04,no_extra,bar_random,6,6,0
v3_new3_bar_random_04,repair,bar_random,6,6,0
v3_new3_bar_random_05,baseline,bar_random,6,6,0
v3_new3_bar_random_05,no_extra,bar_random,6,6,0
v3_new3_bar_random_05,repair,bar_random,6,6,0
v3_new3_bar_random_06,baseline,bar_random,6,6,0
v3_new3_bar_random_06,no_extra,bar_random,6,6,0
v3_new3_bar_random_06,repair,bar_random,6,6,0
v3_new3_bar_random_07,baseline,bar_random,6,6,0
v3_new3_bar_random_07,no_extra,bar_random,6,6,0
v3_new3_bar_random_07,repair,bar_random,6,6,0
v3_new3_bar_random_08,baseline,bar_random,6,6,0
v3_new3_bar_random_08,no_extra,bar_random,6,6,0
v3_new3_bar_random_08,repair,bar_random,6,6,0
v3_new3_bar_random_09,baseline,bar_random,6,6,0
v3_new3_bar_random_09,no_extra,bar_random,6,6,0
v3_new3_bar_random_09,repair,bar_random,6,6,0
v3_new3_bar_random_10,baseline,bar_random,6,6,0
v3_new3_bar_random_10,no_extra,bar_random,6,6,0
v3_new3_bar_random_10,repair,bar_random,6,6,0
v3_new3_bar_random_11,baseline,bar_random,6,6,0
v3_new3_bar_random_11,no_extra,bar_random,6,6,0
v3_new3_bar_random_11,repair,bar_random,6,6,0
v3_new3_bar_random_12,baseline,bar_random,6,6,0
v3_new3_bar_random_12,no_extra,bar_random,6,6,0
v3_new3_bar_random_12,repair,bar_random,6,6,0
v3_new3_bar_random_13,baseline,bar_random,6,6,0
v3_new3_bar_random_13,no_extra,bar_random,6,6,0
v3_new3_bar_random_13,repair,bar_random,6,6,0
v3_new3_bar_random_14,baseline,bar_random,6,6,0
v3_new3_bar_random_14,no_extra,bar_random,6,6,0
v3_new3_bar_random_14,repair,bar_random,6,6,0
v3_new3_bar_random_15,baseline,bar_random,6,6,0
v3_new3_bar_random_15,no_extra,bar_random,6,6,0
v3_new3_bar_random_15,repair,bar_random,6,6,0
v3_new3_bar_random_16,baseline,bar_random,6,6,0
v3_new3_bar_random_16,no_extra,bar_random,6,6,0
v3_new3_bar_random_16,repair,bar_random,6,6,0
v3_new3_bar_random_17,baseline,bar_random,6,6,0
v3_new3_bar_random_17,no_extra,bar_random,6,6,0
v3_new3_bar_random_17,repair,bar_random,6,6,0
v3_new3_bar_random_18,baseline,bar_random,6,6,0
v3_new3_bar_random_18,no_extra,bar_random,6,6,0
v3_new3_bar_random_18,repair,bar_random,6,6,0
v3_new3_bar_random_19,baseline,bar_random,6,6,0
v3_new3_bar_random_19,no_extra,bar_random,6,6,0
v3_new3_bar_random_19,repair,bar_random,6,6,0
v3_new3_capsule_random_00,baseline,capsule_random,6,6,0
v3_new3_capsule_random_00,no_extra,capsule_random,6,6,0
v3_new3_capsule_random_00,repair,capsule_random,6,6,0
v3_new3_capsule_random_01,baseline,capsule_random,6,6,0
v3_new3_capsule_random_01,no_extra,capsule_random,6,6,0
v3_new3_capsule_random_01,repair,capsule_random,6,6,0
v3_new3_capsule_random_02,baseline,capsule_random,6,6,0
v3_new3_capsule_random_02,no_extra,capsule_random,6,6,0
v3_new3_capsule_random_02,repair,capsule_random,6,6,0
v3_new3_capsule_random_03,baseline,capsule_random,6,6,0
v3_new3_capsule_random_03,no_extra,capsule_random,6,6,0
v3_new3_capsule_random_03,repair,capsule_random,6,6,0
v3_new3_capsule_random_04,baseline,capsule_random,6,6,0
v3_new3_capsule_random_04,no_extra,capsule_random,6,6,0
v3_new3_capsule_random_04,repair,capsule_random,6,6,0
v3_new3_capsule_random_05,baseline,capsule_random,6,6,0
v3_new3_capsule_random_05,no_extra,capsule_random,6,6,0
v3_new3_capsule_random_05,repair,capsule_random,6,6,0
v3_new3_capsule_random_06,baseline,capsule_random,6,6,0
v3_new3_capsule_random_06,no_extra,capsule_random,6,6,0
v3_new3_capsule_random_06,repair,capsule_random,6,6,0
v3_new3_capsule_random_07,baseline,capsule_random,6,6,0
v3_new3_capsule_random_07,no_extra,capsule_random,6,6,0
v3_new3_capsule_random_07,repair,capsule_random,6,6,0
v3_new3_capsule_random_08,baseline,capsule_random,6,6,0
v3_new3_capsule_random_08,no_extra,capsule_random,6,6,0
v3_new3_capsule_random_08,repair,capsule_random,6,6,0
v3_new3_capsule_random_09,baseline,capsule_random,6,6,0
v3_new3_capsule_random_09,no_extra,capsule_random,6,6,0
v3_new3_capsule_random_09,repair,capsule_random,6,6,0
v3_new3_capsule_random_10,baseline,capsule_random,6,6,0
v3_new3_capsule_random_10,no_extra,capsule_random,6,6,0
v3_new3_capsule_random_10,repair,capsule_random,6,6,0
v3_new3_capsule_random_11,baseline,capsule_random,6,6,0
v3_new3_capsule_random_11,no_extra,capsule_random,6,6,0
v3_new3_capsule_random_11,repair,capsule_random,6,6,0
v3_new3_capsule_random_12,baseline,capsule_random,6,6,0
v3_new3_capsule_random_12,no_extra,capsule_random,6,6,0
v3_new3_capsule_random_12,repair,capsule_random,6,6,0
v3_new3_capsule_random_13,baseline,capsule_random,6,6,0
v3_new3_capsule_random_13,no_extra,capsule_random,6,6,0
v3_new3_capsule_random_13,repair,capsule_random,6,6,0
v3_new3_capsule_random_14,baseline,capsule_random,6,6,0
v3_new3_capsule_random_14,no_extra,capsule_random,6,6,0
v3_new3_capsule_random_14,repair,capsule_random,6,6,0
v3_new3_capsule_random_15,baseline,capsule_random,6,6,0
v3_new3_capsule_random_15,no_extra,capsule_random,6,6,0
v3_new3_capsule_random_15,repair,capsule_random,6,6,0
v3_new3_capsule_random_16,baseline,capsule_random,6,6,0
v3_new3_capsule_random_16,no_extra,capsule_random,6,6,0
v3_new3_capsule_random_16,repair,capsule_random,6,6,0
v3_new3_capsule_random_17,baseline,capsule_random,6,6,0
v3_new3_capsule_random_17,no_extra,capsule_random,6,6,0
v3_new3_capsule_random_17,repair,capsule_random,6,6,0
v3_new3_capsule_random_18,baseline,capsule_random,6,6,0
v3_new3_capsule_random_18,no_extra,capsule_random,6,6,0
v3_new3_capsule_random_18,repair,capsule_random,6,6,0
v3_new3_capsule_random_19,baseline,capsule_random,6,6,0
v3_new3_capsule_random_19,no_extra,capsule_random,6,6,0
v3_new3_capsule_random_19,repair,capsule_random,6,6,0
v3_new3_cube_random_00,baseline,cube_random,6,6,0
v3_new3_cube_random_00,no_extra,cube_random,6,6,0
v3_new3_cube_random_00,repair,cube_random,6,6,0
v3_new3_cube_random_01,baseline,cube_random,6,6,0
v3_new3_cube_random_01,no_extra,cube_random,6,6,0
v3_new3_cube_random_01,repair,cube_random,6,6,0
v3_new3_cube_random_02,baseline,cube_random,6,6,0
v3_new3_cube_random_02,no_extra,cube_random,6,6,0
v3_new3_cube_random_02,repair,cube_random,6,6,0
v3_new3_cube_random_03,baseline,cube_random,6,6,0
v3_new3_cube_random_03,no_extra,cube_random,6,6,0
v3_new3_cube_random_03,repair,cube_random,6,6,0
v3_new3_cube_random_04,baseline,cube_random,6,6,0
v3_new3_cube_random_04,no_extra,cube_random,6,6,0
v3_new3_cube_random_04,repair,cube_random,6,6,0
v3_new3_cube_random_05,baseline,cube_random,6,6,0
v3_new3_cube_random_05,no_extra,cube_random,6,6,0
v3_new3_cube_random_05,repair,cube_random,6,6,0
v3_new3_cube_random_06,baseline,cube_random,6,6,0
v3_new3_cube_random_06,no_extra,cube_random,6,6,0
v3_new3_cube_random_06,repair,cube_random,6,6,0
v3_new3_cube_random_07,baseline,cube_random,6,6,0
v3_new3_cube_random_07,no_extra,cube_random,6,6,0
v3_new3_cube_random_07,repair,cube_random,6,6,0
v3_new3_cube_random_08,baseline,cube_random,6,6,0
v3_new3_cube_random_08,no_extra,cube_random,6,6,0
v3_new3_cube_random_08,repair,cube_random,6,6,0
v3_new3_cube_random_09,baseline,cube_random,6,6,0
v3_new3_cube_random_09,no_extra,cube_random,6,6,0
v3_new3_cube_random_09,repair,cube_random,6,6,0
v3_new3_cube_random_10,baseline,cube_random,6,6,0
v3_new3_cube_random_10,no_extra,cube_random,6,6,0
v3_new3_cube_random_10,repair,cube_random,6,6,0
v3_new3_cube_random_11,baseline,cube_random,6,6,0
v3_new3_cube_random_11,no_extra,cube_random,6,6,0
v3_new3_cube_random_11,repair,cube_random,6,6,0
v3_new3_cube_random_12,baseline,cube_random,6,6,0
v3_new3_cube_random_12,no_extra,cube_random,6,6,0
v3_new3_cube_random_12,repair,cube_random,6,6,0
v3_new3_cube_random_13,baseline,cube_random,6,6,0
v3_new3_cube_random_13,no_extra,cube_random,6,6,0
v3_new3_cube_random_13,repair,cube_random,6,6,0
v3_new3_cube_random_14,baseline,cube_random,6,6,0
v3_new3_cube_random_14,no_extra,cube_random,6,6,0
v3_new3_cube_random_14,repair,cube_random,6,6,0
v3_new3_cube_random_15,baseline,cube_random,6,6,0
v3_new3_cube_random_15,no_extra,cube_random,6,6,0
v3_new3_cube_random_15,repair,cube_random,6,6,0
v3_new3_cube_random_16,baseline,cube_random,6,6,0
v3_new3_cube_random_16,no_extra,cube_random,6,6,0
v3_new3_cube_random_16,repair,cube_random,6,6,0
v3_new3_cube_random_17,baseline,cube_random,6,6,0
v3_new3_cube_random_17,no_extra,cube_random,6,6,0
v3_new3_cube_random_17,repair,cube_random,6,6,0
v3_new3_cube_random_18,baseline,cube_random,6,6,0
v3_new3_cube_random_18,no_extra,cube_random,6,6,0
v3_new3_cube_random_18,repair,cube_random,6,6,0
v3_new3_cube_random_19,baseline,cube_random,6,6,0
v3_new3_cube_random_19,no_extra,cube_random,6,6,0
v3_new3_cube_random_19,repair,cube_random,6,6,0
v3_new3_cylinder_random_00,baseline,cylinder_random,6,6,0
v3_new3_cylinder_random_00,no_extra,cylinder_random,6,6,0
v3_new3_cylinder_random_00,repair,cylinder_random,6,6,0
v3_new3_cylinder_random_01,baseline,cylinder_random,6,6,0
v3_new3_cylinder_random_01,no_extra,cylinder_random,6,6,0
v3_new3_cylinder_random_01,repair,cylinder_random,6,6,0
v3_new3_cylinder_random_02,baseline,cylinder_random,6,6,0
v3_new3_cylinder_random_02,no_extra,cylinder_random,6,6,0
v3_new3_cylinder_random_02,repair,cylinder_random,6,6,0
v3_new3_cylinder_random_03,baseline,cylinder_random,6,6,0
v3_new3_cylinder_random_03,no_extra,cylinder_random,6,6,0
v3_new3_cylinder_random_03,repair,cylinder_random,6,6,0
v3_new3_cylinder_random_04,baseline,cylinder_random,6,6,0
v3_new3_cylinder_random_04,no_extra,cylinder_random,6,6,0
v3_new3_cylinder_random_04,repair,cylinder_random,6,6,0
v3_new3_cylinder_random_05,baseline,cylinder_random,6,6,0
v3_new3_cylinder_random_05,no_extra,cylinder_random,6,6,0
v3_new3_cylinder_random_05,repair,cylinder_random,6,6,0
v3_new3_cylinder_random_06,baseline,cylinder_random,6,6,0
v3_new3_cylinder_random_06,no_extra,cylinder_random,6,6,0
v3_new3_cylinder_random_06,repair,cylinder_random,6,6,0
v3_new3_cylinder_random_07,baseline,cylinder_random,6,6,0
v3_new3_cylinder_random_07,no_extra,cylinder_random,6,6,0
v3_new3_cylinder_random_07,repair,cylinder_random,6,6,0
v3_new3_cylinder_random_08,baseline,cylinder_random,6,6,0
v3_new3_cylinder_random_08,no_extra,cylinder_random,6,6,0
v3_new3_cylinder_random_08,repair,cylinder_random,6,6,0
v3_new3_cylinder_random_09,baseline,cylinder_random,6,6,0
v3_new3_cylinder_random_09,no_extra,cylinder_random,6,6,0
v3_new3_cylinder_random_09,repair,cylinder_random,6,6,0
v3_new3_cylinder_random_10,baseline,cylinder_random,6,6,0
v3_new3_cylinder_random_10,no_extra,cylinder_random,6,6,0
v3_new3_cylinder_random_10,repair,cylinder_random,6,6,0
v3_new3_cylinder_random_11,baseline,cylinder_random,6,6,0
v3_new3_cylinder_random_11,no_extra,cylinder_random,6,6,0
v3_new3_cylinder_random_11,repair,cylinder_random,6,6,0
v3_new3_cylinder_random_12,baseline,cylinder_random,6,6,0
v3_new3_cylinder_random_12,no_extra,cylinder_random,6,6,0
v3_new3_cylinder_random_12,repair,cylinder_random,6,6,0
v3_new3_cylinder_random_13,baseline,cylinder_random,6,6,0
v3_new3_cylinder_random_13,no_extra,cylinder_random,6,6,0
v3_new3_cylinder_random_13,repair,cylinder_random,6,6,0
v3_new3_cylinder_random_14,baseline,cylinder_random,6,6,0
v3_new3_cylinder_random_14,no_extra,cylinder_random,6,6,0
v3_new3_cylinder_random_14,repair,cylinder_random,6,6,0
v3_new3_cylinder_random_15,baseline,cylinder_random,6,6,0
v3_new3_cylinder_random_15,no_extra,cylinder_random,6,6,0
v3_new3_cylinder_random_15,repair,cylinder_random,6,6,0
v3_new3_cylinder_random_16,baseline,cylinder_random,6,6,0
v3_new3_cylinder_random_16,no_extra,cylinder_random,6,6,0
v3_new3_cylinder_random_16,repair,cylinder_random,6,6,0
v3_new3_cylinder_random_17,baseline,cylinder_random,6,6,0
v3_new3_cylinder_random_17,no_extra,cylinder_random,6,6,0
v3_new3_cylinder_random_17,repair,cylinder_random,6,6,0
v3_new3_cylinder_random_18,baseline,cylinder_random,6,6,0
v3_new3_cylinder_random_18,no_extra,cylinder_random,6,6,0
v3_new3_cylinder_random_18,repair,cylinder_random,6,6,0
v3_new3_cylinder_random_19,baseline,cylinder_random,6,6,0
v3_new3_cylinder_random_19,no_extra,cylinder_random,6,6,0
v3_new3_cylinder_random_19,repair,cylinder_random,6,6,0
v3_new3_flat_box_random_00,baseline,flat_box_random,6,6,0
v3_new3_flat_box_random_00,no_extra,flat_box_random,6,6,0
v3_new3_flat_box_random_00,repair,flat_box_random,6,6,0
v3_new3_flat_box_random_01,baseline,flat_box_random,6,6,0
v3_new3_flat_box_random_01,no_extra,flat_box_random,6,6,0
v3_new3_flat_box_random_01,repair,flat_box_random,6,6,0
v3_new3_flat_box_random_02,baseline,flat_box_random,6,6,0
v3_new3_flat_box_random_02,no_extra,flat_box_random,6,6,0
v3_new3_flat_box_random_02,repair,flat_box_random,6,6,0
v3_new3_flat_box_random_03,baseline,flat_box_random,6,6,0
v3_new3_flat_box_random_03,no_extra,flat_box_random,6,6,0
v3_new3_flat_box_random_03,repair,flat_box_random,6,6,0
v3_new3_flat_box_random_04,baseline,flat_box_random,6,6,0
v3_new3_flat_box_random_04,no_extra,flat_box_random,6,6,0
v3_new3_flat_box_random_04,repair,flat_box_random,6,6,0
v3_new3_flat_box_random_05,baseline,flat_box_random,6,6,0
v3_new3_flat_box_random_05,no_extra,flat_box_random,6,6,0
v3_new3_flat_box_random_05,repair,flat_box_random,6,6,0
v3_new3_flat_box_random_06,baseline,flat_box_random,6,6,0
v3_new3_flat_box_random_06,no_extra,flat_box_random,6,6,0
v3_new3_flat_box_random_06,repair,flat_box_random,6,6,0
v3_new3_flat_box_random_07,baseline,flat_box_random,6,6,0
v3_new3_flat_box_random_07,no_extra,flat_box_random,6,6,0
v3_new3_flat_box_random_07,repair,flat_box_random,6,6,0
v3_new3_flat_box_random_08,baseline,flat_box_random,6,6,0
v3_new3_flat_box_random_08,no_extra,flat_box_random,6,6,0
v3_new3_flat_box_random_08,repair,flat_box_random,6,6,0
v3_new3_flat_box_random_09,baseline,flat_box_random,6,6,0
v3_new3_flat_box_random_09,no_extra,flat_box_random,6,6,0
v3_new3_flat_box_random_09,repair,flat_box_random,6,6,0
v3_new3_flat_box_random_10,baseline,flat_box_random,6,6,0
v3_new3_flat_box_random_10,no_extra,flat_box_random,6,6,0
v3_new3_flat_box_random_10,repair,flat_box_random,6,6,0
v3_new3_flat_box_random_11,baseline,flat_box_random,6,6,0
v3_new3_flat_box_random_11,no_extra,flat_box_random,6,6,0
v3_new3_flat_box_random_11,repair,flat_box_random,6,6,0
v3_new3_flat_box_random_12,baseline,flat_box_random,6,6,0
v3_new3_flat_box_random_12,no_extra,flat_box_random,6,6,0
v3_new3_flat_box_random_12,repair,flat_box_random,6,6,0
v3_new3_flat_box_random_13,baseline,flat_box_random,6,6,0
v3_new3_flat_box_random_13,no_extra,flat_box_random,6,6,0
v3_new3_flat_box_random_13,repair,flat_box_random,6,6,0
v3_new3_flat_box_random_14,baseline,flat_box_random,6,6,0
v3_new3_flat_box_random_14,no_extra,flat_box_random,6,6,0
v3_new3_flat_box_random_14,repair,flat_box_random,6,6,0
v3_new3_flat_box_random_15,baseline,flat_box_random,6,6,0
v3_new3_flat_box_random_15,no_extra,flat_box_random,6,6,0
v3_new3_flat_box_random_15,repair,flat_box_random,6,6,0
v3_new3_flat_box_random_16,baseline,flat_box_random,6,6,0
v3_new3_flat_box_random_16,no_extra,flat_box_random,6,6,0
v3_new3_flat_box_random_16,repair,flat_box_random,6,6,0
v3_new3_flat_box_random_17,baseline,flat_box_random,6,6,0
v3_new3_flat_box_random_17,no_extra,flat_box_random,6,6,0
v3_new3_flat_box_random_17,repair,flat_box_random,6,6,0
v3_new3_flat_box_random_18,baseline,flat_box_random,6,6,0
v3_new3_flat_box_random_18,no_extra,flat_box_random,6,6,0
v3_new3_flat_box_random_18,repair,flat_box_random,6,6,0
v3_new3_flat_box_random_19,baseline,flat_box_random,6,6,0
v3_new3_flat_box_random_19,no_extra,flat_box_random,6,6,0
v3_new3_flat_box_random_19,repair,flat_box_random,6,6,0
v3_new3_sphere_random_00,baseline,sphere_random,6,6,0
v3_new3_sphere_random_00,no_extra,sphere_random,6,6,0
v3_new3_sphere_random_00,repair,sphere_random,6,6,0
v3_new3_sphere_random_01,baseline,sphere_random,6,6,0
v3_new3_sphere_random_01,no_extra,sphere_random,6,6,0
v3_new3_sphere_random_01,repair,sphere_random,6,6,0
v3_new3_sphere_random_02,baseline,sphere_random,6,6,0
v3_new3_sphere_random_02,no_extra,sphere_random,6,6,0
v3_new3_sphere_random_02,repair,sphere_random,6,6,0
v3_new3_sphere_random_03,baseline,sphere_random,6,6,0
v3_new3_sphere_random_03,no_extra,sphere_random,6,6,0
v3_new3_sphere_random_03,repair,sphere_random,6,6,0
v3_new3_sphere_random_04,baseline,sphere_random,6,6,0
v3_new3_sphere_random_04,no_extra,sphere_random,6,6,0
v3_new3_sphere_random_04,repair,sphere_random,6,6,0
v3_new3_sphere_random_05,baseline,sphere_random,6,6,0
v3_new3_sphere_random_05,no_extra,sphere_random,6,6,0
v3_new3_sphere_random_05,repair,sphere_random,6,6,0
v3_new3_sphere_random_06,baseline,sphere_random,6,6,0
v3_new3_sphere_random_06,no_extra,sphere_random,6,6,0
v3_new3_sphere_random_06,repair,sphere_random,6,6,0
v3_new3_sphere_random_07,baseline,sphere_random,6,6,0
v3_new3_sphere_random_07,no_extra,sphere_random,6,6,0
v3_new3_sphere_random_07,repair,sphere_random,6,6,0
v3_new3_sphere_random_08,baseline,sphere_random,6,6,0
v3_new3_sphere_random_08,no_extra,sphere_random,6,6,0
v3_new3_sphere_random_08,repair,sphere_random,6,6,0
v3_new3_sphere_random_09,baseline,sphere_random,6,6,0
v3_new3_sphere_random_09,no_extra,sphere_random,6,6,0
v3_new3_sphere_random_09,repair,sphere_random,6,6,0
v3_new3_sphere_random_10,baseline,sphere_random,6,6,0
v3_new3_sphere_random_10,no_extra,sphere_random,6,6,0
v3_new3_sphere_random_10,repair,sphere_random,6,6,0
v3_new3_sphere_random_11,baseline,sphere_random,6,6,0
v3_new3_sphere_random_11,no_extra,sphere_random,6,6,0
v3_new3_sphere_random_11,repair,sphere_random,6,6,0
v3_new3_sphere_random_12,baseline,sphere_random,6,6,0
v3_new3_sphere_random_12,no_extra,sphere_random,6,6,0
v3_new3_sphere_random_12,repair,sphere_random,6,6,0
v3_new3_sphere_random_13,baseline,sphere_random,6,6,0
v3_new3_sphere_random_13,no_extra,sphere_random,6,6,0
v3_new3_sphere_random_13,repair,sphere_random,6,6,0
v3_new3_sphere_random_14,baseline,sphere_random,6,6,0
v3_new3_sphere_random_14,no_extra,sphere_random,6,6,0
v3_new3_sphere_random_14,repair,sphere_random,6,6,0
v3_new3_sphere_random_15,baseline,sphere_random,6,6,0
v3_new3_sphere_random_15,no_extra,sphere_random,6,6,0
v3_new3_sphere_random_15,repair,sphere_random,6,6,0
v3_new3_sphere_random_16,baseline,sphere_random,6,6,0
v3_new3_sphere_random_16,no_extra,sphere_random,6,6,0
v3_new3_sphere_random_16,repair,sphere_random,6,6,0
v3_new3_sphere_random_17,baseline,sphere_random,6,6,0
v3_new3_sphere_random_17,no_extra,sphere_random,6,6,0
v3_new3_sphere_random_17,repair,sphere_random,6,6,0
v3_new3_sphere_random_18,baseline,sphere_random,6,6,0
v3_new3_sphere_random_18,no_extra,sphere_random,6,6,0
v3_new3_sphere_random_18,repair,sphere_random,6,6,0
v3_new3_sphere_random_19,baseline,sphere_random,6,6,0
v3_new3_sphere_random_19,no_extra,sphere_random,6,6,0
v3_new3_sphere_random_19,repair,sphere_random,6,6,0
