job_id,case_id,equivalence_pass,planned_steps,trace_bytes,elapsed_s,cache_hit,error
008da7e74f78f588b3ec,v3_new3_bar_random_10,True,9100,13304530,8.454118800000288,False,
00ab82b10edc360a7497,v3_new2_bar_random_03,True,9100,13148751,7.442123399989214,False,
010a8063861c63b878ee,v3_new1_cube_random_08,True,15200,16446916,16.681151499971747,False,
0303e45357e1cd864171,v3_new1_cube_random_18,True,15500,16661525,9.889693500008434,False,
0405215aa279dc85cb11,v3_new1_cube_random_15,True,15300,16024331,9.71510989998933,False,
055ba35e68e8fa994b1a,v3_new3_cube_random_16,True,15500,15932379,11.36818220000714,False,
0595e356e7747a5f25f2,v3_new3_flat_box_random_12,True,15300,16725333,10.482560099975672,False,
061068bea9418d4b7a89,v3_new2_cube_random_05,True,15200,16462652,9.650072400050703,False,
062c3834bce9b70bbf54,v3_new3_cube_random_15,True,15500,16441070,9.975802399974782,False,
091d76ef1460ec885957,v3_new2_cube_random_08,True,15500,15994556,10.042515499982983,False,
0a0ffcbc8177c656ee66,v3_new2_bar_random_01,True,9100,12901757,6.824403600010555,False,
0a130a89cd7928d063df,v3_new1_cube_random_08,True,15500,16036077,14.61917469999753,False,
0b45ba6d941ca2034a78,v3_new2_bar_random_11,True,9100,13588151,8.045406999997795,False,
0b97b25b77043ad04947,v3_new2_cube_random_12,True,15300,18370376,10.913971899950411,False,
0baa60ea00da6a226cd4,v3_new1_cube_random_15,True,15200,16372513,10.592329900013283,False,
0e21aea6f2d41b66ed7b,v3_new2_bar_random_19,True,9100,13244321,7.388747700024396,False,
0fa0f3e432a60e4c0354,v3_new2_bar_random_03,True,9100,13291855,7.363045899954159,False,
0ff5d4e446e54f7fa81f,v3_new2_bar_random_11,True,9100,13418208,8.111510000017006,False,
123fc595fd196458c13c,v3_new1_bar_random_08,True,9100,13336769,7.741157400014345,False,
15aca29cbc678b952969,v3_new1_cube_random_04,True,15300,19916938,16.790694499970414,False,
19a8dbe677ea8ddd6ce2,v3_new2_bar_random_11,True,9100,13260901,7.122618499968667,False,
1a19afc8b692eca1e794,v3_new2_cube_random_00,True,15300,16160661,9.495115900004748,False,
1b00e67f0eb85d6a0ef7,v3_new1_cube_random_12,True,15300,18206801,11.201767000020482,False,
1e39c8938b5b24fe9da0,v3_new1_cube_random_17,True,15300,16214419,10.760306200012565,False,
1f7c1b3b970c1ff4217f,v3_new1_cube_random_11,True,15200,16453050,13.846563500002958,False,
20225c2f7a40ddef24db,v3_new1_cube_random_15,True,15500,16953238,9.670312499976717,False,
209225234d25292a669e,v3_new2_cube_random_13,True,15200,16498004,9.716520100017078,False,
209b01b25ff9520dadc8,v3_new3_bar_random_05,True,9100,13166997,8.025925700028893,False,
20a66baae3530c22a93a,v3_new1_cube_random_14,True,15500,16627701,11.464982800011057,False,
21f8d90ea02c9ae8069e,v3_new3_bar_random_05,True,9100,13274640,8.325448899995536,False,
22542184062de5808e08,v3_new1_cube_random_14,True,15300,19626293,11.09146820002934,False,
22883faa361099e8d2d5,v3_new3_bar_random_12,True,9100,13131384,8.055794700048864,False,
24af05a83d2b6a8d9a1d,v3_new3_flat_box_random_09,True,15300,20491113,11.096608799998648,False,
292a22ece26fe9c0cc6d,v3_new1_cube_random_05,True,15500,17055125,14.216461499978323,False,
2c83c954f73b940851d9,v3_new3_bar_random_00,True,9100,13169946,8.625845399976242,False,
30f058bc76d41f3f1a96,v3_new3_cube_random_12,True,15300,17216289,10.329471300006844,False,
32d1c8904b361818deb8,v3_new2_cube_random_07,True,15300,18503119,10.530564600019716,False,
33cba35890fe1d900031,v3_new1_cube_random_18,True,15200,16107760,10.169505800004117,False,
33fd0db2cf963265ab5a,v3_new3_flat_box_random_11,True,15500,16998436,11.612383399973623,False,
34eb7993ace16735dc93,v3_new3_cube_random_09,True,15200,16114938,9.447734999994282,False,
3f7e508c014c4872087f,v3_new3_bar_random_12,True,9100,13320246,8.189127299992833,False,
42ca461c12484e2fc753,v3_new2_cube_random_03,True,15300,19638647,10.589200899994466,False,
44dbf6b18159f9dbf0e7,v3_new3_cube_random_05,True,15300,18289771,10.92490350001026,False,
4552f6b2625e3db3bdc5,v3_new3_cube_random_03,True,15300,17706320,10.64864829997532,False,
4a289ff9eddb55a0a1dd,v3_new2_bar_random_02,True,9100,12196674,6.3249764000065625,False,
4a9304a2c28934e1d9a9,v3_new3_flat_box_random_00,True,15300,17443908,9.699433699948713,False,
4b30f1c2e53b89528832,v3_new2_cube_random_00,True,15500,16921833,10.200856200011913,False,
4b65591726570fff2abd,v3_new1_cube_random_11,True,15500,16672362,15.351416599994991,False,
4fee91e90730d6d35404,v3_new3_cube_random_09,True,15500,16372553,10.568867599999066,False,
520e98b2658a37e0e613,v3_new2_cube_random_15,True,15300,17136789,9.487136400013696,False,
536db609af278e38cd01,v3_new2_cube_random_19,True,15500,16352990,9.90394649998052,False,
5397369b9bc4d109f489,v3_new2_cube_random_05,True,15500,16874038,9.673871900013182,False,
549e7ac69ccb84c53677,v3_new3_cube_random_07,True,15500,16892680,10.381855799991172,False,
54cfaa13e80cc022c894,v3_new1_cube_random_04,True,15300,18883106,10.353899499983527,False,
55a09689e681ac581b64,v3_new1_cube_random_17,True,15500,17091164,11.61095539998496,False,
569a4569f9a34a1b2304,v3_new1_cube_random_12,True,15300,17626568,10.696412199991755,False,
56cfbfb1d2b02843015c,v3_new1_flat_box_random_11,True,15300,16925994,8.99352059996454,False,
5767514381fa714d9221,v3_new1_cube_random_14,True,15500,16737995,11.535783600003924,False,
58527797cc7cb61d21a8,v3_new3_cube_random_18,True,15300,18054912,11.576275400002487,False,
5bc0da88127bf28f8c17,v3_new2_cube_random_00,True,15500,17006948,9.921619299973827,False,
5e5189974dd75bfb0b2d,v3_new2_cube_random_12,True,15300,17620962,10.401833400013857,False,
5e920e2c5673f6421ef8,v3_new3_bar_random_12,True,9100,13324923,8.20448309998028,False,
604393cde77f49dd92da,v3_new1_flat_box_random_06,True,15500,21809062,12.166788399976213,False,
641b1fe9ee1de7fd49ec,v3_new2_bar_random_12,True,9100,12894905,7.955361999978777,False,
64c0931a61d2e2b0d3a1,v3_new3_cube_random_19,True,15500,16871622,10.83904769999208,False,
661fd0dd85ee226b4086,v3_new3_cube_random_07,True,15300,16318315,9.486442900029942,False,
66c2f65f9b96319d5e20,v3_new3_cube_random_18,True,15300,18631671,12.254257099993993,False,
68c95a8a956757205748,v3_new2_cube_random_05,True,15500,16897086,9.59717510000337,False,
69120071ddb9fdbeedbf,v3_new1_cube_random_05,True,15300,18063819,15.52889519999735,False,
6b1a08511246b55a6861,v3_new3_cube_random_06,True,15200,16482660,9.779534199973568,False,
6b585bb58cecc7bfa22e,v3_new3_cube_random_12,True,15300,17762449,10.50809170003049,False,
6beead62e671ed559e4a,v3_new3_cube_random_06,True,15300,16222647,9.128633600019384,False,
6d170f875af262320109,v3_new3_cube_random_19,True,15300,19349568,12.235078600002453,False,
6d22d07a22d0d37d04e7,v3_new2_cube_random_11,True,15300,19372537,10.901124400028493,False,
6d9b74e9c82949ee985f,v3_new2_cube_random_08,True,15500,15881267,10.312470800010487,False,
6f41d957b59b51a19670,v3_new3_cube_random_04,True,15500,16342816,10.678028099995572,False,
6f774dcd372c4886d2b2,v3_new3_bar_random_09,True,9100,13281112,8.574724100006279,False,
6faaf823f9dbf0347ec3,v3_new2_cube_random_11,True,15300,17989184,10.400751999986824,False,
706ea8939674ba46fbc4,v3_new3_flat_box_random_06,True,15300,18461344,10.038844100025017,False,
70d289bde58356c602cd,v3_new3_cube_random_08,True,15200,16453976,10.23239109996939,False,
71070f10b48640c41998,v3_new2_bar_random_11,True,9100,12906098,8.078339300001971,False,
7145e6a6c696da941241,v3_new3_cube_random_03,True,15300,17233628,10.199699700053316,False,
71e766638c36de144c11,v3_new3_cube_random_11,True,15300,18134833,10.331071000022348,False,
7496af442905f934d7f6,v3_new3_bar_random_16,True,9100,13288743,7.3647818000172265,False,
751d43d5f3880de7466b,v3_new2_cube_random_02,True,15300,18565420,10.776451799960341,False,
75397c6ea91047fe1ebf,v3_new3_cube_random_19,True,15300,18837164,12.716594700003043,False,
7673b7b0fa3bcdc26aa8,v3_new3_cube_random_04,True,15200,16464833,10.285730300005525,False,
793e2aa8a101a35275a7,v3_new3_bar_random_01,True,9100,13267747,8.036050399998203,False,
7a27eea47543420761dd,v3_new3_flat_box_random_13,True,15300,20267752,12.573807499953546,False,
7a2f31c689958b41ba04,v3_new1_cube_random_07,True,15500,17070319,16.35159350000322,False,
7ba06eba7e9e76fbdeeb,v3_new2_cube_random_19,True,15500,16503723,9.72528280003462,False,
7eb2ba87b0cd0f971698,v3_new1_cube_random_09,True,15200,15857291,12.976236099959351,False,
7ecd3212844b080473f9,v3_new1_bar_random_19,True,9100,13054841,7.760655699996278,False,
81e26afccb2806272337,v3_new3_cube_random_15,True,15300,18695750,11.926578100014012,False,
837dc546915244b56232,v3_new1_cube_random_17,True,15500,17071945,10.944821399985813,False,
87a961b6f3a1ea44bb12,v3_new1_cube_random_03,True,15300,17624785,10.048390699957963,False,
888f893047a6def66d88,v3_new3_bar_random_05,True,9100,13166491,8.042185099970084,False,
8aea585dfb701aec747c,v3_new3_bar_random_12,True,9100,13220277,7.696131800010335,False,
8bd015a8331bd164367d,v3_new2_cube_random_00,True,15500,16950810,9.893781099992339,False,
8cf0412fd620986b62a6,v3_new1_cube_random_07,True,15300,18092392,17.870990699972026,False,
8dda145fca5e10c6a68a,v3_new2_cube_random_03,True,15300,20321876,10.896304900001269,False,
908428fd32c37101ed3c,v3_new1_bar_random_19,True,9100,13401536,8.353523400030099,False,
9191d21ec783aca2121b,v3_new1_cube_random_07,True,15300,17632827,17.820333899988327,False,
9635277a1c60cce2e696,v3_new2_flat_box_random_06,True,15300,19758044,11.860289999982342,False,
97b545d25697cfd2479e,v3_new3_bar_random_00,True,9100,12997021,8.197446699952707,False,
9b3ab65437c1f85ba08b,v3_new2_cube_random_19,True,15200,16389151,9.38564769999357,False,
9cdf377c60dcd79c040c,v3_new1_flat_box_random_09,True,15300,17650167,9.680437100003473,False,
9cee7bbb9b12e7ed7c27,v3_new1_bar_random_19,True,9100,13333755,7.101495599956252,False,
9cf7b6057c421bf1c3ff,v3_new3_cube_random_02,True,15500,16587686,10.714852900011465,False,
9eb023c6b49c36129684,v3_new2_cube_random_17,True,15300,17743961,9.645322699972894,False,
9ecb45b05686ee60ae55,v3_new1_bar_random_08,True,9100,13310562,8.56590420001885,False,
9f554396406df227e5de,v3_new3_bar_random_16,True,9100,13070069,7.237789599981625,False,
a014c69c06ef162298cc,v3_new2_bar_random_03,True,9100,13399468,7.439020200050436,False,
a029a4a79d4c7ec0b9bc,v3_new3_bar_random_02,True,9100,12688834,7.754642199957743,False,
a1d554287902b6723c99,v3_new1_bar_random_07,True,9100,13412162,8.048214600014035,False,
a1f12131b3707d0c43b8,v3_new2_cube_random_03,True,15500,16873459,9.371268399991095,False,
a2b5f163218b423df585,v3_new1_bar_random_08,True,9100,12788013,7.207623699971009,False,
a363c9af16aeceb3d6e0,v3_new2_cube_random_07,True,15300,18879445,10.532475300016813,False,
a63fe3fc175574954038,v3_new1_cube_random_19,True,15300,17706454,10.753154399979394,False,
a7a6295207867128e9e9,v3_new3_cube_random_02,True,15200,16442986,10.278760500019416,False,
a7b2dc8ab980cd87b64d,v3_new2_cube_random_08,True,15200,16546561,9.425074700033292,False,
a8771e00744f3379160e,v3_new3_cube_random_14,True,15300,17869622,11.428721600037534,False,
aafedf4c388f11c8a83e,v3_new3_flat_box_random_11,True,15300,18030729,10.963255300011951,False,
ab43a06d2e52fdf6938f,v3_new2_cube_random_01,True,15500,16296065,9.897623800032306,False,
ab6760804cb48a5f0fe3,v3_new1_bar_random_17,True,9100,12390191,7.109423800022341,False,
af923f013fa44eb4aafc,v3_new1_bar_random_19,True,9100,14138334,7.515528600022662,False,
b199fb7ecc4db7a13bc7,v3_new3_cube_random_06,True,15500,16959481,10.122520700038876,False,
b1fe4dbcbbf9be46b06b,v3_new1_flat_box_random_05,True,15300,17669603,9.59313660004409,False,
b3475d4c2db4c299df74,v3_new3_cube_random_13,True,15300,16613968,9.864927000016905,False,
b413f5e1b655ff0f0e3c,v3_new3_flat_box_random_06,True,15300,19060021,10.560323700017761,False,
b8140768773c71b6bf5c,v3_new1_cube_random_18,True,15300,17702888,11.319758599973284,False,
b860f245271c473265e2,v3_new3_cube_random_08,True,15500,16246373,10.349006399977952,False,
b86e8efcd169088efcce,v3_new3_flat_box_random_18,True,15300,18263629,10.543380999995861,False,
b9a3483009ebaed5e9a9,v3_new3_cube_random_08,True,15500,16111412,10.506527499994263,False,
bf846adb5e57fc29e589,v3_new1_cube_random_14,True,15300,18787344,10.595833899977151,False,
bfe00f78f17d9ba86e67,v3_new3_cube_random_06,True,15500,16976711,10.024024299986195,False,
c1a34d93f79f6e9f9df7,v3_new1_bar_random_07,True,9100,13221610,7.311805900011677,False,
c2ea4925982b4101cda3,v3_new2_bar_random_12,True,9100,12802682,8.303193199972156,False,
c3030c8d601781ed8683,v3_new2_bar_random_13,True,9100,13416565,8.00971940002637,False,
c3325f9c2fcd37c34aa6,v3_new1_cube_random_19,True,15300,19533589,12.606026699999347,False,
c3c94df8504b49015b5f,v3_new1_cube_random_16,True,15500,16901448,11.417736500035971,False,
c442e36582af28860f2e,v3_new1_cube_random_03,True,15300,18349327,10.537443800014444,False,
c5eed1152b8fa25913c7,v3_new3_cube_random_13,True,15200,16715070,9.90682299999753,False,
c75ecb76b39241594a6a,v3_new2_bar_random_19,True,9100,13322658,7.300868199963588,False,
caed6618a2f7b9f7113b,v3_new3_bar_random_18,True,9100,13270975,7.143533600028604,False,
cc26afc8565a710572e9,v3_new3_cube_random_10,True,15300,18256186,10.842639599984977,False,
d00ceaf9e5c0ac674e55,v3_new2_bar_random_13,True,9100,13472692,8.086185000021942,False,
d0480ebec817ae1e80df,v3_new2_cube_random_00,True,15200,15803541,9.227227099996526,False,
d3a18b9d4bd9fb00e8ab,v3_new2_cube_random_09,True,15500,15904905,9.690278300025966,False,
d4326302638cc8f8fd3f,v3_new3_flat_box_random_18,True,15300,18085654,10.5467965999851,False,
d51671a9d7dee86f2940,v3_new3_bar_random_15,True,9100,13228031,7.3760829999810085,False,
d62a4af81130f5c5b5df,v3_new1_cube_random_18,True,15500,16629238,10.291667199984659,False,
d7fb1ec98d44eeeed738,v3_new3_cube_random_05,True,15300,17359000,10.320952799986117,False,
d8dea9ea8bb6c23a66fe,v3_new3_cube_random_01,True,15300,18532162,11.47423529997468,False,
daf45bc5ac15a59d3069,v3_new2_cube_random_09,True,15200,15959637,9.539676199958194,False,
dbc6ac6a2d573159c06a,v3_new3_bar_random_10,True,9100,13094120,8.452413899998646,False,
dc515f3c0936e21c6aa3,v3_new1_cube_random_16,True,15200,16547559,9.118657700018957,False,
dd40f1f1098d092ee5c4,v3_new3_bar_random_05,True,9100,13475681,7.98926709999796,False,
de3c137e9da63c131ea5,v3_new1_cube_random_02,True,15300,19177541,10.255171100026928,False,
dec67b951f182bcc97ce,v3_new1_cube_random_05,True,15300,17655353,15.071912899962626,False,
df4ceef6845acbea6df7,v3_new2_cube_random_02,True,15300,18235212,10.766581300005782,False,
df7f3d0235cf8c6620d6,v3_new1_cube_random_17,True,15200,16544997,11.10464239999419,False,
e2360b2b085dec1062b1,v3_new3_cube_random_07,True,15200,16519742,9.689874799980316,False,
e2b9210c0ecf69a89114,v3_new2_cube_random_15,True,15300,17312405,9.737185099977069,False,
e3243adb62a690238cd3,v3_new3_flat_box_random_18,True,15500,16488777,9.359383600007277,False,
e4080c25564d2b017c79,v3_new3_cube_random_16,True,15200,16318496,11.515690299973357,False,
e4160af481811de4ffcc,v3_new1_flat_box_random_16,True,15300,18490117,10.938167299958877,False,
e492e300cc679d8c30e8,v3_new1_cube_random_15,True,15500,16929181,10.297435800021049,False,
e75fd3e250b2dae3f752,v3_new3_cube_random_15,True,15300,19456806,12.351789299980737,False,
e86ff2a3a7e536779238,v3_new2_flat_box_random_13,True,15300,18802454,11.30255630001193,False,
ed2d800bfd4e32cde049,v3_new1_cube_random_18,True,15300,17310835,11.524125500000082,False,
ee68817537a25a99df8d,v3_new3_bar_random_12,True,9100,12915097,8.105981900007464,False,
f015626683767e5a234e,v3_new3_bar_random_02,True,9100,12608042,7.789475900004618,False,
f6d96eb710fb64f3daac,v3_new2_cube_random_13,True,15500,16846252,10.115681700001005,False,
fd64dc32253fcf3bb0ab,v3_new2_bar_random_13,True,9100,13104209,7.63780389999738,False,
feb0d2cc45bc104c9e6b,v3_new3_cube_random_01,True,15300,18348618,11.178881499974523,False,
ff59f48992c9d06b4398,v3_new3_flat_box_random_17,True,15300,18769495,10.730520299985074,False,
