method,low,high,n,reference_positive,reference_negative,false_accept,false_reject,unknown,coverage,false_accept_rate,false_reject_rate,matrix_reference_prediction
B4,1e-06,0.0001,80,25,55,0,0,0,1.0,0.0,0.0,"{""FAIL_FAIL"": 55, ""FAIL_INDETERMINATE"": 0, ""FAIL_PASS"": 0, ""INDETERMINATE_FAIL"": 0, ""INDETERMINATE_INDETERMINATE"": 0, ""INDETERMINATE_PASS"": 0, ""PASS_FAIL"": 0, ""PASS_INDETERMINATE"": 0, ""PASS_PASS"": 25}"
B4_normal,1e-06,0.0001,80,25,55,0,0,0,1.0,0.0,0.0,"{""FAIL_FAIL"": 55, ""FAIL_INDETERMINATE"": 0, ""FAIL_PASS"": 0, ""INDETERMINATE_FAIL"": 0, ""INDETERMINATE_INDETERMINATE"": 0, ""INDETERMINATE_PASS"": 0, ""PASS_FAIL"": 0, ""PASS_INDETERMINATE"": 0, ""PASS_PASS"": 25}"
B5,1e-06,0.0001,80,25,55,0,0,0,1.0,0.0,0.0,"{""FAIL_FAIL"": 55, ""FAIL_INDETERMINATE"": 0, ""FAIL_PASS"": 0, ""INDETERMINATE_FAIL"": 0, ""INDETERMINATE_INDETERMINATE"": 0, ""INDETERMINATE_PASS"": 0, ""PASS_FAIL"": 0, ""PASS_INDETERMINATE"": 0, ""PASS_PASS"": 25}"
B4,1e-05,0.001,80,25,55,0,0,0,1.0,0.0,0.0,"{""FAIL_FAIL"": 55, ""FAIL_INDETERMINATE"": 0, ""FAIL_PASS"": 0, ""INDETERMINATE_FAIL"": 0, ""INDETERMINATE_INDETERMINATE"": 0, ""INDETERMINATE_PASS"": 0, ""PASS_FAIL"": 0, ""PASS_INDETERMINATE"": 0, ""PASS_PASS"": 25}"
B4_normal,1e-05,0.001,80,25,55,0,0,0,1.0,0.0,0.0,"{""FAIL_FAIL"": 55, ""FAIL_INDETERMINATE"": 0, ""FAIL_PASS"": 0, ""INDETERMINATE_FAIL"": 0, ""INDETERMINATE_INDETERMINATE"": 0, ""INDETERMINATE_PASS"": 0, ""PASS_FAIL"": 0, ""PASS_INDETERMINATE"": 0, ""PASS_PASS"": 25}"
B5,1e-05,0.001,80,25,55,0,0,0,1.0,0.0,0.0,"{""FAIL_FAIL"": 55, ""FAIL_INDETERMINATE"": 0, ""FAIL_PASS"": 0, ""INDETERMINATE_FAIL"": 0, ""INDETERMINATE_INDETERMINATE"": 0, ""INDETERMINATE_PASS"": 0, ""PASS_FAIL"": 0, ""PASS_INDETERMINATE"": 0, ""PASS_PASS"": 25}"
B4,0.0001,0.01,80,25,55,0,0,0,1.0,0.0,0.0,"{""FAIL_FAIL"": 55, ""FAIL_INDETERMINATE"": 0, ""FAIL_PASS"": 0, ""INDETERMINATE_FAIL"": 0, ""INDETERMINATE_INDETERMINATE"": 0, ""INDETERMINATE_PASS"": 0, ""PASS_FAIL"": 0, ""PASS_INDETERMINATE"": 0, ""PASS_PASS"": 25}"
B4_normal,0.0001,0.01,80,25,55,0,0,0,1.0,0.0,0.0,"{""FAIL_FAIL"": 55, ""FAIL_INDETERMINATE"": 0, ""FAIL_PASS"": 0, ""INDETERMINATE_FAIL"": 0, ""INDETERMINATE_INDETERMINATE"": 0, ""INDETERMINATE_PASS"": 0, ""PASS_FAIL"": 0, ""PASS_INDETERMINATE"": 0, ""PASS_PASS"": 25}"
B5,0.0001,0.01,80,25,55,0,0,0,1.0,0.0,0.0,"{""FAIL_FAIL"": 55, ""FAIL_INDETERMINATE"": 0, ""FAIL_PASS"": 0, ""INDETERMINATE_FAIL"": 0, ""INDETERMINATE_INDETERMINATE"": 0, ""INDETERMINATE_PASS"": 0, ""PASS_FAIL"": 0, ""PASS_INDETERMINATE"": 0, ""PASS_PASS"": 25}"
B4,0.001,0.1,80,25,55,0,0,0,1.0,0.0,0.0,"{""FAIL_FAIL"": 55, ""FAIL_INDETERMINATE"": 0, ""FAIL_PASS"": 0, ""INDETERMINATE_FAIL"": 0, ""INDETERMINATE_INDETERMINATE"": 0, ""INDETERMINATE_PASS"": 0, ""PASS_FAIL"": 0, ""PASS_INDETERMINATE"": 0, ""PASS_PASS"": 25}"
B4_normal,0.001,0.1,80,25,55,0,0,0,1.0,0.0,0.0,"{""FAIL_FAIL"": 55, ""FAIL_INDETERMINATE"": 0, ""FAIL_PASS"": 0, ""INDETERMINATE_FAIL"": 0, ""INDETERMINATE_INDETERMINATE"": 0, ""INDETERMINATE_PASS"": 0, ""PASS_FAIL"": 0, ""PASS_INDETERMINATE"": 0, ""PASS_PASS"": 25}"
B5,0.001,0.1,80,25,55,0,0,0,1.0,0.0,0.0,"{""FAIL_FAIL"": 55, ""FAIL_INDETERMINATE"": 0, ""FAIL_PASS"": 0, ""INDETERMINATE_FAIL"": 0, ""INDETERMINATE_INDETERMINATE"": 0, ""INDETERMINATE_PASS"": 0, ""PASS_FAIL"": 0, ""PASS_INDETERMINATE"": 0, ""PASS_PASS"": 25}"
B4,0.01,1.0,80,25,55,0,0,4,0.95,0.0,0.0,"{""FAIL_FAIL"": 51, ""FAIL_INDETERMINATE"": 4, ""FAIL_PASS"": 0, ""INDETERMINATE_FAIL"": 0, ""INDETERMINATE_INDETERMINATE"": 0, ""INDETERMINATE_PASS"": 0, ""PASS_FAIL"": 0, ""PASS_INDETERMINATE"": 0, ""PASS_PASS"": 25}"
B4_normal,0.01,1.0,80,25,55,0,0,5,0.9375,0.0,0.0,"{""FAIL_FAIL"": 50, ""FAIL_INDETERMINATE"": 5, ""FAIL_PASS"": 0, ""INDETERMINATE_FAIL"": 0, ""INDETERMINATE_INDETERMINATE"": 0, ""INDETERMINATE_PASS"": 0, ""PASS_FAIL"": 0, ""PASS_INDETERMINATE"": 0, ""PASS_PASS"": 25}"
B5,0.01,1.0,80,25,55,0,0,4,0.95,0.0,0.0,"{""FAIL_FAIL"": 51, ""FAIL_INDETERMINATE"": 4, ""FAIL_PASS"": 0, ""INDETERMINATE_FAIL"": 0, ""INDETERMINATE_INDETERMINATE"": 0, ""INDETERMINATE_PASS"": 0, ""PASS_FAIL"": 0, ""PASS_INDETERMINATE"": 0, ""PASS_PASS"": 25}"
