method,n,reference_positive,reference_negative,false_accept,false_reject,unknown,coverage,false_accept_rate,false_reject_rate,matrix_reference_prediction
B5,80,25,55,0,0,0,1.0,0.0,0.0,"{""FAIL_FAIL"": 55, ""FAIL_INDETERMINATE"": 0, ""FAIL_PASS"": 0, ""INDETERMINATE_FAIL"": 0, ""INDETERMINATE_INDETERMINATE"": 0, ""INDETERMINATE_PASS"": 0, ""PASS_FAIL"": 0, ""PASS_INDETERMINATE"": 0, ""PASS_PASS"": 25}"
B4,80,25,55,0,0,0,1.0,0.0,0.0,"{""FAIL_FAIL"": 55, ""FAIL_INDETERMINATE"": 0, ""FAIL_PASS"": 0, ""INDETERMINATE_FAIL"": 0, ""INDETERMINATE_INDETERMINATE"": 0, ""INDETERMINATE_PASS"": 0, ""PASS_FAIL"": 0, ""PASS_INDETERMINATE"": 0, ""PASS_PASS"": 25}"
A_no_geometry,80,25,55,0,0,0,1.0,0.0,0.0,"{""FAIL_FAIL"": 55, ""FAIL_INDETERMINATE"": 0, ""FAIL_PASS"": 0, ""INDETERMINATE_FAIL"": 0, ""INDETERMINATE_INDETERMINATE"": 0, ""INDETERMINATE_PASS"": 0, ""PASS_FAIL"": 0, ""PASS_INDETERMINATE"": 0, ""PASS_PASS"": 25}"
A_no_torque,80,25,55,0,0,0,1.0,0.0,0.0,"{""FAIL_FAIL"": 55, ""FAIL_INDETERMINATE"": 0, ""FAIL_PASS"": 0, ""INDETERMINATE_FAIL"": 0, ""INDETERMINATE_INDETERMINATE"": 0, ""INDETERMINATE_PASS"": 0, ""PASS_FAIL"": 0, ""PASS_INDETERMINATE"": 0, ""PASS_PASS"": 25}"
A_binary_unknown_fail,80,25,55,0,0,0,1.0,0.0,0.0,"{""FAIL_FAIL"": 55, ""FAIL_INDETERMINATE"": 0, ""FAIL_PASS"": 0, ""INDETERMINATE_FAIL"": 0, ""INDETERMINATE_INDETERMINATE"": 0, ""INDETERMINATE_PASS"": 0, ""PASS_FAIL"": 0, ""PASS_INDETERMINATE"": 0, ""PASS_PASS"": 25}"
A_accumulated,80,25,55,0,0,0,1.0,0.0,0.0,"{""FAIL_FAIL"": 55, ""FAIL_INDETERMINATE"": 0, ""FAIL_PASS"": 0, ""INDETERMINATE_FAIL"": 0, ""INDETERMINATE_INDETERMINATE"": 0, ""INDETERMINATE_PASS"": 0, ""PASS_FAIL"": 0, ""PASS_INDETERMINATE"": 0, ""PASS_PASS"": 25}"
B0,80,25,55,42,0,0,1.0,0.7636363636363637,0.0,"{""FAIL_FAIL"": 13, ""FAIL_INDETERMINATE"": 0, ""FAIL_PASS"": 42, ""INDETERMINATE_FAIL"": 0, ""INDETERMINATE_INDETERMINATE"": 0, ""INDETERMINATE_PASS"": 0, ""PASS_FAIL"": 0, ""PASS_INDETERMINATE"": 0, ""PASS_PASS"": 25}"
B1,80,25,55,39,0,0,1.0,0.7090909090909091,0.0,"{""FAIL_FAIL"": 16, ""FAIL_INDETERMINATE"": 0, ""FAIL_PASS"": 39, ""INDETERMINATE_FAIL"": 0, ""INDETERMINATE_INDETERMINATE"": 0, ""INDETERMINATE_PASS"": 0, ""PASS_FAIL"": 0, ""PASS_INDETERMINATE"": 0, ""PASS_PASS"": 25}"
B2,80,25,55,0,18,0,1.0,0.0,0.72,"{""FAIL_FAIL"": 55, ""FAIL_INDETERMINATE"": 0, ""FAIL_PASS"": 0, ""INDETERMINATE_FAIL"": 0, ""INDETERMINATE_INDETERMINATE"": 0, ""INDETERMINATE_PASS"": 0, ""PASS_FAIL"": 18, ""PASS_INDETERMINATE"": 0, ""PASS_PASS"": 7}"
B3,80,25,55,0,0,0,1.0,0.0,0.0,"{""FAIL_FAIL"": 55, ""FAIL_INDETERMINATE"": 0, ""FAIL_PASS"": 0, ""INDETERMINATE_FAIL"": 0, ""INDETERMINATE_INDETERMINATE"": 0, ""INDETERMINATE_PASS"": 0, ""PASS_FAIL"": 0, ""PASS_INDETERMINATE"": 0, ""PASS_PASS"": 25}"
B4_normal,80,25,55,0,0,0,1.0,0.0,0.0,"{""FAIL_FAIL"": 55, ""FAIL_INDETERMINATE"": 0, ""FAIL_PASS"": 0, ""INDETERMINATE_FAIL"": 0, ""INDETERMINATE_INDETERMINATE"": 0, ""INDETERMINATE_PASS"": 0, ""PASS_FAIL"": 0, ""PASS_INDETERMINATE"": 0, ""PASS_PASS"": 25}"
